"","Colony","Day","Nest","Bin","PropBrood","Density","Corner"
"1",11,3,"Tube",1,0.0119047619047619,"Low","Y"
"2",11,3,"Tube",2,0.130952380952381,"Low","N"
"3",11,3,"Tube",3,0.110119047619048,"Low","Y"
"4",11,3,"Tube",4,0.172619047619048,"Low","Y"
"5",11,3,"Tube",5,0.157738095238095,"Low","N"
"6",11,3,"Tube",6,0.145833333333333,"Low","Y"
"7",11,3,"Tube",7,0.142857142857143,"Low","Y"
"8",11,3,"Tube",8,0.12797619047619,"Low","N"
"9",11,4,"Tube",1,0.00824175824175824,"Low","Y"
"10",11,4,"Tube",2,0.145604395604396,"Low","N"
"11",11,4,"Tube",3,0.131868131868132,"Low","Y"
"12",11,4,"Tube",4,0.159340659340659,"Low","Y"
"13",11,4,"Tube",5,0.148351648351648,"Low","N"
"14",11,4,"Tube",6,0.153846153846154,"Low","Y"
"15",11,4,"Tube",7,0.142857142857143,"Low","Y"
"16",11,4,"Tube",8,0.10989010989011,"Low","N"
"17",11,5,"Tube",1,0.0101781170483461,"Low","Y"
"18",11,5,"Tube",2,0.139949109414758,"Low","N"
"19",11,5,"Tube",3,0.114503816793893,"Low","Y"
"20",11,5,"Tube",4,0.185750636132316,"Low","Y"
"21",11,5,"Tube",5,0.145038167938931,"Low","N"
"22",11,5,"Tube",6,0.170483460559796,"Low","Y"
"23",11,5,"Tube",7,0.150127226463104,"Low","Y"
"24",11,5,"Tube",8,0.083969465648855,"Low","N"
"25",11,6,"Tube",1,0.00523560209424084,"Low","Y"
"26",11,6,"Tube",2,0.151832460732984,"Low","N"
"27",11,6,"Tube",3,0.128272251308901,"Low","Y"
"28",11,6,"Tube",4,0.219895287958115,"Low","Y"
"29",11,6,"Tube",5,0.149214659685864,"Low","N"
"30",11,6,"Tube",6,0.149214659685864,"Low","Y"
"31",11,6,"Tube",7,0.107329842931937,"Low","Y"
"32",11,6,"Tube",8,0.0890052356020942,"Low","N"
"33",11,7,"Tube",1,0.00258397932816537,"Low","Y"
"34",11,7,"Tube",2,0.188630490956072,"Low","N"
"35",11,7,"Tube",3,0.111111111111111,"Low","Y"
"36",11,7,"Tube",4,0.183462532299742,"Low","Y"
"37",11,7,"Tube",5,0.142118863049096,"Low","N"
"38",11,7,"Tube",6,0.144702842377261,"Low","Y"
"39",11,7,"Tube",7,0.142118863049096,"Low","Y"
"40",11,7,"Tube",8,0.0852713178294574,"Low","N"
"41",11,8,"Tube",1,0.00248138957816377,"Low","Y"
"42",11,8,"Tube",2,0.181141439205955,"Low","N"
"43",11,8,"Tube",3,0.114143920595533,"Low","Y"
"44",11,8,"Tube",4,0.225806451612903,"Low","Y"
"45",11,8,"Tube",5,0.124069478908189,"Low","N"
"46",11,8,"Tube",6,0.146401985111663,"Low","Y"
"47",11,8,"Tube",7,0.121588089330025,"Low","Y"
"48",11,8,"Tube",8,0.0843672456575682,"Low","N"
"49",11,9,"Tube",1,0.00700934579439252,"Low","Y"
"50",11,9,"Tube",2,0.182242990654206,"Low","N"
"51",11,9,"Tube",3,0.10981308411215,"Low","Y"
"52",11,9,"Tube",4,0.186915887850467,"Low","Y"
"53",11,9,"Tube",5,0.128504672897196,"Low","N"
"54",11,9,"Tube",6,0.170560747663551,"Low","Y"
"55",11,9,"Tube",7,0.135514018691589,"Low","Y"
"56",11,9,"Tube",8,0.0794392523364486,"Low","N"
"57",11,11,"Tube",1,0.0115207373271889,"Low","Y"
"58",11,11,"Tube",2,0.168202764976959,"Low","N"
"59",11,11,"Tube",3,0.119815668202765,"Low","Y"
"60",11,11,"Tube",4,0.235023041474654,"Low","Y"
"61",11,11,"Tube",5,0.112903225806452,"Low","N"
"62",11,11,"Tube",6,0.145161290322581,"Low","Y"
"63",11,11,"Tube",7,0.131336405529954,"Low","Y"
"64",11,11,"Tube",8,0.076036866359447,"Low","N"
"65",11,12,"Tube",1,0.0175438596491228,"Low","Y"
"66",11,12,"Tube",2,0.166666666666667,"Low","N"
"67",11,12,"Tube",3,0.12719298245614,"Low","Y"
"68",11,12,"Tube",4,0.258771929824561,"Low","Y"
"69",11,12,"Tube",5,0.118421052631579,"Low","N"
"70",11,12,"Tube",6,0.118421052631579,"Low","Y"
"71",11,12,"Tube",7,0.118421052631579,"Low","Y"
"72",11,12,"Tube",8,0.0745614035087719,"Low","N"
"73",11,13,"Tube",1,0.0154525386313466,"Low","Y"
"74",11,13,"Tube",2,0.185430463576159,"Low","N"
"75",11,13,"Tube",3,0.121412803532009,"Low","Y"
"76",11,13,"Tube",4,0.245033112582781,"Low","Y"
"77",11,13,"Tube",5,0.123620309050773,"Low","N"
"78",11,13,"Tube",6,0.150110375275938,"Low","Y"
"79",11,13,"Tube",7,0.0905077262693157,"Low","Y"
"80",11,13,"Tube",8,0.0684326710816777,"Low","N"
"81",11,3,"Circle",1,0.00746268656716418,"Low","Y"
"82",11,3,"Circle",2,0.0261194029850746,"Low","N"
"83",11,3,"Circle",3,0.082089552238806,"Low","N"
"84",11,3,"Circle",4,0.16044776119403,"Low","N"
"85",11,3,"Circle",5,0.194029850746269,"Low","N"
"86",11,3,"Circle",6,0.194029850746269,"Low","N"
"87",11,3,"Circle",7,0.186567164179104,"Low","N"
"88",11,3,"Circle",8,0.149253731343284,"Low","N"
"89",11,4,"Circle",1,0,"Low","Y"
"90",11,4,"Circle",2,0.0127226463104326,"Low","N"
"91",11,4,"Circle",3,0.0712468193384224,"Low","N"
"92",11,4,"Circle",4,0.089058524173028,"Low","N"
"93",11,4,"Circle",5,0.201017811704835,"Low","N"
"94",11,4,"Circle",6,0.201017811704835,"Low","N"
"95",11,4,"Circle",7,0.216284987277354,"Low","N"
"96",11,4,"Circle",8,0.208651399491094,"Low","N"
"97",11,5,"Circle",1,0,"Low","Y"
"98",11,5,"Circle",2,0.00533333333333333,"Low","N"
"99",11,5,"Circle",3,0.0933333333333333,"Low","N"
"100",11,5,"Circle",4,0.109333333333333,"Low","N"
"101",11,5,"Circle",5,0.205333333333333,"Low","N"
"102",11,5,"Circle",6,0.197333333333333,"Low","N"
"103",11,5,"Circle",7,0.189333333333333,"Low","N"
"104",11,5,"Circle",8,0.2,"Low","N"
"105",11,6,"Circle",1,0,"Low","Y"
"106",11,6,"Circle",2,0.00804289544235925,"Low","N"
"107",11,6,"Circle",3,0.0804289544235925,"Low","N"
"108",11,6,"Circle",4,0.123324396782842,"Low","N"
"109",11,6,"Circle",5,0.198391420911528,"Low","N"
"110",11,6,"Circle",6,0.227882037533512,"Low","N"
"111",11,6,"Circle",7,0.17426273458445,"Low","N"
"112",11,6,"Circle",8,0.187667560321716,"Low","N"
"113",11,8,"Circle",1,0,"Low","Y"
"114",11,8,"Circle",2,0.00581395348837209,"Low","N"
"115",11,8,"Circle",3,0.0465116279069767,"Low","N"
"116",11,8,"Circle",4,0.133720930232558,"Low","N"
"117",11,8,"Circle",5,0.197674418604651,"Low","N"
"118",11,8,"Circle",6,0.218023255813953,"Low","N"
"119",11,8,"Circle",7,0.200581395348837,"Low","N"
"120",11,8,"Circle",8,0.197674418604651,"Low","N"
"121",11,9,"Circle",1,0,"Low","Y"
"122",11,9,"Circle",2,0,"Low","N"
"123",11,9,"Circle",3,0.0316455696202532,"Low","N"
"124",11,9,"Circle",4,0.129746835443038,"Low","N"
"125",11,9,"Circle",5,0.167721518987342,"Low","N"
"126",11,9,"Circle",6,0.259493670886076,"Low","N"
"127",11,9,"Circle",7,0.167721518987342,"Low","N"
"128",11,9,"Circle",8,0.243670886075949,"Low","N"
"129",11,10,"Circle",1,0,"Low","Y"
"130",11,10,"Circle",2,0.00689655172413793,"Low","N"
"131",11,10,"Circle",3,0.0206896551724138,"Low","N"
"132",11,10,"Circle",4,0.141379310344828,"Low","N"
"133",11,10,"Circle",5,0.155172413793103,"Low","N"
"134",11,10,"Circle",6,0.248275862068966,"Low","N"
"135",11,10,"Circle",7,0.179310344827586,"Low","N"
"136",11,10,"Circle",8,0.248275862068966,"Low","N"
"137",11,11,"Circle",1,0,"Low","Y"
"138",11,11,"Circle",2,0.00671140939597315,"Low","N"
"139",11,11,"Circle",3,0.0134228187919463,"Low","N"
"140",11,11,"Circle",4,0.0906040268456376,"Low","N"
"141",11,11,"Circle",5,0.144295302013423,"Low","N"
"142",11,11,"Circle",6,0.348993288590604,"Low","N"
"143",11,11,"Circle",7,0.191275167785235,"Low","N"
"144",11,11,"Circle",8,0.204697986577181,"Low","N"
"145",11,12,"Circle",1,0,"Low","Y"
"146",11,12,"Circle",2,0,"Low","N"
"147",11,12,"Circle",3,0.0226537216828479,"Low","N"
"148",11,12,"Circle",4,0.106796116504854,"Low","N"
"149",11,12,"Circle",5,0.129449838187702,"Low","N"
"150",11,12,"Circle",6,0.294498381877023,"Low","N"
"151",11,12,"Circle",7,0.258899676375405,"Low","N"
"152",11,12,"Circle",8,0.187702265372168,"Low","N"
"153",11,13,"Circle",1,0,"Low","Y"
"154",11,13,"Circle",2,0.00323624595469256,"Low","N"
"155",11,13,"Circle",3,0.00970873786407767,"Low","N"
"156",11,13,"Circle",4,0.0970873786407767,"Low","N"
"157",11,13,"Circle",5,0.142394822006472,"Low","N"
"158",11,13,"Circle",6,0.29126213592233,"Low","N"
"159",11,13,"Circle",7,0.268608414239482,"Low","N"
"160",11,13,"Circle",8,0.187702265372168,"Low","N"
"161",12,3,"Tube",1,0.177083333333333,"Low","Y"
"162",12,3,"Tube",2,0.15625,"Low","N"
"163",12,3,"Tube",3,0.0833333333333333,"Low","Y"
"164",12,3,"Tube",4,0.114583333333333,"Low","Y"
"165",12,3,"Tube",5,0.15625,"Low","N"
"166",12,3,"Tube",6,0.166666666666667,"Low","Y"
"167",12,3,"Tube",7,0.0729166666666667,"Low","Y"
"168",12,3,"Tube",8,0.0729166666666667,"Low","N"
"169",12,5,"Tube",1,0.198019801980198,"Low","Y"
"170",12,5,"Tube",2,0.118811881188119,"Low","N"
"171",12,5,"Tube",3,0.128712871287129,"Low","Y"
"172",12,5,"Tube",4,0.158415841584158,"Low","Y"
"173",12,5,"Tube",5,0.128712871287129,"Low","N"
"174",12,5,"Tube",6,0.0891089108910891,"Low","Y"
"175",12,5,"Tube",7,0.108910891089109,"Low","Y"
"176",12,5,"Tube",8,0.0693069306930693,"Low","N"
"177",12,7,"Tube",1,0,"Low","Y"
"178",12,7,"Tube",2,0.115789473684211,"Low","N"
"179",12,7,"Tube",3,0.242105263157895,"Low","Y"
"180",12,7,"Tube",4,0.221052631578947,"Low","Y"
"181",12,7,"Tube",5,0.0736842105263158,"Low","N"
"182",12,7,"Tube",6,0.0315789473684211,"Low","Y"
"183",12,7,"Tube",7,0.263157894736842,"Low","Y"
"184",12,7,"Tube",8,0.0526315789473684,"Low","N"
"185",12,8,"Tube",1,0.113207547169811,"Low","Y"
"186",12,8,"Tube",2,0.160377358490566,"Low","N"
"187",12,8,"Tube",3,0.160377358490566,"Low","Y"
"188",12,8,"Tube",4,0.0943396226415094,"Low","Y"
"189",12,8,"Tube",5,0.113207547169811,"Low","N"
"190",12,8,"Tube",6,0.132075471698113,"Low","Y"
"191",12,8,"Tube",7,0.179245283018868,"Low","Y"
"192",12,8,"Tube",8,0.0471698113207547,"Low","N"
"193",12,9,"Tube",1,0.0102040816326531,"Low","Y"
"194",12,9,"Tube",2,0,"Low","N"
"195",12,9,"Tube",3,0.0918367346938776,"Low","Y"
"196",12,9,"Tube",4,0.173469387755102,"Low","Y"
"197",12,9,"Tube",5,0.23469387755102,"Low","N"
"198",12,9,"Tube",6,0.26530612244898,"Low","Y"
"199",12,9,"Tube",7,0.163265306122449,"Low","Y"
"200",12,9,"Tube",8,0.0612244897959184,"Low","N"
"201",12,10,"Tube",1,0.087378640776699,"Low","Y"
"202",12,10,"Tube",2,0.145631067961165,"Low","N"
"203",12,10,"Tube",3,0.135922330097087,"Low","Y"
"204",12,10,"Tube",4,0.155339805825243,"Low","Y"
"205",12,10,"Tube",5,0.145631067961165,"Low","N"
"206",12,10,"Tube",6,0.12621359223301,"Low","Y"
"207",12,10,"Tube",7,0.135922330097087,"Low","Y"
"208",12,10,"Tube",8,0.0679611650485437,"Low","N"
"209",12,11,"Tube",1,0,"Low","Y"
"210",12,11,"Tube",2,0,"Low","N"
"211",12,11,"Tube",3,0.112359550561798,"Low","Y"
"212",12,11,"Tube",4,0.112359550561798,"Low","Y"
"213",12,11,"Tube",5,0.224719101123595,"Low","N"
"214",12,11,"Tube",6,0.146067415730337,"Low","Y"
"215",12,11,"Tube",7,0.382022471910112,"Low","Y"
"216",12,11,"Tube",8,0.0224719101123595,"Low","N"
"217",12,12,"Tube",1,0,"Low","Y"
"218",12,12,"Tube",2,0,"Low","N"
"219",12,12,"Tube",3,0.0957446808510638,"Low","Y"
"220",12,12,"Tube",4,0.0851063829787234,"Low","Y"
"221",12,12,"Tube",5,0.308510638297872,"Low","N"
"222",12,12,"Tube",6,0.276595744680851,"Low","Y"
"223",12,12,"Tube",7,0.202127659574468,"Low","Y"
"224",12,12,"Tube",8,0.0319148936170213,"Low","N"
"225",12,13,"Tube",1,0,"Low","Y"
"226",12,13,"Tube",2,0,"Low","N"
"227",12,13,"Tube",3,0.116883116883117,"Low","Y"
"228",12,13,"Tube",4,0.181818181818182,"Low","Y"
"229",12,13,"Tube",5,0.298701298701299,"Low","N"
"230",12,13,"Tube",6,0.142857142857143,"Low","Y"
"231",12,13,"Tube",7,0.181818181818182,"Low","Y"
"232",12,13,"Tube",8,0.0779220779220779,"Low","N"
"233",12,14,"Tube",1,0,"Low","Y"
"234",12,14,"Tube",2,0,"Low","N"
"235",12,14,"Tube",3,0.0952380952380952,"Low","Y"
"236",12,14,"Tube",4,0.297619047619048,"Low","Y"
"237",12,14,"Tube",5,0.107142857142857,"Low","N"
"238",12,14,"Tube",6,0.154761904761905,"Low","Y"
"239",12,14,"Tube",7,0.30952380952381,"Low","Y"
"240",12,14,"Tube",8,0.0357142857142857,"Low","N"
"241",12,1,"Circle",1,0,"Low","Y"
"242",12,1,"Circle",2,0.00568181818181818,"Low","N"
"243",12,1,"Circle",3,0.125,"Low","N"
"244",12,1,"Circle",4,0.113636363636364,"Low","N"
"245",12,1,"Circle",5,0.1875,"Low","N"
"246",12,1,"Circle",6,0.198863636363636,"Low","N"
"247",12,1,"Circle",7,0.198863636363636,"Low","N"
"248",12,1,"Circle",8,0.170454545454545,"Low","N"
"249",12,2,"Circle",1,0,"Low","Y"
"250",12,2,"Circle",2,0.0119760479041916,"Low","N"
"251",12,2,"Circle",3,0.107784431137725,"Low","N"
"252",12,2,"Circle",4,0.173652694610778,"Low","N"
"253",12,2,"Circle",5,0.18562874251497,"Low","N"
"254",12,2,"Circle",6,0.18562874251497,"Low","N"
"255",12,2,"Circle",7,0.18562874251497,"Low","N"
"256",12,2,"Circle",8,0.149700598802395,"Low","N"
"257",12,3,"Circle",1,0.0292397660818713,"Low","Y"
"258",12,3,"Circle",2,0.0584795321637427,"Low","N"
"259",12,3,"Circle",3,0.140350877192982,"Low","N"
"260",12,3,"Circle",4,0.105263157894737,"Low","N"
"261",12,3,"Circle",5,0.169590643274854,"Low","N"
"262",12,3,"Circle",6,0.12280701754386,"Low","N"
"263",12,3,"Circle",7,0.16374269005848,"Low","N"
"264",12,3,"Circle",8,0.210526315789474,"Low","N"
"265",12,4,"Circle",1,0,"Low","Y"
"266",12,4,"Circle",2,0.0113636363636364,"Low","N"
"267",12,4,"Circle",3,0.119318181818182,"Low","N"
"268",12,4,"Circle",4,0.153409090909091,"Low","N"
"269",12,4,"Circle",5,0.130681818181818,"Low","N"
"270",12,4,"Circle",6,0.227272727272727,"Low","N"
"271",12,4,"Circle",7,0.204545454545455,"Low","N"
"272",12,4,"Circle",8,0.153409090909091,"Low","N"
"273",12,6,"Circle",1,0,"Low","Y"
"274",12,6,"Circle",2,0.0121212121212121,"Low","N"
"275",12,6,"Circle",3,0.103030303030303,"Low","N"
"276",12,6,"Circle",4,0.127272727272727,"Low","N"
"277",12,6,"Circle",5,0.16969696969697,"Low","N"
"278",12,6,"Circle",6,0.187878787878788,"Low","N"
"279",12,6,"Circle",7,0.254545454545455,"Low","N"
"280",12,6,"Circle",8,0.145454545454545,"Low","N"
"281",12,8,"Circle",1,0.0062111801242236,"Low","Y"
"282",12,8,"Circle",2,0.0124223602484472,"Low","N"
"283",12,8,"Circle",3,0.105590062111801,"Low","N"
"284",12,8,"Circle",4,0.124223602484472,"Low","N"
"285",12,8,"Circle",5,0.15527950310559,"Low","N"
"286",12,8,"Circle",6,0.161490683229814,"Low","N"
"287",12,8,"Circle",7,0.260869565217391,"Low","N"
"288",12,8,"Circle",8,0.173913043478261,"Low","N"
"289",12,9,"Circle",1,0.00628930817610063,"Low","Y"
"290",12,9,"Circle",2,0.0314465408805031,"Low","N"
"291",12,9,"Circle",3,0.0943396226415094,"Low","N"
"292",12,9,"Circle",4,0.19496855345912,"Low","N"
"293",12,9,"Circle",5,0.188679245283019,"Low","N"
"294",12,9,"Circle",6,0.188679245283019,"Low","N"
"295",12,9,"Circle",7,0.163522012578616,"Low","N"
"296",12,9,"Circle",8,0.132075471698113,"Low","N"
"297",12,10,"Circle",1,0.0127388535031847,"Low","Y"
"298",12,10,"Circle",2,0.0382165605095541,"Low","N"
"299",12,10,"Circle",3,0.101910828025478,"Low","N"
"300",12,10,"Circle",4,0.171974522292994,"Low","N"
"301",12,10,"Circle",5,0.140127388535032,"Low","N"
"302",12,10,"Circle",6,0.159235668789809,"Low","N"
"303",12,10,"Circle",7,0.261146496815287,"Low","N"
"304",12,10,"Circle",8,0.114649681528662,"Low","N"
"305",12,11,"Circle",1,0.00578034682080925,"Low","Y"
"306",12,11,"Circle",2,0.023121387283237,"Low","N"
"307",12,11,"Circle",3,0.127167630057803,"Low","N"
"308",12,11,"Circle",4,0.225433526011561,"Low","N"
"309",12,11,"Circle",5,0.15606936416185,"Low","N"
"310",12,11,"Circle",6,0.121387283236994,"Low","N"
"311",12,11,"Circle",7,0.213872832369942,"Low","N"
"312",12,11,"Circle",8,0.127167630057803,"Low","N"
"313",12,12,"Circle",1,0.00581395348837209,"Low","Y"
"314",12,12,"Circle",2,0.0290697674418605,"Low","N"
"315",12,12,"Circle",3,0.0813953488372093,"Low","N"
"316",12,12,"Circle",4,0.156976744186047,"Low","N"
"317",12,12,"Circle",5,0.180232558139535,"Low","N"
"318",12,12,"Circle",6,0.133720930232558,"Low","N"
"319",12,12,"Circle",7,0.290697674418605,"Low","N"
"320",12,12,"Circle",8,0.122093023255814,"Low","N"
"321",13,3,"Tube",1,0,"Low","Y"
"322",13,3,"Tube",2,0,"Low","N"
"323",13,3,"Tube",3,0.298507462686567,"Low","Y"
"324",13,3,"Tube",4,0.223880597014925,"Low","Y"
"325",13,3,"Tube",5,0.313432835820896,"Low","N"
"326",13,3,"Tube",6,0.164179104477612,"Low","Y"
"327",13,3,"Tube",7,0,"Low","Y"
"328",13,3,"Tube",8,0,"Low","N"
"329",13,4,"Tube",1,0,"Low","Y"
"330",13,4,"Tube",2,0,"Low","N"
"331",13,4,"Tube",3,0.23728813559322,"Low","Y"
"332",13,4,"Tube",4,0.271186440677966,"Low","Y"
"333",13,4,"Tube",5,0.288135593220339,"Low","N"
"334",13,4,"Tube",6,0.203389830508475,"Low","Y"
"335",13,4,"Tube",7,0,"Low","Y"
"336",13,4,"Tube",8,0,"Low","N"
"337",13,7,"Tube",1,0,"Low","Y"
"338",13,7,"Tube",2,0,"Low","N"
"339",13,7,"Tube",3,0.214285714285714,"Low","Y"
"340",13,7,"Tube",4,0.257142857142857,"Low","Y"
"341",13,7,"Tube",5,0.228571428571429,"Low","N"
"342",13,7,"Tube",6,0.271428571428571,"Low","Y"
"343",13,7,"Tube",7,0.0285714285714286,"Low","Y"
"344",13,7,"Tube",8,0,"Low","N"
"345",13,8,"Tube",1,0,"Low","Y"
"346",13,8,"Tube",2,0,"Low","N"
"347",13,8,"Tube",3,0.175438596491228,"Low","Y"
"348",13,8,"Tube",4,0.31578947368421,"Low","Y"
"349",13,8,"Tube",5,0.210526315789474,"Low","N"
"350",13,8,"Tube",6,0.298245614035088,"Low","Y"
"351",13,8,"Tube",7,0,"Low","Y"
"352",13,8,"Tube",8,0,"Low","N"
"353",13,9,"Tube",1,0,"Low","Y"
"354",13,9,"Tube",2,0,"Low","N"
"355",13,9,"Tube",3,0.153846153846154,"Low","Y"
"356",13,9,"Tube",4,0.353846153846154,"Low","Y"
"357",13,9,"Tube",5,0.261538461538462,"Low","N"
"358",13,9,"Tube",6,0.230769230769231,"Low","Y"
"359",13,9,"Tube",7,0,"Low","Y"
"360",13,9,"Tube",8,0,"Low","N"
"361",13,10,"Tube",1,0.0625,"Low","Y"
"362",13,10,"Tube",2,0.03125,"Low","N"
"363",13,10,"Tube",3,0.015625,"Low","Y"
"364",13,10,"Tube",4,0.3125,"Low","Y"
"365",13,10,"Tube",5,0.265625,"Low","N"
"366",13,10,"Tube",6,0.234375,"Low","Y"
"367",13,10,"Tube",7,0.046875,"Low","Y"
"368",13,10,"Tube",8,0.03125,"Low","N"
"369",13,11,"Tube",1,0,"Low","Y"
"370",13,11,"Tube",2,0,"Low","N"
"371",13,11,"Tube",3,0.220338983050847,"Low","Y"
"372",13,11,"Tube",4,0.23728813559322,"Low","Y"
"373",13,11,"Tube",5,0.305084745762712,"Low","N"
"374",13,11,"Tube",6,0.23728813559322,"Low","Y"
"375",13,11,"Tube",7,0,"Low","Y"
"376",13,11,"Tube",8,0,"Low","N"
"377",13,12,"Tube",1,0.0754716981132075,"Low","Y"
"378",13,12,"Tube",2,0.0377358490566038,"Low","N"
"379",13,12,"Tube",3,0.0377358490566038,"Low","Y"
"380",13,12,"Tube",4,0.113207547169811,"Low","Y"
"381",13,12,"Tube",5,0.283018867924528,"Low","N"
"382",13,12,"Tube",6,0.39622641509434,"Low","Y"
"383",13,12,"Tube",7,0.0377358490566038,"Low","Y"
"384",13,12,"Tube",8,0.0188679245283019,"Low","N"
"385",13,13,"Tube",1,0,"Low","Y"
"386",13,13,"Tube",2,0.0169491525423729,"Low","N"
"387",13,13,"Tube",3,0.101694915254237,"Low","Y"
"388",13,13,"Tube",4,0.372881355932203,"Low","Y"
"389",13,13,"Tube",5,0.135593220338983,"Low","N"
"390",13,13,"Tube",6,0.372881355932203,"Low","Y"
"391",13,13,"Tube",7,0,"Low","Y"
"392",13,13,"Tube",8,0,"Low","N"
"393",13,14,"Tube",1,0.04,"Low","Y"
"394",13,14,"Tube",2,0.06,"Low","N"
"395",13,14,"Tube",3,0.02,"Low","Y"
"396",13,14,"Tube",4,0.08,"Low","Y"
"397",13,14,"Tube",5,0.28,"Low","N"
"398",13,14,"Tube",6,0.4,"Low","Y"
"399",13,14,"Tube",7,0.1,"Low","Y"
"400",13,14,"Tube",8,0.02,"Low","N"
"401",13,1,"Circle",1,0,"Low","Y"
"402",13,1,"Circle",2,0.0547945205479452,"Low","N"
"403",13,1,"Circle",3,0.0958904109589041,"Low","N"
"404",13,1,"Circle",4,0.178082191780822,"Low","N"
"405",13,1,"Circle",5,0.205479452054795,"Low","N"
"406",13,1,"Circle",6,0.232876712328767,"Low","N"
"407",13,1,"Circle",7,0.232876712328767,"Low","N"
"408",13,1,"Circle",8,0,"Low","N"
"409",13,2,"Circle",1,0,"Low","Y"
"410",13,2,"Circle",2,0,"Low","N"
"411",13,2,"Circle",3,0.0136986301369863,"Low","N"
"412",13,2,"Circle",4,0.136986301369863,"Low","N"
"413",13,2,"Circle",5,0.315068493150685,"Low","N"
"414",13,2,"Circle",6,0.273972602739726,"Low","N"
"415",13,2,"Circle",7,0.246575342465753,"Low","N"
"416",13,2,"Circle",8,0.0136986301369863,"Low","N"
"417",13,3,"Circle",1,0,"Low","Y"
"418",13,3,"Circle",2,0,"Low","N"
"419",13,3,"Circle",3,0,"Low","N"
"420",13,3,"Circle",4,0.238805970149254,"Low","N"
"421",13,3,"Circle",5,0.223880597014925,"Low","N"
"422",13,3,"Circle",6,0.283582089552239,"Low","N"
"423",13,3,"Circle",7,0.223880597014925,"Low","N"
"424",13,3,"Circle",8,0.0298507462686567,"Low","N"
"425",13,4,"Circle",1,0,"Low","Y"
"426",13,4,"Circle",2,0,"Low","N"
"427",13,4,"Circle",3,0.0555555555555556,"Low","N"
"428",13,4,"Circle",4,0.152777777777778,"Low","N"
"429",13,4,"Circle",5,0.263888888888889,"Low","N"
"430",13,4,"Circle",6,0.208333333333333,"Low","N"
"431",13,4,"Circle",7,0.25,"Low","N"
"432",13,4,"Circle",8,0.0694444444444444,"Low","N"
"433",13,6,"Circle",1,0,"Low","Y"
"434",13,6,"Circle",2,0.0153846153846154,"Low","N"
"435",13,6,"Circle",3,0.0307692307692308,"Low","N"
"436",13,6,"Circle",4,0.169230769230769,"Low","N"
"437",13,6,"Circle",5,0.246153846153846,"Low","N"
"438",13,6,"Circle",6,0.2,"Low","N"
"439",13,6,"Circle",7,0.246153846153846,"Low","N"
"440",13,6,"Circle",8,0.0923076923076923,"Low","N"
"441",13,7,"Circle",1,0,"Low","Y"
"442",13,7,"Circle",2,0,"Low","N"
"443",13,7,"Circle",3,0.0277777777777778,"Low","N"
"444",13,7,"Circle",4,0.180555555555556,"Low","N"
"445",13,7,"Circle",5,0.263888888888889,"Low","N"
"446",13,7,"Circle",6,0.263888888888889,"Low","N"
"447",13,7,"Circle",7,0.180555555555556,"Low","N"
"448",13,7,"Circle",8,0.0833333333333333,"Low","N"
"449",13,8,"Circle",1,0.0606060606060606,"Low","Y"
"450",13,8,"Circle",2,0.0757575757575758,"Low","N"
"451",13,8,"Circle",3,0.0303030303030303,"Low","N"
"452",13,8,"Circle",4,0.106060606060606,"Low","N"
"453",13,8,"Circle",5,0.181818181818182,"Low","N"
"454",13,8,"Circle",6,0.242424242424242,"Low","N"
"455",13,8,"Circle",7,0.227272727272727,"Low","N"
"456",13,8,"Circle",8,0.0757575757575758,"Low","N"
"457",13,10,"Circle",1,0.0333333333333333,"Low","Y"
"458",13,10,"Circle",2,0.0833333333333333,"Low","N"
"459",13,10,"Circle",3,0.0333333333333333,"Low","N"
"460",13,10,"Circle",4,0.0666666666666667,"Low","N"
"461",13,10,"Circle",5,0.133333333333333,"Low","N"
"462",13,10,"Circle",6,0.233333333333333,"Low","N"
"463",13,10,"Circle",7,0.216666666666667,"Low","N"
"464",13,10,"Circle",8,0.2,"Low","N"
"465",13,12,"Circle",1,0.0447761194029851,"Low","Y"
"466",13,12,"Circle",2,0.0149253731343284,"Low","N"
"467",13,12,"Circle",3,0.0298507462686567,"Low","N"
"468",13,12,"Circle",4,0.149253731343284,"Low","N"
"469",13,12,"Circle",5,0.208955223880597,"Low","N"
"470",13,12,"Circle",6,0.26865671641791,"Low","N"
"471",13,12,"Circle",7,0.149253731343284,"Low","N"
"472",13,12,"Circle",8,0.134328358208955,"Low","N"
"473",13,11,"Circle",1,0,"Low","Y"
"474",13,11,"Circle",2,0,"Low","N"
"475",13,11,"Circle",3,0.0147058823529412,"Low","N"
"476",13,11,"Circle",4,0.102941176470588,"Low","N"
"477",13,11,"Circle",5,0.279411764705882,"Low","N"
"478",13,11,"Circle",6,0.205882352941176,"Low","N"
"479",13,11,"Circle",7,0.220588235294118,"Low","N"
"480",13,11,"Circle",8,0.176470588235294,"Low","N"
"481",14,1,"Tube",1,0.0833333333333333,"Low","Y"
"482",14,1,"Tube",2,0.06,"Low","N"
"483",14,1,"Tube",3,0.07,"Low","Y"
"484",14,1,"Tube",4,0.0533333333333333,"Low","Y"
"485",14,1,"Tube",5,0.14,"Low","N"
"486",14,1,"Tube",6,0.296666666666667,"Low","Y"
"487",14,1,"Tube",7,0.22,"Low","Y"
"488",14,1,"Tube",8,0.0766666666666667,"Low","N"
"489",14,2,"Tube",1,0.0622568093385214,"Low","Y"
"490",14,2,"Tube",2,0.0894941634241245,"Low","N"
"491",14,2,"Tube",3,0.0856031128404669,"Low","Y"
"492",14,2,"Tube",4,0.0739299610894942,"Low","Y"
"493",14,2,"Tube",5,0.0778210116731518,"Low","N"
"494",14,2,"Tube",6,0.330739299610895,"Low","Y"
"495",14,2,"Tube",7,0.217898832684825,"Low","Y"
"496",14,2,"Tube",8,0.0622568093385214,"Low","N"
"497",14,3,"Tube",1,0.0827338129496403,"Low","Y"
"498",14,3,"Tube",2,0.0719424460431655,"Low","N"
"499",14,3,"Tube",3,0.0503597122302158,"Low","Y"
"500",14,3,"Tube",4,0.0647482014388489,"Low","Y"
"501",14,3,"Tube",5,0.0935251798561151,"Low","N"
"502",14,3,"Tube",6,0.31294964028777,"Low","Y"
"503",14,3,"Tube",7,0.226618705035971,"Low","Y"
"504",14,3,"Tube",8,0.0971223021582734,"Low","N"
"505",14,4,"Tube",1,0.0656934306569343,"Low","Y"
"506",14,4,"Tube",2,0.0985401459854015,"Low","N"
"507",14,4,"Tube",3,0.0583941605839416,"Low","Y"
"508",14,4,"Tube",4,0.0364963503649635,"Low","Y"
"509",14,4,"Tube",5,0.116788321167883,"Low","N"
"510",14,4,"Tube",6,0.288321167883212,"Low","Y"
"511",14,4,"Tube",7,0.208029197080292,"Low","Y"
"512",14,4,"Tube",8,0.127737226277372,"Low","N"
"513",14,5,"Tube",1,0.0348432055749129,"Low","Y"
"514",14,5,"Tube",2,0.205574912891986,"Low","N"
"515",14,5,"Tube",3,0.0557491289198606,"Low","Y"
"516",14,5,"Tube",4,0.0940766550522648,"Low","Y"
"517",14,5,"Tube",5,0.153310104529617,"Low","N"
"518",14,5,"Tube",6,0.184668989547038,"Low","Y"
"519",14,5,"Tube",7,0.153310104529617,"Low","Y"
"520",14,5,"Tube",8,0.118466898954704,"Low","N"
"521",14,6,"Tube",1,0.111498257839721,"Low","Y"
"522",14,6,"Tube",2,0.0662020905923345,"Low","N"
"523",14,6,"Tube",3,0.0278745644599303,"Low","Y"
"524",14,6,"Tube",4,0.048780487804878,"Low","Y"
"525",14,6,"Tube",5,0.0696864111498258,"Low","N"
"526",14,6,"Tube",6,0.177700348432056,"Low","Y"
"527",14,6,"Tube",7,0.292682926829268,"Low","Y"
"528",14,6,"Tube",8,0.205574912891986,"Low","N"
"529",14,7,"Tube",1,0.118971061093248,"Low","Y"
"530",14,7,"Tube",2,0.0578778135048231,"Low","N"
"531",14,7,"Tube",3,0.0128617363344051,"Low","Y"
"532",14,7,"Tube",4,0.0353697749196141,"Low","Y"
"533",14,7,"Tube",5,0.0836012861736334,"Low","N"
"534",14,7,"Tube",6,0.170418006430868,"Low","Y"
"535",14,7,"Tube",7,0.32475884244373,"Low","Y"
"536",14,7,"Tube",8,0.196141479099678,"Low","N"
"537",14,12,"Tube",1,0.014336917562724,"Low","Y"
"538",14,12,"Tube",2,0.225806451612903,"Low","N"
"539",14,12,"Tube",3,0.043010752688172,"Low","Y"
"540",14,12,"Tube",4,0.0716845878136201,"Low","Y"
"541",14,12,"Tube",5,0.103942652329749,"Low","N"
"542",14,12,"Tube",6,0.146953405017921,"Low","Y"
"543",14,12,"Tube",7,0.293906810035842,"Low","Y"
"544",14,12,"Tube",8,0.100358422939068,"Low","N"
"545",14,13,"Tube",1,0.0304568527918782,"Low","Y"
"546",14,13,"Tube",2,0.284263959390863,"Low","N"
"547",14,13,"Tube",3,0.065989847715736,"Low","Y"
"548",14,13,"Tube",4,0.0456852791878173,"Low","Y"
"549",14,13,"Tube",5,0.131979695431472,"Low","N"
"550",14,13,"Tube",6,0.126903553299492,"Low","Y"
"551",14,13,"Tube",7,0.208121827411168,"Low","Y"
"552",14,13,"Tube",8,0.106598984771574,"Low","N"
"553",14,14,"Tube",1,0.11336032388664,"Low","Y"
"554",14,14,"Tube",2,0.0769230769230769,"Low","N"
"555",14,14,"Tube",3,0.0404858299595142,"Low","Y"
"556",14,14,"Tube",4,0.0607287449392713,"Low","Y"
"557",14,14,"Tube",5,0.097165991902834,"Low","N"
"558",14,14,"Tube",6,0.133603238866397,"Low","Y"
"559",14,14,"Tube",7,0.299595141700405,"Low","Y"
"560",14,14,"Tube",8,0.178137651821862,"Low","N"
"561",14,3,"Circle",1,0.080188679245283,"Low","Y"
"562",14,3,"Circle",2,0.113207547169811,"Low","N"
"563",14,3,"Circle",3,0.108490566037736,"Low","N"
"564",14,3,"Circle",4,0.132075471698113,"Low","N"
"565",14,3,"Circle",5,0.141509433962264,"Low","N"
"566",14,3,"Circle",6,0.14622641509434,"Low","N"
"567",14,3,"Circle",7,0.127358490566038,"Low","N"
"568",14,3,"Circle",8,0.150943396226415,"Low","N"
"569",14,5,"Circle",1,0.116182572614108,"Low","Y"
"570",14,5,"Circle",2,0.107883817427386,"Low","N"
"571",14,5,"Circle",3,0.170124481327801,"Low","N"
"572",14,5,"Circle",4,0.145228215767635,"Low","N"
"573",14,5,"Circle",5,0.128630705394191,"Low","N"
"574",14,5,"Circle",6,0.132780082987552,"Low","N"
"575",14,5,"Circle",7,0.107883817427386,"Low","N"
"576",14,5,"Circle",8,0.0912863070539419,"Low","N"
"577",14,6,"Circle",1,0,"Low","Y"
"578",14,6,"Circle",2,0.00429184549356223,"Low","N"
"579",14,6,"Circle",3,0.0214592274678112,"Low","N"
"580",14,6,"Circle",4,0.167381974248927,"Low","N"
"581",14,6,"Circle",5,0.240343347639485,"Low","N"
"582",14,6,"Circle",6,0.188841201716738,"Low","N"
"583",14,6,"Circle",7,0.317596566523605,"Low","N"
"584",14,6,"Circle",8,0.0600858369098712,"Low","N"
"585",14,7,"Circle",1,0.111587982832618,"Low","Y"
"586",14,7,"Circle",2,0.150214592274678,"Low","N"
"587",14,7,"Circle",3,0.137339055793991,"Low","N"
"588",14,7,"Circle",4,0.133047210300429,"Low","N"
"589",14,7,"Circle",5,0.0686695278969957,"Low","N"
"590",14,7,"Circle",6,0.141630901287554,"Low","N"
"591",14,7,"Circle",7,0.107296137339056,"Low","N"
"592",14,7,"Circle",8,0.150214592274678,"Low","N"
"593",14,8,"Circle",1,0.168141592920354,"Low","Y"
"594",14,8,"Circle",2,0.132743362831858,"Low","N"
"595",14,8,"Circle",3,0.0752212389380531,"Low","N"
"596",14,8,"Circle",4,0.119469026548673,"Low","N"
"597",14,8,"Circle",5,0.110619469026549,"Low","N"
"598",14,8,"Circle",6,0.106194690265487,"Low","N"
"599",14,8,"Circle",7,0.101769911504425,"Low","N"
"600",14,8,"Circle",8,0.185840707964602,"Low","N"
"601",14,9,"Circle",1,0,"Low","Y"
"602",14,9,"Circle",2,0.00568181818181818,"Low","N"
"603",14,9,"Circle",3,0.0454545454545455,"Low","N"
"604",14,9,"Circle",4,0.113636363636364,"Low","N"
"605",14,9,"Circle",5,0.125,"Low","N"
"606",14,9,"Circle",6,0.255681818181818,"Low","N"
"607",14,9,"Circle",7,0.357954545454545,"Low","N"
"608",14,9,"Circle",8,0.0965909090909091,"Low","N"
"609",14,10,"Circle",1,0.141129032258065,"Low","Y"
"610",14,10,"Circle",2,0.125,"Low","N"
"611",14,10,"Circle",3,0.104838709677419,"Low","N"
"612",14,10,"Circle",4,0.104838709677419,"Low","N"
"613",14,10,"Circle",5,0.129032258064516,"Low","N"
"614",14,10,"Circle",6,0.129032258064516,"Low","N"
"615",14,10,"Circle",7,0.125,"Low","N"
"616",14,10,"Circle",8,0.141129032258065,"Low","N"
"617",14,11,"Circle",1,0.0688259109311741,"Low","Y"
"618",14,11,"Circle",2,0.105263157894737,"Low","N"
"619",14,11,"Circle",3,0.117408906882591,"Low","N"
"620",14,11,"Circle",4,0.186234817813765,"Low","N"
"621",14,11,"Circle",5,0.137651821862348,"Low","N"
"622",14,11,"Circle",6,0.145748987854251,"Low","N"
"623",14,11,"Circle",7,0.125506072874494,"Low","N"
"624",14,11,"Circle",8,0.11336032388664,"Low","N"
"625",14,12,"Circle",1,0.171328671328671,"Low","Y"
"626",14,12,"Circle",2,0.118881118881119,"Low","N"
"627",14,12,"Circle",3,0.129370629370629,"Low","N"
"628",14,12,"Circle",4,0.15034965034965,"Low","N"
"629",14,12,"Circle",5,0.125874125874126,"Low","N"
"630",14,12,"Circle",6,0.0839160839160839,"Low","N"
"631",14,12,"Circle",7,0.0944055944055944,"Low","N"
"632",14,12,"Circle",8,0.125874125874126,"Low","N"
"633",14,13,"Circle",1,0.128813559322034,"Low","Y"
"634",14,13,"Circle",2,0.152542372881356,"Low","N"
"635",14,13,"Circle",3,0.0949152542372881,"Low","N"
"636",14,13,"Circle",4,0.105084745762712,"Low","N"
"637",14,13,"Circle",5,0.125423728813559,"Low","N"
"638",14,13,"Circle",6,0.108474576271186,"Low","N"
"639",14,13,"Circle",7,0.108474576271186,"Low","N"
"640",14,13,"Circle",8,0.176271186440678,"Low","N"
"641",15,4,"Tube",1,0.0725806451612903,"Low","Y"
"642",15,4,"Tube",2,0.092741935483871,"Low","N"
"643",15,4,"Tube",3,0.120967741935484,"Low","Y"
"644",15,4,"Tube",4,0.161290322580645,"Low","Y"
"645",15,4,"Tube",5,0.100806451612903,"Low","N"
"646",15,4,"Tube",6,0.153225806451613,"Low","Y"
"647",15,4,"Tube",7,0.225806451612903,"Low","Y"
"648",15,4,"Tube",8,0.0725806451612903,"Low","N"
"649",15,6,"Tube",1,0.0192307692307692,"Low","Y"
"650",15,6,"Tube",2,0.0961538461538462,"Low","N"
"651",15,6,"Tube",3,0.144230769230769,"Low","Y"
"652",15,6,"Tube",4,0.144230769230769,"Low","Y"
"653",15,6,"Tube",5,0.110576923076923,"Low","N"
"654",15,6,"Tube",6,0.1875,"Low","Y"
"655",15,6,"Tube",7,0.254807692307692,"Low","Y"
"656",15,6,"Tube",8,0.0432692307692308,"Low","N"
"657",15,7,"Tube",1,0.0154639175257732,"Low","Y"
"658",15,7,"Tube",2,0.0979381443298969,"Low","N"
"659",15,7,"Tube",3,0.128865979381443,"Low","Y"
"660",15,7,"Tube",4,0.15979381443299,"Low","Y"
"661",15,7,"Tube",5,0.0721649484536082,"Low","N"
"662",15,7,"Tube",6,0.262886597938144,"Low","Y"
"663",15,7,"Tube",7,0.201030927835052,"Low","Y"
"664",15,7,"Tube",8,0.0618556701030928,"Low","N"
"665",15,8,"Tube",1,0.0104166666666667,"Low","Y"
"666",15,8,"Tube",2,0.0885416666666667,"Low","N"
"667",15,8,"Tube",3,0.114583333333333,"Low","Y"
"668",15,8,"Tube",4,0.130208333333333,"Low","Y"
"669",15,8,"Tube",5,0.09375,"Low","N"
"670",15,8,"Tube",6,0.244791666666667,"Low","Y"
"671",15,8,"Tube",7,0.28125,"Low","Y"
"672",15,8,"Tube",8,0.0364583333333333,"Low","N"
"673",15,9,"Tube",1,0.010752688172043,"Low","Y"
"674",15,9,"Tube",2,0.0752688172043011,"Low","N"
"675",15,9,"Tube",3,0.150537634408602,"Low","Y"
"676",15,9,"Tube",4,0.123655913978495,"Low","Y"
"677",15,9,"Tube",5,0.129032258064516,"Low","N"
"678",15,9,"Tube",6,0.279569892473118,"Low","Y"
"679",15,9,"Tube",7,0.209677419354839,"Low","Y"
"680",15,9,"Tube",8,0.021505376344086,"Low","N"
"681",15,10,"Tube",1,0.216981132075472,"Low","Y"
"682",15,10,"Tube",2,0.0943396226415094,"Low","N"
"683",15,10,"Tube",3,0.108490566037736,"Low","Y"
"684",15,10,"Tube",4,0.108490566037736,"Low","Y"
"685",15,10,"Tube",5,0.0943396226415094,"Low","N"
"686",15,10,"Tube",6,0.136792452830189,"Low","Y"
"687",15,10,"Tube",7,0.155660377358491,"Low","Y"
"688",15,10,"Tube",8,0.0849056603773585,"Low","N"
"689",15,11,"Tube",1,0.141414141414141,"Low","Y"
"690",15,11,"Tube",2,0.111111111111111,"Low","N"
"691",15,11,"Tube",3,0.0808080808080808,"Low","Y"
"692",15,11,"Tube",4,0.0808080808080808,"Low","Y"
"693",15,11,"Tube",5,0.141414141414141,"Low","N"
"694",15,11,"Tube",6,0.101010101010101,"Low","Y"
"695",15,11,"Tube",7,0.191919191919192,"Low","Y"
"696",15,11,"Tube",8,0.151515151515152,"Low","N"
"697",15,12,"Tube",1,0,"Low","Y"
"698",15,12,"Tube",2,0,"Low","N"
"699",15,12,"Tube",3,0.00740740740740741,"Low","Y"
"700",15,12,"Tube",4,0.111111111111111,"Low","Y"
"701",15,12,"Tube",5,0.140740740740741,"Low","N"
"702",15,12,"Tube",6,0.422222222222222,"Low","Y"
"703",15,12,"Tube",7,0.251851851851852,"Low","Y"
"704",15,12,"Tube",8,0.0666666666666667,"Low","N"
"705",15,13,"Tube",1,0,"Low","Y"
"706",15,13,"Tube",2,0,"Low","N"
"707",15,13,"Tube",3,0.00684931506849315,"Low","Y"
"708",15,13,"Tube",4,0.136986301369863,"Low","Y"
"709",15,13,"Tube",5,0.171232876712329,"Low","N"
"710",15,13,"Tube",6,0.431506849315068,"Low","Y"
"711",15,13,"Tube",7,0.184931506849315,"Low","Y"
"712",15,13,"Tube",8,0.0684931506849315,"Low","N"
"713",15,14,"Tube",1,0.118721461187215,"Low","Y"
"714",15,14,"Tube",2,0.141552511415525,"Low","N"
"715",15,14,"Tube",3,0.105022831050228,"Low","Y"
"716",15,14,"Tube",4,0.136986301369863,"Low","Y"
"717",15,14,"Tube",5,0.132420091324201,"Low","N"
"718",15,14,"Tube",6,0.118721461187215,"Low","Y"
"719",15,14,"Tube",7,0.155251141552511,"Low","Y"
"720",15,14,"Tube",8,0.091324200913242,"Low","N"
"721",15,1,"Circle",1,0.032934131736527,"Low","Y"
"722",15,1,"Circle",2,0.0718562874251497,"Low","N"
"723",15,1,"Circle",3,0.188622754491018,"Low","N"
"724",15,1,"Circle",4,0.158682634730539,"Low","N"
"725",15,1,"Circle",5,0.188622754491018,"Low","N"
"726",15,1,"Circle",6,0.122754491017964,"Low","N"
"727",15,1,"Circle",7,0.155688622754491,"Low","N"
"728",15,1,"Circle",8,0.0808383233532934,"Low","N"
"729",15,2,"Circle",1,0,"Low","Y"
"730",15,2,"Circle",2,0.00278551532033426,"Low","N"
"731",15,2,"Circle",3,0.144846796657382,"Low","N"
"732",15,2,"Circle",4,0.247910863509749,"Low","N"
"733",15,2,"Circle",5,0.222841225626741,"Low","N"
"734",15,2,"Circle",6,0.136490250696379,"Low","N"
"735",15,2,"Circle",7,0.147632311977716,"Low","N"
"736",15,2,"Circle",8,0.0974930362116992,"Low","N"
"737",15,3,"Circle",1,0.0508982035928144,"Low","Y"
"738",15,3,"Circle",2,0.0778443113772455,"Low","N"
"739",15,3,"Circle",3,0.12874251497006,"Low","N"
"740",15,3,"Circle",4,0.149700598802395,"Low","N"
"741",15,3,"Circle",5,0.18562874251497,"Low","N"
"742",15,3,"Circle",6,0.167664670658683,"Low","N"
"743",15,3,"Circle",7,0.152694610778443,"Low","N"
"744",15,3,"Circle",8,0.0868263473053892,"Low","N"
"745",15,4,"Circle",1,0,"Low","Y"
"746",15,4,"Circle",2,0.048780487804878,"Low","N"
"747",15,4,"Circle",3,0.11890243902439,"Low","N"
"748",15,4,"Circle",4,0.176829268292683,"Low","N"
"749",15,4,"Circle",5,0.201219512195122,"Low","N"
"750",15,4,"Circle",6,0.176829268292683,"Low","N"
"751",15,4,"Circle",7,0.213414634146341,"Low","N"
"752",15,4,"Circle",8,0.0640243902439024,"Low","N"
"753",15,5,"Circle",1,0.064066852367688,"Low","Y"
"754",15,5,"Circle",2,0.122562674094708,"Low","N"
"755",15,5,"Circle",3,0.175487465181058,"Low","N"
"756",15,5,"Circle",4,0.142061281337047,"Low","N"
"757",15,5,"Circle",5,0.136490250696379,"Low","N"
"758",15,5,"Circle",6,0.128133704735376,"Low","N"
"759",15,5,"Circle",7,0.128133704735376,"Low","N"
"760",15,5,"Circle",8,0.103064066852368,"Low","N"
"761",15,6,"Circle",1,0.046242774566474,"Low","Y"
"762",15,6,"Circle",2,0.0809248554913295,"Low","N"
"763",15,6,"Circle",3,0.0809248554913295,"Low","N"
"764",15,6,"Circle",4,0.170520231213873,"Low","N"
"765",15,6,"Circle",5,0.138728323699422,"Low","N"
"766",15,6,"Circle",6,0.184971098265896,"Low","N"
"767",15,6,"Circle",7,0.190751445086705,"Low","N"
"768",15,6,"Circle",8,0.106936416184971,"Low","N"
"769",15,7,"Circle",1,0.0824175824175824,"Low","Y"
"770",15,7,"Circle",2,0.0714285714285714,"Low","N"
"771",15,7,"Circle",3,0.0714285714285714,"Low","N"
"772",15,7,"Circle",4,0.126373626373626,"Low","N"
"773",15,7,"Circle",5,0.181318681318681,"Low","N"
"774",15,7,"Circle",6,0.184065934065934,"Low","N"
"775",15,7,"Circle",7,0.162087912087912,"Low","N"
"776",15,7,"Circle",8,0.120879120879121,"Low","N"
"777",15,12,"Circle",1,0.0028735632183908,"Low","Y"
"778",15,12,"Circle",2,0.117816091954023,"Low","N"
"779",15,12,"Circle",3,0.206896551724138,"Low","N"
"780",15,12,"Circle",4,0.183908045977011,"Low","N"
"781",15,12,"Circle",5,0.140804597701149,"Low","N"
"782",15,12,"Circle",6,0.158045977011494,"Low","N"
"783",15,12,"Circle",7,0.114942528735632,"Low","N"
"784",15,12,"Circle",8,0.0747126436781609,"Low","N"
"785",15,14,"Circle",1,0.0190217391304348,"Low","Y"
"786",15,14,"Circle",2,0.116847826086957,"Low","N"
"787",15,14,"Circle",3,0.195652173913043,"Low","N"
"788",15,14,"Circle",4,0.179347826086957,"Low","N"
"789",15,14,"Circle",5,0.14945652173913,"Low","N"
"790",15,14,"Circle",6,0.14945652173913,"Low","N"
"791",15,14,"Circle",7,0.135869565217391,"Low","N"
"792",15,14,"Circle",8,0.0543478260869565,"Low","N"
"793",15,15,"Circle",1,0.012987012987013,"Low","Y"
"794",15,15,"Circle",2,0.153246753246753,"Low","N"
"795",15,15,"Circle",3,0.197402597402597,"Low","N"
"796",15,15,"Circle",4,0.150649350649351,"Low","N"
"797",15,15,"Circle",5,0.163636363636364,"Low","N"
"798",15,15,"Circle",6,0.132467532467532,"Low","N"
"799",15,15,"Circle",7,0.12987012987013,"Low","N"
"800",15,15,"Circle",8,0.0597402597402597,"Low","N"
"801",16,1,"Tube",1,0.157894736842105,"Low","Y"
"802",16,1,"Tube",2,0,"Low","N"
"803",16,1,"Tube",3,0.0526315789473684,"Low","Y"
"804",16,1,"Tube",4,0.105263157894737,"Low","Y"
"805",16,1,"Tube",5,0.105263157894737,"Low","N"
"806",16,1,"Tube",6,0.368421052631579,"Low","Y"
"807",16,1,"Tube",7,0.157894736842105,"Low","Y"
"808",16,1,"Tube",8,0.0526315789473684,"Low","N"
"809",16,2,"Tube",1,0,"Low","Y"
"810",16,2,"Tube",2,0,"Low","N"
"811",16,2,"Tube",3,0.2,"Low","Y"
"812",16,2,"Tube",4,0.333333333333333,"Low","Y"
"813",16,2,"Tube",5,0.2,"Low","N"
"814",16,2,"Tube",6,0.266666666666667,"Low","Y"
"815",16,2,"Tube",7,0,"Low","Y"
"816",16,2,"Tube",8,0,"Low","N"
"817",16,3,"Tube",1,0,"Low","Y"
"818",16,3,"Tube",2,0,"Low","N"
"819",16,3,"Tube",3,0.214285714285714,"Low","Y"
"820",16,3,"Tube",4,0.285714285714286,"Low","Y"
"821",16,3,"Tube",5,0.142857142857143,"Low","N"
"822",16,3,"Tube",6,0.357142857142857,"Low","Y"
"823",16,3,"Tube",7,0,"Low","Y"
"824",16,3,"Tube",8,0,"Low","N"
"825",16,4,"Tube",1,0,"Low","Y"
"826",16,4,"Tube",2,0,"Low","N"
"827",16,4,"Tube",3,0.25,"Low","Y"
"828",16,4,"Tube",4,0.333333333333333,"Low","Y"
"829",16,4,"Tube",5,0.0833333333333333,"Low","N"
"830",16,4,"Tube",6,0.333333333333333,"Low","Y"
"831",16,4,"Tube",7,0,"Low","Y"
"832",16,4,"Tube",8,0,"Low","N"
"833",16,5,"Tube",1,0,"Low","Y"
"834",16,5,"Tube",2,0,"Low","N"
"835",16,5,"Tube",3,0.181818181818182,"Low","Y"
"836",16,5,"Tube",4,0.363636363636364,"Low","Y"
"837",16,5,"Tube",5,0.0909090909090909,"Low","N"
"838",16,5,"Tube",6,0.363636363636364,"Low","Y"
"839",16,5,"Tube",7,0,"Low","Y"
"840",16,5,"Tube",8,0,"Low","N"
"841",16,6,"Tube",1,0.133333333333333,"Low","Y"
"842",16,6,"Tube",2,0.133333333333333,"Low","N"
"843",16,6,"Tube",3,0.2,"Low","Y"
"844",16,6,"Tube",4,0.133333333333333,"Low","Y"
"845",16,6,"Tube",5,0.0666666666666667,"Low","N"
"846",16,6,"Tube",6,0.133333333333333,"Low","Y"
"847",16,6,"Tube",7,0.133333333333333,"Low","Y"
"848",16,6,"Tube",8,0.0666666666666667,"Low","N"
"849",16,8,"Tube",1,0.0625,"Low","Y"
"850",16,8,"Tube",2,0.125,"Low","N"
"851",16,8,"Tube",3,0.1875,"Low","Y"
"852",16,8,"Tube",4,0.125,"Low","Y"
"853",16,8,"Tube",5,0.125,"Low","N"
"854",16,8,"Tube",6,0.1875,"Low","Y"
"855",16,8,"Tube",7,0.125,"Low","Y"
"856",16,8,"Tube",8,0.0625,"Low","N"
"857",16,9,"Tube",1,0,"Low","Y"
"858",16,9,"Tube",2,0,"Low","N"
"859",16,9,"Tube",3,0,"Low","Y"
"860",16,9,"Tube",4,0.222222222222222,"Low","Y"
"861",16,9,"Tube",5,0.444444444444444,"Low","N"
"862",16,9,"Tube",6,0.333333333333333,"Low","Y"
"863",16,9,"Tube",7,0,"Low","Y"
"864",16,9,"Tube",8,0,"Low","N"
"865",16,13,"Tube",1,0.285714285714286,"Low","Y"
"866",16,13,"Tube",2,0.0714285714285714,"Low","N"
"867",16,13,"Tube",3,0,"Low","Y"
"868",16,13,"Tube",4,0.214285714285714,"Low","Y"
"869",16,13,"Tube",5,0.0714285714285714,"Low","N"
"870",16,13,"Tube",6,0.214285714285714,"Low","Y"
"871",16,13,"Tube",7,0.142857142857143,"Low","Y"
"872",16,13,"Tube",8,0,"Low","N"
"873",16,14,"Tube",1,0.0625,"Low","Y"
"874",16,14,"Tube",2,0.3125,"Low","N"
"875",16,14,"Tube",3,0.125,"Low","Y"
"876",16,14,"Tube",4,0.1875,"Low","Y"
"877",16,14,"Tube",5,0,"Low","N"
"878",16,14,"Tube",6,0.125,"Low","Y"
"879",16,14,"Tube",7,0.0625,"Low","Y"
"880",16,14,"Tube",8,0.125,"Low","N"
"881",16,3,"Circle",1,0,"Low","Y"
"882",16,3,"Circle",2,0,"Low","N"
"883",16,3,"Circle",3,0.0625,"Low","N"
"884",16,3,"Circle",4,0.125,"Low","N"
"885",16,3,"Circle",5,0.15625,"Low","N"
"886",16,3,"Circle",6,0.25,"Low","N"
"887",16,3,"Circle",7,0.28125,"Low","N"
"888",16,3,"Circle",8,0.125,"Low","N"
"889",16,5,"Circle",1,0,"Low","Y"
"890",16,5,"Circle",2,0,"Low","N"
"891",16,5,"Circle",3,0.147058823529412,"Low","N"
"892",16,5,"Circle",4,0.235294117647059,"Low","N"
"893",16,5,"Circle",5,0.117647058823529,"Low","N"
"894",16,5,"Circle",6,0.176470588235294,"Low","N"
"895",16,5,"Circle",7,0.205882352941176,"Low","N"
"896",16,5,"Circle",8,0.117647058823529,"Low","N"
"897",16,6,"Circle",1,0,"Low","Y"
"898",16,6,"Circle",2,0,"Low","N"
"899",16,6,"Circle",3,0.147058823529412,"Low","N"
"900",16,6,"Circle",4,0.0882352941176471,"Low","N"
"901",16,6,"Circle",5,0.323529411764706,"Low","N"
"902",16,6,"Circle",6,0.117647058823529,"Low","N"
"903",16,6,"Circle",7,0.235294117647059,"Low","N"
"904",16,6,"Circle",8,0.0882352941176471,"Low","N"
"905",16,7,"Circle",1,0,"Low","Y"
"906",16,7,"Circle",2,0,"Low","N"
"907",16,7,"Circle",3,0.0714285714285714,"Low","N"
"908",16,7,"Circle",4,0.214285714285714,"Low","N"
"909",16,7,"Circle",5,0.321428571428571,"Low","N"
"910",16,7,"Circle",6,0.214285714285714,"Low","N"
"911",16,7,"Circle",7,0.142857142857143,"Low","N"
"912",16,7,"Circle",8,0.0357142857142857,"Low","N"
"913",16,8,"Circle",1,0.24,"Low","Y"
"914",16,8,"Circle",2,0.08,"Low","N"
"915",16,8,"Circle",3,0.04,"Low","N"
"916",16,8,"Circle",4,0.16,"Low","N"
"917",16,8,"Circle",5,0.08,"Low","N"
"918",16,8,"Circle",6,0.2,"Low","N"
"919",16,8,"Circle",7,0.16,"Low","N"
"920",16,8,"Circle",8,0.04,"Low","N"
"921",16,9,"Circle",1,0,"Low","Y"
"922",16,9,"Circle",2,0.032258064516129,"Low","N"
"923",16,9,"Circle",3,0.0967741935483871,"Low","N"
"924",16,9,"Circle",4,0.032258064516129,"Low","N"
"925",16,9,"Circle",5,0.354838709677419,"Low","N"
"926",16,9,"Circle",6,0.0967741935483871,"Low","N"
"927",16,9,"Circle",7,0.161290322580645,"Low","N"
"928",16,9,"Circle",8,0.225806451612903,"Low","N"
"929",16,10,"Circle",1,0,"Low","Y"
"930",16,10,"Circle",2,0.0869565217391304,"Low","N"
"931",16,10,"Circle",3,0.0869565217391304,"Low","N"
"932",16,10,"Circle",4,0.0434782608695652,"Low","N"
"933",16,10,"Circle",5,0.260869565217391,"Low","N"
"934",16,10,"Circle",6,0.130434782608696,"Low","N"
"935",16,10,"Circle",7,0.260869565217391,"Low","N"
"936",16,10,"Circle",8,0.130434782608696,"Low","N"
"937",16,11,"Circle",1,0,"Low","Y"
"938",16,11,"Circle",2,0.0625,"Low","N"
"939",16,11,"Circle",3,0.03125,"Low","N"
"940",16,11,"Circle",4,0.1875,"Low","N"
"941",16,11,"Circle",5,0.1875,"Low","N"
"942",16,11,"Circle",6,0.25,"Low","N"
"943",16,11,"Circle",7,0.1875,"Low","N"
"944",16,11,"Circle",8,0.09375,"Low","N"
"945",16,12,"Circle",1,0,"Low","Y"
"946",16,12,"Circle",2,0.135135135135135,"Low","N"
"947",16,12,"Circle",3,0.0810810810810811,"Low","N"
"948",16,12,"Circle",4,0.108108108108108,"Low","N"
"949",16,12,"Circle",5,0.162162162162162,"Low","N"
"950",16,12,"Circle",6,0.243243243243243,"Low","N"
"951",16,12,"Circle",7,0.162162162162162,"Low","N"
"952",16,12,"Circle",8,0.108108108108108,"Low","N"
"953",16,13,"Circle",1,0,"Low","Y"
"954",16,13,"Circle",2,0,"Low","N"
"955",16,13,"Circle",3,0.0645161290322581,"Low","N"
"956",16,13,"Circle",4,0.225806451612903,"Low","N"
"957",16,13,"Circle",5,0.290322580645161,"Low","N"
"958",16,13,"Circle",6,0.129032258064516,"Low","N"
"959",16,13,"Circle",7,0.193548387096774,"Low","N"
"960",16,13,"Circle",8,0.0967741935483871,"Low","N"
"961",17,3,"Tube",1,0.234527687296417,"Low","Y"
"962",17,3,"Tube",2,0.400651465798046,"Low","N"
"963",17,3,"Tube",3,0,"Low","Y"
"964",17,3,"Tube",4,0,"Low","Y"
"965",17,3,"Tube",5,0.166123778501629,"Low","N"
"966",17,3,"Tube",6,0.195439739413681,"Low","Y"
"967",17,3,"Tube",7,0.00325732899022801,"Low","Y"
"968",17,3,"Tube",8,0,"Low","N"
"969",17,5,"Tube",1,0.208480565371025,"Low","Y"
"970",17,5,"Tube",2,0.420494699646643,"Low","N"
"971",17,5,"Tube",3,0,"Low","Y"
"972",17,5,"Tube",4,0.0247349823321555,"Low","Y"
"973",17,5,"Tube",5,0.113074204946996,"Low","N"
"974",17,5,"Tube",6,0.15547703180212,"Low","Y"
"975",17,5,"Tube",7,0.0742049469964664,"Low","Y"
"976",17,5,"Tube",8,0.00353356890459364,"Low","N"
"977",17,6,"Tube",1,0.202090592334495,"Low","Y"
"978",17,6,"Tube",2,0.43205574912892,"Low","N"
"979",17,6,"Tube",3,0,"Low","Y"
"980",17,6,"Tube",4,0.024390243902439,"Low","Y"
"981",17,6,"Tube",5,0.118466898954704,"Low","N"
"982",17,6,"Tube",6,0.160278745644599,"Low","Y"
"983",17,6,"Tube",7,0.0627177700348432,"Low","Y"
"984",17,6,"Tube",8,0,"Low","N"
"985",17,7,"Tube",1,0.184668989547038,"Low","Y"
"986",17,7,"Tube",2,0.439024390243902,"Low","N"
"987",17,7,"Tube",3,0,"Low","Y"
"988",17,7,"Tube",4,0.00348432055749129,"Low","Y"
"989",17,7,"Tube",5,0.114982578397213,"Low","N"
"990",17,7,"Tube",6,0.181184668989547,"Low","Y"
"991",17,7,"Tube",7,0.0592334494773519,"Low","Y"
"992",17,7,"Tube",8,0.0174216027874564,"Low","N"
"993",17,8,"Tube",1,0.177083333333333,"Low","Y"
"994",17,8,"Tube",2,0.423611111111111,"Low","N"
"995",17,8,"Tube",3,0,"Low","Y"
"996",17,8,"Tube",4,0.0243055555555556,"Low","Y"
"997",17,8,"Tube",5,0.114583333333333,"Low","N"
"998",17,8,"Tube",6,0.163194444444444,"Low","Y"
"999",17,8,"Tube",7,0.0381944444444444,"Low","Y"
"1000",17,8,"Tube",8,0.0590277777777778,"Low","N"
"1001",17,9,"Tube",1,0.256140350877193,"Low","Y"
"1002",17,9,"Tube",2,0.326315789473684,"Low","N"
"1003",17,9,"Tube",3,0,"Low","Y"
"1004",17,9,"Tube",4,0.0175438596491228,"Low","Y"
"1005",17,9,"Tube",5,0.101754385964912,"Low","N"
"1006",17,9,"Tube",6,0.203508771929825,"Low","Y"
"1007",17,9,"Tube",7,0.0421052631578947,"Low","Y"
"1008",17,9,"Tube",8,0.0526315789473684,"Low","N"
"1009",17,10,"Tube",1,0.194139194139194,"Low","Y"
"1010",17,10,"Tube",2,0.362637362637363,"Low","N"
"1011",17,10,"Tube",3,0,"Low","Y"
"1012",17,10,"Tube",4,0.0256410256410256,"Low","Y"
"1013",17,10,"Tube",5,0.0915750915750916,"Low","N"
"1014",17,10,"Tube",6,0.208791208791209,"Low","Y"
"1015",17,10,"Tube",7,0.0512820512820513,"Low","Y"
"1016",17,10,"Tube",8,0.0659340659340659,"Low","N"
"1017",17,11,"Tube",1,0.130281690140845,"Low","Y"
"1018",17,11,"Tube",2,0.23943661971831,"Low","N"
"1019",17,11,"Tube",3,0,"Low","Y"
"1020",17,11,"Tube",4,0.0528169014084507,"Low","Y"
"1021",17,11,"Tube",5,0.137323943661972,"Low","N"
"1022",17,11,"Tube",6,0.26056338028169,"Low","Y"
"1023",17,11,"Tube",7,0.0915492957746479,"Low","Y"
"1024",17,11,"Tube",8,0.0880281690140845,"Low","N"
"1025",17,12,"Tube",1,0.158490566037736,"Low","Y"
"1026",17,12,"Tube",2,0.407547169811321,"Low","N"
"1027",17,12,"Tube",3,0,"Low","Y"
"1028",17,12,"Tube",4,0.0113207547169811,"Low","Y"
"1029",17,12,"Tube",5,0.109433962264151,"Low","N"
"1030",17,12,"Tube",6,0.184905660377358,"Low","Y"
"1031",17,12,"Tube",7,0.0415094339622641,"Low","Y"
"1032",17,12,"Tube",8,0.0867924528301887,"Low","N"
"1033",17,14,"Tube",1,0.114285714285714,"Low","Y"
"1034",17,14,"Tube",2,0.391836734693878,"Low","N"
"1035",17,14,"Tube",3,0,"Low","Y"
"1036",17,14,"Tube",4,0.00408163265306122,"Low","Y"
"1037",17,14,"Tube",5,0.106122448979592,"Low","N"
"1038",17,14,"Tube",6,0.224489795918367,"Low","Y"
"1039",17,14,"Tube",7,0.073469387755102,"Low","Y"
"1040",17,14,"Tube",8,0.0857142857142857,"Low","N"
"1041",17,1,"Circle",1,0,"Low","Y"
"1042",17,1,"Circle",2,0.00581395348837209,"Low","N"
"1043",17,1,"Circle",3,0.0116279069767442,"Low","N"
"1044",17,1,"Circle",4,0.0581395348837209,"Low","N"
"1045",17,1,"Circle",5,0.11046511627907,"Low","N"
"1046",17,1,"Circle",6,0.191860465116279,"Low","N"
"1047",17,1,"Circle",7,0.348837209302326,"Low","N"
"1048",17,1,"Circle",8,0.273255813953488,"Low","N"
"1049",17,2,"Circle",1,0,"Low","Y"
"1050",17,2,"Circle",2,0,"Low","N"
"1051",17,2,"Circle",3,0.0110497237569061,"Low","N"
"1052",17,2,"Circle",4,0.0718232044198895,"Low","N"
"1053",17,2,"Circle",5,0.138121546961326,"Low","N"
"1054",17,2,"Circle",6,0.160220994475138,"Low","N"
"1055",17,2,"Circle",7,0.353591160220994,"Low","N"
"1056",17,2,"Circle",8,0.265193370165746,"Low","N"
"1057",17,3,"Circle",1,0,"Low","Y"
"1058",17,3,"Circle",2,0.010989010989011,"Low","N"
"1059",17,3,"Circle",3,0.010989010989011,"Low","N"
"1060",17,3,"Circle",4,0.0714285714285714,"Low","N"
"1061",17,3,"Circle",5,0.126373626373626,"Low","N"
"1062",17,3,"Circle",6,0.153846153846154,"Low","N"
"1063",17,3,"Circle",7,0.346153846153846,"Low","N"
"1064",17,3,"Circle",8,0.28021978021978,"Low","N"
"1065",17,4,"Circle",1,0,"Low","Y"
"1066",17,4,"Circle",2,0.0108108108108108,"Low","N"
"1067",17,4,"Circle",3,0.0108108108108108,"Low","N"
"1068",17,4,"Circle",4,0.0810810810810811,"Low","N"
"1069",17,4,"Circle",5,0.140540540540541,"Low","N"
"1070",17,4,"Circle",6,0.156756756756757,"Low","N"
"1071",17,4,"Circle",7,0.291891891891892,"Low","N"
"1072",17,4,"Circle",8,0.308108108108108,"Low","N"
"1073",17,5,"Circle",1,0,"Low","Y"
"1074",17,5,"Circle",2,0,"Low","N"
"1075",17,5,"Circle",3,0.0171428571428571,"Low","N"
"1076",17,5,"Circle",4,0.0742857142857143,"Low","N"
"1077",17,5,"Circle",5,0.131428571428571,"Low","N"
"1078",17,5,"Circle",6,0.222857142857143,"Low","N"
"1079",17,5,"Circle",7,0.24,"Low","N"
"1080",17,5,"Circle",8,0.314285714285714,"Low","N"
"1081",17,7,"Circle",1,0.110344827586207,"Low","Y"
"1082",17,7,"Circle",2,0.124137931034483,"Low","N"
"1083",17,7,"Circle",3,0.16551724137931,"Low","N"
"1084",17,7,"Circle",4,0.110344827586207,"Low","N"
"1085",17,7,"Circle",5,0.0689655172413793,"Low","N"
"1086",17,7,"Circle",6,0.124137931034483,"Low","N"
"1087",17,7,"Circle",7,0.172413793103448,"Low","N"
"1088",17,7,"Circle",8,0.124137931034483,"Low","N"
"1089",17,8,"Circle",1,0,"Low","Y"
"1090",17,8,"Circle",2,0,"Low","N"
"1091",17,8,"Circle",3,0.0122699386503067,"Low","N"
"1092",17,8,"Circle",4,0.0797546012269939,"Low","N"
"1093",17,8,"Circle",5,0.141104294478528,"Low","N"
"1094",17,8,"Circle",6,0.165644171779141,"Low","N"
"1095",17,8,"Circle",7,0.306748466257669,"Low","N"
"1096",17,8,"Circle",8,0.294478527607362,"Low","N"
"1097",17,9,"Circle",1,0.0763888888888889,"Low","Y"
"1098",17,9,"Circle",2,0.145833333333333,"Low","N"
"1099",17,9,"Circle",3,0.118055555555556,"Low","N"
"1100",17,9,"Circle",4,0.180555555555556,"Low","N"
"1101",17,9,"Circle",5,0.0625,"Low","N"
"1102",17,9,"Circle",6,0.125,"Low","N"
"1103",17,9,"Circle",7,0.138888888888889,"Low","N"
"1104",17,9,"Circle",8,0.152777777777778,"Low","N"
"1105",17,12,"Circle",1,0.104895104895105,"Low","Y"
"1106",17,12,"Circle",2,0.104895104895105,"Low","N"
"1107",17,12,"Circle",3,0.146853146853147,"Low","N"
"1108",17,12,"Circle",4,0.13986013986014,"Low","N"
"1109",17,12,"Circle",5,0.118881118881119,"Low","N"
"1110",17,12,"Circle",6,0.132867132867133,"Low","N"
"1111",17,12,"Circle",7,0.125874125874126,"Low","N"
"1112",17,12,"Circle",8,0.125874125874126,"Low","N"
"1113",17,13,"Circle",1,0.089041095890411,"Low","Y"
"1114",17,13,"Circle",2,0.184931506849315,"Low","N"
"1115",17,13,"Circle",3,0.157534246575342,"Low","N"
"1116",17,13,"Circle",4,0.143835616438356,"Low","N"
"1117",17,13,"Circle",5,0.102739726027397,"Low","N"
"1118",17,13,"Circle",6,0.0753424657534247,"Low","N"
"1119",17,13,"Circle",7,0.13013698630137,"Low","N"
"1120",17,13,"Circle",8,0.116438356164384,"Low","N"
"1121",18,3,"Tube",1,0,"Low","Y"
"1122",18,3,"Tube",2,0.0566037735849057,"Low","N"
"1123",18,3,"Tube",3,0.264150943396226,"Low","Y"
"1124",18,3,"Tube",4,0.415094339622642,"Low","Y"
"1125",18,3,"Tube",5,0.264150943396226,"Low","N"
"1126",18,3,"Tube",6,0,"Low","Y"
"1127",18,3,"Tube",7,0,"Low","Y"
"1128",18,3,"Tube",8,0,"Low","N"
"1129",18,5,"Tube",1,0,"Low","Y"
"1130",18,5,"Tube",2,0.117647058823529,"Low","N"
"1131",18,5,"Tube",3,0.0784313725490196,"Low","Y"
"1132",18,5,"Tube",4,0.509803921568627,"Low","Y"
"1133",18,5,"Tube",5,0.274509803921569,"Low","N"
"1134",18,5,"Tube",6,0.0196078431372549,"Low","Y"
"1135",18,5,"Tube",7,0,"Low","Y"
"1136",18,5,"Tube",8,0,"Low","N"
"1137",18,6,"Tube",1,0,"Low","Y"
"1138",18,6,"Tube",2,0.08,"Low","N"
"1139",18,6,"Tube",3,0.16,"Low","Y"
"1140",18,6,"Tube",4,0.6,"Low","Y"
"1141",18,6,"Tube",5,0.16,"Low","N"
"1142",18,6,"Tube",6,0,"Low","Y"
"1143",18,6,"Tube",7,0,"Low","Y"
"1144",18,6,"Tube",8,0,"Low","N"
"1145",18,7,"Tube",1,0,"Low","Y"
"1146",18,7,"Tube",2,0.105263157894737,"Low","N"
"1147",18,7,"Tube",3,0.12280701754386,"Low","Y"
"1148",18,7,"Tube",4,0.526315789473684,"Low","Y"
"1149",18,7,"Tube",5,0.228070175438596,"Low","N"
"1150",18,7,"Tube",6,0.0175438596491228,"Low","Y"
"1151",18,7,"Tube",7,0,"Low","Y"
"1152",18,7,"Tube",8,0,"Low","N"
"1153",18,8,"Tube",1,0,"Low","Y"
"1154",18,8,"Tube",2,0.0645161290322581,"Low","N"
"1155",18,8,"Tube",3,0.193548387096774,"Low","Y"
"1156",18,8,"Tube",4,0.564516129032258,"Low","Y"
"1157",18,8,"Tube",5,0.17741935483871,"Low","N"
"1158",18,8,"Tube",6,0,"Low","Y"
"1159",18,8,"Tube",7,0,"Low","Y"
"1160",18,8,"Tube",8,0,"Low","N"
"1161",18,9,"Tube",1,0,"Low","Y"
"1162",18,9,"Tube",2,0.0754716981132075,"Low","N"
"1163",18,9,"Tube",3,0.132075471698113,"Low","Y"
"1164",18,9,"Tube",4,0.415094339622642,"Low","Y"
"1165",18,9,"Tube",5,0.320754716981132,"Low","N"
"1166",18,9,"Tube",6,0.0566037735849057,"Low","Y"
"1167",18,9,"Tube",7,0,"Low","Y"
"1168",18,9,"Tube",8,0,"Low","N"
"1169",18,10,"Tube",1,0,"Low","Y"
"1170",18,10,"Tube",2,0,"Low","N"
"1171",18,10,"Tube",3,0.192307692307692,"Low","Y"
"1172",18,10,"Tube",4,0.423076923076923,"Low","Y"
"1173",18,10,"Tube",5,0.269230769230769,"Low","N"
"1174",18,10,"Tube",6,0.115384615384615,"Low","Y"
"1175",18,10,"Tube",7,0,"Low","Y"
"1176",18,10,"Tube",8,0,"Low","N"
"1177",18,11,"Tube",1,0,"Low","Y"
"1178",18,11,"Tube",2,0,"Low","N"
"1179",18,11,"Tube",3,0.0689655172413793,"Low","Y"
"1180",18,11,"Tube",4,0.344827586206897,"Low","Y"
"1181",18,11,"Tube",5,0.482758620689655,"Low","N"
"1182",18,11,"Tube",6,0.103448275862069,"Low","Y"
"1183",18,11,"Tube",7,0,"Low","Y"
"1184",18,11,"Tube",8,0,"Low","N"
"1185",18,12,"Tube",1,0,"Low","Y"
"1186",18,12,"Tube",2,0,"Low","N"
"1187",18,12,"Tube",3,0.0526315789473684,"Low","Y"
"1188",18,12,"Tube",4,0.456140350877193,"Low","Y"
"1189",18,12,"Tube",5,0.385964912280702,"Low","N"
"1190",18,12,"Tube",6,0.105263157894737,"Low","Y"
"1191",18,12,"Tube",7,0,"Low","Y"
"1192",18,12,"Tube",8,0,"Low","N"
"1193",18,14,"Tube",1,0,"Low","Y"
"1194",18,14,"Tube",2,0,"Low","N"
"1195",18,14,"Tube",3,0.127272727272727,"Low","Y"
"1196",18,14,"Tube",4,0.327272727272727,"Low","Y"
"1197",18,14,"Tube",5,0.454545454545455,"Low","N"
"1198",18,14,"Tube",6,0.0909090909090909,"Low","Y"
"1199",18,14,"Tube",7,0,"Low","Y"
"1200",18,14,"Tube",8,0,"Low","N"
"1201",18,1,"Circle",1,0,"Low","Y"
"1202",18,1,"Circle",2,0,"Low","N"
"1203",18,1,"Circle",3,0,"Low","N"
"1204",18,1,"Circle",4,0.0149253731343284,"Low","N"
"1205",18,1,"Circle",5,0.0597014925373134,"Low","N"
"1206",18,1,"Circle",6,0.194029850746269,"Low","N"
"1207",18,1,"Circle",7,0.671641791044776,"Low","N"
"1208",18,1,"Circle",8,0.0597014925373134,"Low","N"
"1209",18,2,"Circle",1,0.015625,"Low","Y"
"1210",18,2,"Circle",2,0.015625,"Low","N"
"1211",18,2,"Circle",3,0.109375,"Low","N"
"1212",18,2,"Circle",4,0.078125,"Low","N"
"1213",18,2,"Circle",5,0.09375,"Low","N"
"1214",18,2,"Circle",6,0.28125,"Low","N"
"1215",18,2,"Circle",7,0.328125,"Low","N"
"1216",18,2,"Circle",8,0.078125,"Low","N"
"1217",18,3,"Circle",1,0,"Low","Y"
"1218",18,3,"Circle",2,0,"Low","N"
"1219",18,3,"Circle",3,0,"Low","N"
"1220",18,3,"Circle",4,0.0222222222222222,"Low","N"
"1221",18,3,"Circle",5,0.133333333333333,"Low","N"
"1222",18,3,"Circle",6,0.422222222222222,"Low","N"
"1223",18,3,"Circle",7,0.4,"Low","N"
"1224",18,3,"Circle",8,0.0222222222222222,"Low","N"
"1225",18,4,"Circle",1,0.0508474576271186,"Low","Y"
"1226",18,4,"Circle",2,0.0508474576271186,"Low","N"
"1227",18,4,"Circle",3,0.101694915254237,"Low","N"
"1228",18,4,"Circle",4,0.101694915254237,"Low","N"
"1229",18,4,"Circle",5,0.135593220338983,"Low","N"
"1230",18,4,"Circle",6,0.152542372881356,"Low","N"
"1231",18,4,"Circle",7,0.288135593220339,"Low","N"
"1232",18,4,"Circle",8,0.11864406779661,"Low","N"
"1233",18,5,"Circle",1,0,"Low","Y"
"1234",18,5,"Circle",2,0,"Low","N"
"1235",18,5,"Circle",3,0,"Low","N"
"1236",18,5,"Circle",4,0.0178571428571429,"Low","N"
"1237",18,5,"Circle",5,0.125,"Low","N"
"1238",18,5,"Circle",6,0.392857142857143,"Low","N"
"1239",18,5,"Circle",7,0.428571428571429,"Low","N"
"1240",18,5,"Circle",8,0.0357142857142857,"Low","N"
"1241",18,7,"Circle",1,0.0444444444444444,"Low","Y"
"1242",18,7,"Circle",2,0.222222222222222,"Low","N"
"1243",18,7,"Circle",3,0.177777777777778,"Low","N"
"1244",18,7,"Circle",4,0.111111111111111,"Low","N"
"1245",18,7,"Circle",5,0.111111111111111,"Low","N"
"1246",18,7,"Circle",6,0.111111111111111,"Low","N"
"1247",18,7,"Circle",7,0.0888888888888889,"Low","N"
"1248",18,7,"Circle",8,0.133333333333333,"Low","N"
"1249",18,9,"Circle",1,0.0980392156862745,"Low","Y"
"1250",18,9,"Circle",2,0.0196078431372549,"Low","N"
"1251",18,9,"Circle",3,0.117647058823529,"Low","N"
"1252",18,9,"Circle",4,0.137254901960784,"Low","N"
"1253",18,9,"Circle",5,0.137254901960784,"Low","N"
"1254",18,9,"Circle",6,0.176470588235294,"Low","N"
"1255",18,9,"Circle",7,0.254901960784314,"Low","N"
"1256",18,9,"Circle",8,0.0588235294117647,"Low","N"
"1257",18,12,"Circle",1,0.0625,"Low","Y"
"1258",18,12,"Circle",2,0.125,"Low","N"
"1259",18,12,"Circle",3,0.104166666666667,"Low","N"
"1260",18,12,"Circle",4,0.166666666666667,"Low","N"
"1261",18,12,"Circle",5,0.208333333333333,"Low","N"
"1262",18,12,"Circle",6,0.104166666666667,"Low","N"
"1263",18,12,"Circle",7,0.125,"Low","N"
"1264",18,12,"Circle",8,0.104166666666667,"Low","N"
"1265",18,13,"Circle",1,0.0869565217391304,"Low","Y"
"1266",18,13,"Circle",2,0.0869565217391304,"Low","N"
"1267",18,13,"Circle",3,0.108695652173913,"Low","N"
"1268",18,13,"Circle",4,0.173913043478261,"Low","N"
"1269",18,13,"Circle",5,0.152173913043478,"Low","N"
"1270",18,13,"Circle",6,0.152173913043478,"Low","N"
"1271",18,13,"Circle",7,0.130434782608696,"Low","N"
"1272",18,13,"Circle",8,0.108695652173913,"Low","N"
"1273",18,14,"Circle",1,0,"Low","Y"
"1274",18,14,"Circle",2,0,"Low","N"
"1275",18,14,"Circle",3,0,"Low","N"
"1276",18,14,"Circle",4,0.03125,"Low","N"
"1277",18,14,"Circle",5,0.0625,"Low","N"
"1278",18,14,"Circle",6,0.59375,"Low","N"
"1279",18,14,"Circle",7,0.28125,"Low","N"
"1280",18,14,"Circle",8,0.03125,"Low","N"
"1281",19,3,"Tube",1,0.0808080808080808,"Low","Y"
"1282",19,3,"Tube",2,0.0808080808080808,"Low","N"
"1283",19,3,"Tube",3,0.252525252525253,"Low","Y"
"1284",19,3,"Tube",4,0.388888888888889,"Low","Y"
"1285",19,3,"Tube",5,0.156565656565657,"Low","N"
"1286",19,3,"Tube",6,0.0353535353535354,"Low","Y"
"1287",19,3,"Tube",7,0.00505050505050505,"Low","Y"
"1288",19,3,"Tube",8,0,"Low","N"
"1289",19,4,"Tube",1,0.135678391959799,"Low","Y"
"1290",19,4,"Tube",2,0.241206030150754,"Low","N"
"1291",19,4,"Tube",3,0.21105527638191,"Low","Y"
"1292",19,4,"Tube",4,0.311557788944724,"Low","Y"
"1293",19,4,"Tube",5,0.085427135678392,"Low","N"
"1294",19,4,"Tube",6,0.0150753768844221,"Low","Y"
"1295",19,4,"Tube",7,0,"Low","Y"
"1296",19,4,"Tube",8,0,"Low","N"
"1297",19,5,"Tube",1,0.14375,"Low","Y"
"1298",19,5,"Tube",2,0.2,"Low","N"
"1299",19,5,"Tube",3,0.21875,"Low","Y"
"1300",19,5,"Tube",4,0.26875,"Low","Y"
"1301",19,5,"Tube",5,0.16875,"Low","N"
"1302",19,5,"Tube",6,0,"Low","Y"
"1303",19,5,"Tube",7,0,"Low","Y"
"1304",19,5,"Tube",8,0,"Low","N"
"1305",19,6,"Tube",1,0.08125,"Low","Y"
"1306",19,6,"Tube",2,0.25,"Low","N"
"1307",19,6,"Tube",3,0.18125,"Low","Y"
"1308",19,6,"Tube",4,0.2875,"Low","Y"
"1309",19,6,"Tube",5,0.1875,"Low","N"
"1310",19,6,"Tube",6,0.00625,"Low","Y"
"1311",19,6,"Tube",7,0.00625,"Low","Y"
"1312",19,6,"Tube",8,0,"Low","N"
"1313",19,8,"Tube",1,0,"Low","Y"
"1314",19,8,"Tube",2,0.226890756302521,"Low","N"
"1315",19,8,"Tube",3,0.218487394957983,"Low","Y"
"1316",19,8,"Tube",4,0.277310924369748,"Low","Y"
"1317",19,8,"Tube",5,0.26890756302521,"Low","N"
"1318",19,8,"Tube",6,0.00840336134453781,"Low","Y"
"1319",19,8,"Tube",7,0,"Low","Y"
"1320",19,8,"Tube",8,0,"Low","N"
"1321",19,9,"Tube",1,0.075,"Low","Y"
"1322",19,9,"Tube",2,0.183333333333333,"Low","N"
"1323",19,9,"Tube",3,0.233333333333333,"Low","Y"
"1324",19,9,"Tube",4,0.3,"Low","Y"
"1325",19,9,"Tube",5,0.2,"Low","N"
"1326",19,9,"Tube",6,0.00833333333333333,"Low","Y"
"1327",19,9,"Tube",7,0,"Low","Y"
"1328",19,9,"Tube",8,0,"Low","N"
"1329",19,10,"Tube",1,0.148514851485149,"Low","Y"
"1330",19,10,"Tube",2,0.0594059405940594,"Low","N"
"1331",19,10,"Tube",3,0.099009900990099,"Low","Y"
"1332",19,10,"Tube",4,0.267326732673267,"Low","Y"
"1333",19,10,"Tube",5,0.267326732673267,"Low","N"
"1334",19,10,"Tube",6,0.138613861386139,"Low","Y"
"1335",19,10,"Tube",7,0.0198019801980198,"Low","Y"
"1336",19,10,"Tube",8,0,"Low","N"
"1337",19,12,"Tube",1,0.0721649484536082,"Low","Y"
"1338",19,12,"Tube",2,0.22680412371134,"Low","N"
"1339",19,12,"Tube",3,0.154639175257732,"Low","Y"
"1340",19,12,"Tube",4,0.309278350515464,"Low","Y"
"1341",19,12,"Tube",5,0.22680412371134,"Low","N"
"1342",19,12,"Tube",6,0.0103092783505155,"Low","Y"
"1343",19,12,"Tube",7,0,"Low","Y"
"1344",19,12,"Tube",8,0,"Low","N"
"1345",19,13,"Tube",1,0,"Low","Y"
"1346",19,13,"Tube",2,0.159090909090909,"Low","N"
"1347",19,13,"Tube",3,0.227272727272727,"Low","Y"
"1348",19,13,"Tube",4,0.431818181818182,"Low","Y"
"1349",19,13,"Tube",5,0.170454545454545,"Low","N"
"1350",19,13,"Tube",6,0.0113636363636364,"Low","Y"
"1351",19,13,"Tube",7,0,"Low","Y"
"1352",19,13,"Tube",8,0,"Low","N"
"1353",19,14,"Tube",1,0.147058823529412,"Low","Y"
"1354",19,14,"Tube",2,0.220588235294118,"Low","N"
"1355",19,14,"Tube",3,0.147058823529412,"Low","Y"
"1356",19,14,"Tube",4,0.132352941176471,"Low","Y"
"1357",19,14,"Tube",5,0.161764705882353,"Low","N"
"1358",19,14,"Tube",6,0.191176470588235,"Low","Y"
"1359",19,14,"Tube",7,0,"Low","Y"
"1360",19,14,"Tube",8,0,"Low","N"
"1361",19,2,"Circle",1,0.227272727272727,"Low","Y"
"1362",19,2,"Circle",2,0.113636363636364,"Low","N"
"1363",19,2,"Circle",3,0.181818181818182,"Low","N"
"1364",19,2,"Circle",4,0.113636363636364,"Low","N"
"1365",19,2,"Circle",5,0.136363636363636,"Low","N"
"1366",19,2,"Circle",6,0.0909090909090909,"Low","N"
"1367",19,2,"Circle",7,0.0909090909090909,"Low","N"
"1368",19,2,"Circle",8,0.0454545454545455,"Low","N"
"1369",19,4,"Circle",1,0,"Low","Y"
"1370",19,4,"Circle",2,0,"Low","N"
"1371",19,4,"Circle",3,0.0476190476190476,"Low","N"
"1372",19,4,"Circle",4,0.0989010989010989,"Low","N"
"1373",19,4,"Circle",5,0.197802197802198,"Low","N"
"1374",19,4,"Circle",6,0.322344322344322,"Low","N"
"1375",19,4,"Circle",7,0.3003663003663,"Low","N"
"1376",19,4,"Circle",8,0.032967032967033,"Low","N"
"1377",19,5,"Circle",1,0,"Low","Y"
"1378",19,5,"Circle",2,0,"Low","N"
"1379",19,5,"Circle",3,0.00952380952380952,"Low","N"
"1380",19,5,"Circle",4,0.123809523809524,"Low","N"
"1381",19,5,"Circle",5,0.187301587301587,"Low","N"
"1382",19,5,"Circle",6,0.295238095238095,"Low","N"
"1383",19,5,"Circle",7,0.323809523809524,"Low","N"
"1384",19,5,"Circle",8,0.0603174603174603,"Low","N"
"1385",19,6,"Circle",1,0.0282131661442006,"Low","Y"
"1386",19,6,"Circle",2,0.0313479623824451,"Low","N"
"1387",19,6,"Circle",3,0.0313479623824451,"Low","N"
"1388",19,6,"Circle",4,0.0282131661442006,"Low","N"
"1389",19,6,"Circle",5,0.210031347962382,"Low","N"
"1390",19,6,"Circle",6,0.316614420062696,"Low","N"
"1391",19,6,"Circle",7,0.272727272727273,"Low","N"
"1392",19,6,"Circle",8,0.0815047021943574,"Low","N"
"1393",19,7,"Circle",1,0,"Low","Y"
"1394",19,7,"Circle",2,0,"Low","N"
"1395",19,7,"Circle",3,0.0347003154574132,"Low","N"
"1396",19,7,"Circle",4,0.138801261829653,"Low","N"
"1397",19,7,"Circle",5,0.201892744479495,"Low","N"
"1398",19,7,"Circle",6,0.26813880126183,"Low","N"
"1399",19,7,"Circle",7,0.280757097791798,"Low","N"
"1400",19,7,"Circle",8,0.0757097791798107,"Low","N"
"1401",19,8,"Circle",1,0,"Low","Y"
"1402",19,8,"Circle",2,0,"Low","N"
"1403",19,8,"Circle",3,0.0195439739413681,"Low","N"
"1404",19,8,"Circle",4,0.136807817589577,"Low","N"
"1405",19,8,"Circle",5,0.169381107491857,"Low","N"
"1406",19,8,"Circle",6,0.296416938110749,"Low","N"
"1407",19,8,"Circle",7,0.315960912052117,"Low","N"
"1408",19,8,"Circle",8,0.0618892508143322,"Low","N"
"1409",19,10,"Circle",1,0,"Low","Y"
"1410",19,10,"Circle",2,0,"Low","N"
"1411",19,10,"Circle",3,0.0072463768115942,"Low","N"
"1412",19,10,"Circle",4,0.108695652173913,"Low","N"
"1413",19,10,"Circle",5,0.155797101449275,"Low","N"
"1414",19,10,"Circle",6,0.340579710144928,"Low","N"
"1415",19,10,"Circle",7,0.304347826086957,"Low","N"
"1416",19,10,"Circle",8,0.0833333333333333,"Low","N"
"1417",19,11,"Circle",1,0,"Low","Y"
"1418",19,11,"Circle",2,0,"Low","N"
"1419",19,11,"Circle",3,0.0151515151515152,"Low","N"
"1420",19,11,"Circle",4,0.121212121212121,"Low","N"
"1421",19,11,"Circle",5,0.148484848484848,"Low","N"
"1422",19,11,"Circle",6,0.336363636363636,"Low","N"
"1423",19,11,"Circle",7,0.266666666666667,"Low","N"
"1424",19,11,"Circle",8,0.112121212121212,"Low","N"
"1425",19,13,"Circle",1,0,"Low","Y"
"1426",19,13,"Circle",2,0,"Low","N"
"1427",19,13,"Circle",3,0.011070110701107,"Low","N"
"1428",19,13,"Circle",4,0.14760147601476,"Low","N"
"1429",19,13,"Circle",5,0.151291512915129,"Low","N"
"1430",19,13,"Circle",6,0.372693726937269,"Low","N"
"1431",19,13,"Circle",7,0.239852398523985,"Low","N"
"1432",19,13,"Circle",8,0.0774907749077491,"Low","N"
"1433",19,14,"Circle",1,0,"Low","Y"
"1434",19,14,"Circle",2,0,"Low","N"
"1435",19,14,"Circle",3,0.00714285714285714,"Low","N"
"1436",19,14,"Circle",4,0.164285714285714,"Low","N"
"1437",19,14,"Circle",5,0.178571428571429,"Low","N"
"1438",19,14,"Circle",6,0.314285714285714,"Low","N"
"1439",19,14,"Circle",7,0.225,"Low","N"
"1440",19,14,"Circle",8,0.110714285714286,"Low","N"
"1441",20,1,"Tube",1,0.0540540540540541,"Low","Y"
"1442",20,1,"Tube",2,0.522522522522523,"Low","N"
"1443",20,1,"Tube",3,0.288288288288288,"Low","Y"
"1444",20,1,"Tube",4,0,"Low","Y"
"1445",20,1,"Tube",5,0.117117117117117,"Low","N"
"1446",20,1,"Tube",6,0.018018018018018,"Low","Y"
"1447",20,1,"Tube",7,0,"Low","Y"
"1448",20,1,"Tube",8,0,"Low","N"
"1449",20,3,"Tube",1,0.0412371134020619,"Low","Y"
"1450",20,3,"Tube",2,0.484536082474227,"Low","N"
"1451",20,3,"Tube",3,0.123711340206186,"Low","Y"
"1452",20,3,"Tube",4,0,"Low","Y"
"1453",20,3,"Tube",5,0.350515463917526,"Low","N"
"1454",20,3,"Tube",6,0,"Low","Y"
"1455",20,3,"Tube",7,0,"Low","Y"
"1456",20,3,"Tube",8,0,"Low","N"
"1457",20,4,"Tube",1,0.0114942528735632,"Low","Y"
"1458",20,4,"Tube",2,0.298850574712644,"Low","N"
"1459",20,4,"Tube",3,0.0229885057471264,"Low","Y"
"1460",20,4,"Tube",4,0,"Low","Y"
"1461",20,4,"Tube",5,0.666666666666667,"Low","N"
"1462",20,4,"Tube",6,0,"Low","Y"
"1463",20,4,"Tube",7,0,"Low","Y"
"1464",20,4,"Tube",8,0,"Low","N"
"1465",20,5,"Tube",1,0,"Low","Y"
"1466",20,5,"Tube",2,0.45,"Low","N"
"1467",20,5,"Tube",3,0,"Low","Y"
"1468",20,5,"Tube",4,0,"Low","Y"
"1469",20,5,"Tube",5,0.525,"Low","N"
"1470",20,5,"Tube",6,0.025,"Low","Y"
"1471",20,5,"Tube",7,0,"Low","Y"
"1472",20,5,"Tube",8,0,"Low","N"
"1473",20,7,"Tube",1,0.0128205128205128,"Low","Y"
"1474",20,7,"Tube",2,0.307692307692308,"Low","N"
"1475",20,7,"Tube",3,0.0256410256410256,"Low","Y"
"1476",20,7,"Tube",4,0,"Low","Y"
"1477",20,7,"Tube",5,0.641025641025641,"Low","N"
"1478",20,7,"Tube",6,0.0128205128205128,"Low","Y"
"1479",20,7,"Tube",7,0,"Low","Y"
"1480",20,7,"Tube",8,0,"Low","N"
"1481",20,8,"Tube",1,0.110294117647059,"Low","Y"
"1482",20,8,"Tube",2,0.0808823529411765,"Low","N"
"1483",20,8,"Tube",3,0.117647058823529,"Low","Y"
"1484",20,8,"Tube",4,0.0294117647058824,"Low","Y"
"1485",20,8,"Tube",5,0.639705882352941,"Low","N"
"1486",20,8,"Tube",6,0.0220588235294118,"Low","Y"
"1487",20,8,"Tube",7,0,"Low","Y"
"1488",20,8,"Tube",8,0,"Low","N"
"1489",20,12,"Tube",1,0.00775193798449612,"Low","Y"
"1490",20,12,"Tube",2,0.441860465116279,"Low","N"
"1491",20,12,"Tube",3,0.0155038759689922,"Low","Y"
"1492",20,12,"Tube",4,0,"Low","Y"
"1493",20,12,"Tube",5,0.51937984496124,"Low","N"
"1494",20,12,"Tube",6,0.0155038759689922,"Low","Y"
"1495",20,12,"Tube",7,0,"Low","Y"
"1496",20,12,"Tube",8,0,"Low","N"
"1497",20,13,"Tube",1,0.00666666666666667,"Low","Y"
"1498",20,13,"Tube",2,0.413333333333333,"Low","N"
"1499",20,13,"Tube",3,0.02,"Low","Y"
"1500",20,13,"Tube",4,0,"Low","Y"
"1501",20,13,"Tube",5,0.56,"Low","N"
"1502",20,13,"Tube",6,0,"Low","Y"
"1503",20,13,"Tube",7,0,"Low","Y"
"1504",20,13,"Tube",8,0,"Low","N"
"1505",20,14,"Tube",1,0.0638297872340425,"Low","Y"
"1506",20,14,"Tube",2,0.170212765957447,"Low","N"
"1507",20,14,"Tube",3,0.0780141843971631,"Low","Y"
"1508",20,14,"Tube",4,0.0141843971631206,"Low","Y"
"1509",20,14,"Tube",5,0.574468085106383,"Low","N"
"1510",20,14,"Tube",6,0.0780141843971631,"Low","Y"
"1511",20,14,"Tube",7,0.0212765957446809,"Low","Y"
"1512",20,14,"Tube",8,0,"Low","N"
"1513",20,5,"Circle",1,0,"Low","Y"
"1514",20,5,"Circle",2,0,"Low","N"
"1515",20,5,"Circle",3,0.010752688172043,"Low","N"
"1516",20,5,"Circle",4,0.010752688172043,"Low","N"
"1517",20,5,"Circle",5,0.118279569892473,"Low","N"
"1518",20,5,"Circle",6,0.268817204301075,"Low","N"
"1519",20,5,"Circle",7,0.397849462365591,"Low","N"
"1520",20,5,"Circle",8,0.193548387096774,"Low","N"
"1521",20,6,"Circle",1,0,"Low","Y"
"1522",20,6,"Circle",2,0,"Low","N"
"1523",20,6,"Circle",3,0,"Low","N"
"1524",20,6,"Circle",4,0,"Low","N"
"1525",20,6,"Circle",5,0.247787610619469,"Low","N"
"1526",20,6,"Circle",6,0.309734513274336,"Low","N"
"1527",20,6,"Circle",7,0.345132743362832,"Low","N"
"1528",20,6,"Circle",8,0.0973451327433628,"Low","N"
"1529",20,7,"Circle",1,0,"Low","Y"
"1530",20,7,"Circle",2,0,"Low","N"
"1531",20,7,"Circle",3,0,"Low","N"
"1532",20,7,"Circle",4,0.0697674418604651,"Low","N"
"1533",20,7,"Circle",5,0.302325581395349,"Low","N"
"1534",20,7,"Circle",6,0.248062015503876,"Low","N"
"1535",20,7,"Circle",7,0.310077519379845,"Low","N"
"1536",20,7,"Circle",8,0.0697674418604651,"Low","N"
"1537",20,9,"Circle",1,0,"Low","Y"
"1538",20,9,"Circle",2,0.015748031496063,"Low","N"
"1539",20,9,"Circle",3,0.0236220472440945,"Low","N"
"1540",20,9,"Circle",4,0.0551181102362205,"Low","N"
"1541",20,9,"Circle",5,0.118110236220472,"Low","N"
"1542",20,9,"Circle",6,0.322834645669291,"Low","N"
"1543",20,9,"Circle",7,0.417322834645669,"Low","N"
"1544",20,9,"Circle",8,0.047244094488189,"Low","N"
"1545",20,10,"Circle",1,0.0234375,"Low","Y"
"1546",20,10,"Circle",2,0.0546875,"Low","N"
"1547",20,10,"Circle",3,0.046875,"Low","N"
"1548",20,10,"Circle",4,0.0625,"Low","N"
"1549",20,10,"Circle",5,0.0625,"Low","N"
"1550",20,10,"Circle",6,0.2578125,"Low","N"
"1551",20,10,"Circle",7,0.453125,"Low","N"
"1552",20,10,"Circle",8,0.0390625,"Low","N"
"1553",20,11,"Circle",1,0,"Low","Y"
"1554",20,11,"Circle",2,0,"Low","N"
"1555",20,11,"Circle",3,0,"Low","N"
"1556",20,11,"Circle",4,0,"Low","N"
"1557",20,11,"Circle",5,0.165354330708661,"Low","N"
"1558",20,11,"Circle",6,0.346456692913386,"Low","N"
"1559",20,11,"Circle",7,0.401574803149606,"Low","N"
"1560",20,11,"Circle",8,0.0866141732283465,"Low","N"
"1561",20,12,"Circle",1,0,"Low","Y"
"1562",20,12,"Circle",2,0,"Low","N"
"1563",20,12,"Circle",3,0,"Low","N"
"1564",20,12,"Circle",4,0,"Low","N"
"1565",20,12,"Circle",5,0.117241379310345,"Low","N"
"1566",20,12,"Circle",6,0.43448275862069,"Low","N"
"1567",20,12,"Circle",7,0.358620689655172,"Low","N"
"1568",20,12,"Circle",8,0.0896551724137931,"Low","N"
"1569",20,13,"Circle",1,0,"Low","Y"
"1570",20,13,"Circle",2,0,"Low","N"
"1571",20,13,"Circle",3,0,"Low","N"
"1572",20,13,"Circle",4,0,"Low","N"
"1573",20,13,"Circle",5,0.116666666666667,"Low","N"
"1574",20,13,"Circle",6,0.358333333333333,"Low","N"
"1575",20,13,"Circle",7,0.341666666666667,"Low","N"
"1576",20,13,"Circle",8,0.183333333333333,"Low","N"
"1577",20,14,"Circle",1,0,"Low","Y"
"1578",20,14,"Circle",2,0,"Low","N"
"1579",20,14,"Circle",3,0,"Low","N"
"1580",20,14,"Circle",4,0,"Low","N"
"1581",20,14,"Circle",5,0.104347826086957,"Low","N"
"1582",20,14,"Circle",6,0.382608695652174,"Low","N"
"1583",20,14,"Circle",7,0.417391304347826,"Low","N"
"1584",20,14,"Circle",8,0.0956521739130435,"Low","N"
