"Colony","Nest","Day","ScaledX","ScaledY","Density","Corner","Bin","ToBrood"
1,"Tube",4,3.033165823,3.136587683,"High","Y",4,0.0709478943340898
1,"Tube",4,4.803849927,3.11697642,"High","Y",6,0.234361586461859
1,"Tube",4,6.317758089,3.156204295,"High","Y",6,0.374071226403823
1,"Tube",5,1.911347518,1.886524823,"High","Y",3,0.130933602229591
1,"Tube",5,2.773640071,3.129432624,"High","Y",4,0.0473583429289722
1,"Tube",5,6.238179078,3.144207447,"High","Y",6,0.367076952776512
1,"Tube",6,1.836222944,1.737012987,"High","Y",3,0.13913468028868
1,"Tube",6,3.165584416,3.102451299,"High","N",5,0.0890169762599462
1,"Tube",6,3.203463203,3.241341991,"High","N",5,0.0933162047622751
1,"Tube",7,1.719088937,1.971258134,"High","Y",3,0.123925451082554
1,"Tube",7,2.765726681,3.120932755,"High","Y",4,0.0473834036566889
1,"Tube",7,6.523861171,3.015184382,"High","Y",6,0.394300327364384
1,"Tube",8,1.770386266,1.929542203,"High","Y",3,0.127393839845534
1,"Tube",8,1.824034335,2.630543634,"High","Y",3,0.0636794015918972
1,"Tube",8,4.707916667,3.22663269,"High","Y",6,0.226336209044365
1,"Tube",9,1.827372698,1.746115926,"High","Y",3,0.142641140078723
1,"Tube",9,1.802096425,2.063921993,"High","Y",3,0.113941994754339
1,"Tube",9,5.400866739,3.286386782,"High","Y",6,0.292331608340703
1,"Tube",10,1.931818182,2.408008658,"High","Y",3,0.0871933564654837
1,"Tube",10,2.015692641,3.135822511,"High","Y",4,0.0267153001775494
1,"Tube",10,5.681818182,3.295454545,"High","Y",6,0.311950334844743
1,"Tube",11,2.25188781,3.133764833,"High","Y",4,0.0138074783210998
1,"Tube",11,2.745415318,3.19579288,"High","Y",4,0.0596933212922407
1,"Tube",11,3.70819849,3.0798274,"High","N",5,0.147993903779293
1,"Tube",12,2.46482684,3.043831169,"High","Y",4,0.0361160652659542
1,"Tube",12,3.80952381,3.130411255,"High","N",5,0.159721693188212
1,"Tube",12,5.12987013,3.100649351,"High","Y",6,0.281558458354621
1,"Tube",13,1.822125813,2.265005423,"High","Y",3,0.0833497059013516
1,"Tube",13,6.301518438,3.223063991,"High","Y",6,0.387149477034443
1,"Tube",13,6.279826464,3.002532538,"High","Y",6,0.385042265575438
2,"Tube",4,4.44092827,1.763361463,"High","Y",6,0.0450855446063402
2,"Tube",5,4.690375088,1.875442321,"High","Y",6,0.0237533580672212
2,"Tube",6,4.171952079,1.755343552,"High","Y",6,0.113798873122805
2,"Tube",7,4.865248227,1.877659574,"High","Y",6,0.0392540113390602
2,"Tube",8,3.453389831,1.86970339,"High","N",5,0.203609519013593
2,"Tube",9,4.831917905,1.811748054,"High","Y",6,0.0379582398478138
2,"Tube",10,4.415546709,1.726233192,"High","Y",6,0.0433328475053914
2,"Tube",11,4.956077279,1.845322293,"High","Y",6,0.0567123588759196
2,"Tube",12,4.300847458,1.866172316,"High","Y",6,0.070879032975175
2,"Tube",13,4.783687943,1.781914894,"High","Y",6,0.0326453056530172
3,"Tube",4,2.131824713,3.382422773,"High","Y",4,0.0124171466470837
3,"Tube",6,2.907581759,3.75181686,"High","N",5,0.0656125392258713
3,"Tube",7,2.832853807,3.445281968,"High","Y",4,0.139730541701051
3,"Tube",7,2.832853807,3.445281968,"High","Y",4,0.0833258230580653
3,"Tube",8,3.08224163,3.64992722,"High","N",5,0.211100349330748
3,"Tube",9,2.037235903,3.428502855,"High","Y",4,0.123877465137998
3,"Tube",10,2.809575234,3.496520878,"High","Y",4,0.186993262552375
3,"Tube",11,3.10175126,3.37113031,"High","N",5,0.2091640959745
3,"Tube",12,2.59272877,1.787457906,"High","N",2,0.009826083426176
3,"Tube",13,3.123188406,3.509057971,"High","N",5,0.206997533599721
4,"Tube",4,2.1945047,1.51904013,"High","Y",3,0.15374939607807
4,"Tube",4,2.34318016,2.444688184,"High","Y",4,0.147875147065786
4,"Tube",5,2.313999633,2.438816079,"High","Y",4,0.171583189780292
4,"Tube",5,3.074114583,2.489224138,"High","Y",4,0.16086501195803
4,"Tube",6,2.773522976,1.320811451,"High","N",2,0.0186513373233033
4,"Tube",6,2.186813187,2.245421245,"High","Y",3,0.146742991658766
4,"Tube",7,2.465353756,1.300145879,"High","N",2,0.054174381706066
4,"Tube",7,2.35052106,1.64609114,"High","Y",3,0.0811482281321137
4,"Tube",8,2.353225983,2.330180131,"High","Y",3,0.163942613540187
4,"Tube",8,2.683150183,2.545177656,"High","Y",4,0.124335025380538
4,"Tube",9,2.289251812,2.030797101,"High","Y",3,0.118484503105734
4,"Tube",9,3.425524223,2.5,"High","N",5,0.189242525925332
4,"Tube",10,2.444204464,1.340293377,"High","N",2,0.0544543992071917
4,"Tube",10,6.161560904,2.530999271,"High","Y",6,0.389787811699198
4,"Tube",11,2.27217288,1.792763158,"High","Y",3,0.085681057899115
4,"Tube",11,5.114022926,2.621300946,"High","Y",6,0.286280407650452
4,"Tube",12,4.104803493,2.567321689,"High","N",5,0.179025064612829
4,"Tube",13,2.812947067,1.536123033,"High","N",2,0.0877723358403584
4,"Tube",13,2.265512266,2.211399711,"High","Y",3,0.0544393498826211
5,"Tube",4,2.996313191,1.043266129,"High","Y",3,0.072129818997764
5,"Tube",4,2.850574713,1.199233716,"High","Y",3,0.0332947637839708
5,"Tube",4,2.996313191,1.466973886,"High","Y",3,0.0432197007906628
5,"Tube",4,2.892720307,1.657088123,"High","Y",4,0.0599351662916137
5,"Tube",4,2.892720307,1.657088123,"High","Y",4,0.058417727713412
5,"Tube",5,2.786118168,1.174620862,"High","Y",3,0.081907599581806
5,"Tube",5,2.893518519,1.377314815,"High","Y",3,0.0434978598368396
5,"Tube",5,3.006799461,1.685271363,"High","Y",4,0.0335595399947604
5,"Tube",5,2.962962963,1.697530864,"High","Y",4,0.0279153697041823
5,"Tube",6,2.813373379,1.168319985,"High","Y",3,0.0788789589186972
5,"Tube",6,2.843884439,1.618358124,"High","Y",4,0.0066376365430043
5,"Tube",7,2.790519878,1.121941896,"High","Y",3,0.0261523004561061
5,"Tube",7,2.832820661,1.28968318,"High","Y",3,0.00723460576823992
5,"Tube",7,2.912844037,1.622706422,"High","Y",4,0.0716725272695573
5,"Tube",7,2.994110983,1.642985791,"High","Y",4,0.0827603135842805
5,"Tube",9,2.896578538,0.925349922,"High","Y",3,0.0568951469435476
5,"Tube",9,2.799377916,1.230559876,"High","Y",3,0.00490367271008085
5,"Tube",9,2.894770588,1.515033333,"High","Y",4,0.0603063109149704
5,"Tube",9,2.884313725,1.648366667,"High","Y",4,0.0827744011205212
5,"Tube",10,2.79729313,0.964090554,"High","Y",3,0.116186725448027
5,"Tube",10,2.823315769,1.31147541,"High","Y",3,0.0503752925017673
5,"Tube",10,2.869937695,1.437564252,"High","Y",3,0.0260722761646026
5,"Tube",10,2.94522391,1.621884735,"High","Y",4,0.018185454008677
5,"Tube",11,3.664705882,0.863166269,"High","Y",1,0.251233391629849
5,"Tube",11,3.033333333,0.871121718,"High","N",2,0.140065908620292
5,"Tube",11,2.753537736,1.554638365,"High","Y",4,0.0193493893909231
5,"Tube",11,3.213443396,1.676493711,"High","Y",4,0.0720375175265266
5,"Tube",12,2.782352941,1.033333333,"High","Y",3,0.0720482834020636
5,"Tube",12,2.782352941,1.033333333,"High","Y",3,0.117622596065461
5,"Tube",12,2.832040698,1.394703488,"High","Y",3,0.015531996222184
5,"Tube",12,2.832040698,1.394703488,"High","Y",3,0.0492014813366138
5,"Tube",12,2.833333333,1.554901961,"High","Y",4,0.0345818401952746
5,"Tube",12,2.914728682,1.604005814,"High","Y",4,0.0422895475834315
5,"Tube",12,2.914728682,1.604005814,"High","Y",4,0.0403138726842577
5,"Tube",13,2.869273302,0.904423381,"High","Y",3,0.138771279108955
5,"Tube",13,2.968009479,1.682464455,"High","Y",4,0.0153729038078434
6,"Tube",4,2.843701997,0.921658986,"High","Y",3,0.0562087762870779
6,"Tube",5,2.761250953,1.46071701,"High","Y",3,0.0694420836429232
6,"Tube",6,2.748470948,1.21559633,"High","Y",3,0.0216711037926094
6,"Tube",9,2.869066901,0.827464789,"High","Y",3,0.0851382415013742
6,"Tube",10,2.828758824,1.035294118,"High","Y",3,0.106565347155423
6,"Tube",11,2.544677545,1.469827117,"High","Y",3,0.0744462665161094
6,"Tube",12,2.769379845,0.980620155,"High","Y",3,0.0439732748566557
6,"Tube",13,2.90316358,0.918209877,"High","Y",3,0.0632484515596798
7,"Tube",4,2.068396262,1.890413806,"High","Y",3,0.0961244669367882
7,"Tube",5,2.443035714,2.964021739,"High","Y",4,0.117565193836221
7,"Tube",6,2.220319635,2.679476788,"High","Y",4,0.0827283809590641
7,"Tube",8,5.423763179,2.907542579,"High","Y",6,0.327392529718673
7,"Tube",9,2.143410853,1.911498062,"High","Y",3,0.00525716378985547
7,"Tube",10,3.077317588,2.866104071,"High","Y",4,0.16540598509397
7,"Tube",11,2.406120756,2.85429591,"High","Y",4,0.0164101496950732
7,"Tube",12,2.539222608,2.747555941,"High","Y",4,0.0158462562092948
7,"Tube",13,2.321016166,1.501154734,"High","N",2,0.0639023768610739
8,"Tube",3,2.984313725,0.719607843,"High","Y",3,0.353256140098673
8,"Tube",3,4.60915098,1.360131373,"High","Y",6,0.11191374556593
8,"Tube",4,4.584790769,0.804845787,"High","Y",7,0.27468125999014
8,"Tube",5,4.482084902,0.745154747,"High","N",8,0.410656289330101
8,"Tube",5,4.242994563,1.396208699,"High","Y",6,0.220645330345045
8,"Tube",6,3.084696663,0.692287036,"High","Y",3,0.162390936500751
8,"Tube",6,4.724322226,0.936684054,"High","Y",7,0.393044888231478
8,"Tube",8,4.486634458,0.704880397,"High","N",8,0.289281950227488
8,"Tube",11,3.034498037,1.002753279,"High","Y",3,0.381462555334992
8,"Tube",11,4.12316489,1.403462277,"High","Y",6,0.0852445315991253
9,"Tube",3,3.707729469,1.129227053,"High","Y",1,0.378006933429004
9,"Tube",3,3.283011272,1.326489533,"High","N",2,0.328660246589684
9,"Tube",3,2.748927134,1.343935185,"High","N",2,0.273505393308571
9,"Tube",3,5.630032206,1.540525362,"High","Y",7,0.263750696986661
9,"Tube",3,5.686392915,1.763285024,"High","Y",7,0.24334927697709
9,"Tube",3,2.043075684,2.423510467,"High","Y",3,0.202112316431897
9,"Tube",3,2.062198068,2.587560386,"High","Y",4,0.191255194026053
9,"Tube",3,5.524019726,2.650295894,"High","Y",6,0.172715115811367
9,"Tube",4,5.782781353,1.298012411,"High","Y",7,0.55803407206742
9,"Tube",4,3.044371782,1.386754783,"High","N",2,0.149336324328465
9,"Tube",4,5.692715802,1.529801122,"High","Y",7,0.531942904139174
9,"Tube",4,5.789403207,1.851655384,"High","Y",7,0.50527470890478
9,"Tube",4,2.053642774,2.101986477,"High","Y",3,0.0207168946635616
9,"Tube",4,5.345695318,2.549006285,"High","Y",6,0.406302077383544
9,"Tube",4,2.17946991,2.832450618,"High","Y",4,0.0973115835453487
9,"Tube",5,3.499469817,1.193407466,"High","Y",1,0.201021336512104
9,"Tube",5,3.112589357,1.231135822,"High","N",2,0.160723341520151
9,"Tube",5,5.592400715,1.376092137,"High","Y",7,0.543552960927876
9,"Tube",5,2.388800635,1.393963463,"High","N",2,0.083291736518377
9,"Tube",5,5.302488086,2.570160842,"High","Y",6,0.40030461555437
9,"Tube",5,5.520915409,2.576781176,"High","Y",6,0.423268531235223
9,"Tube",5,3.393566322,2.670770453,"High","N",5,0.20086945417554
9,"Tube",6,4.596264707,1.345097685,"High","N",8,0.616899821150095
9,"Tube",6,2.216424364,1.526366592,"High","N",2,0.0634789889290851
9,"Tube",6,5.666025222,1.668497895,"High","Y",7,0.512918848972595
9,"Tube",6,5.685252085,2.099697487,"High","Y",7,0.473237711776083
9,"Tube",6,1.895084028,2.197885498,"High","Y",3,0.0246918850019196
9,"Tube",6,2.351002108,2.609860287,"High","Y",4,0.0895752005936697
9,"Tube",6,5.051496849,2.626339279,"High","Y",6,0.371356033873489
9,"Tube",6,2.117550414,2.686761561,"High","Y",4,0.076375031645931
9,"Tube",7,2.69741307,1.221431337,"High","N",2,0.119450481195814
9,"Tube",7,2.391542029,1.33638958,"High","N",2,0.0854676999382208
9,"Tube",7,2.134938807,1.348706535,"High","N",2,0.0660944611875791
9,"Tube",7,5.641165233,1.673053008,"High","Y",7,0.515387309907434
9,"Tube",7,5.602161543,2.568085046,"High","Y",6,0.432718510587508
9,"Tube",7,4.314356191,2.599561024,"High","N",5,0.297577818388045
9,"Tube",7,3.822361595,2.664567858,"High","N",5,0.246498358148298
9,"Tube",7,2.018611329,2.737785995,"High","Y",4,0.0832664590360036
9,"Tube",8,5.067345391,1.325591166,"High","N",8,0.691396721828794
9,"Tube",8,3.108851444,1.443100803,"High","N",2,0.0460984709408337
9,"Tube",8,1.979796176,1.799752859,"High","Y",3,0.0959606013567588
9,"Tube",8,1.805251073,1.805251073,"High","Y",3,0.105920909531863
9,"Tube",8,1.901456419,2.122733249,"High","Y",3,0.130868716140166
9,"Tube",8,2.700660074,2.612012454,"High","Y",4,0.141891458568584
9,"Tube",8,5.345657689,2.630566607,"High","Y",6,0.418979428018998
9,"Tube",12,2.674062739,1.245218057,"High","N",2,0.015197814160432
9,"Tube",12,5.193190513,1.254781943,"High","N",8,0.694023685094739
9,"Tube",12,3.167559296,1.273909717,"High","N",2,0.0454168443345757
9,"Tube",12,1.915965953,2.060061209,"High","Y",3,0.131044214184186
9,"Tube",12,5.543228768,2.420939174,"High","Y",7,0.565789719821527
9,"Tube",12,4.013006886,2.581612471,"High","N",5,0.285778081557198
9,"Tube",12,2.232848125,2.635807192,"High","Y",4,0.103527954920703
9,"Tube",12,3.110175976,2.683626626,"High","N",5,0.192509856829509
9,"Tube",13,2.811532508,1.251934985,"High","N",2,0.0153868981108362
9,"Tube",13,3.471362229,1.290634675,"High","Y",1,0.0781783792235623
9,"Tube",13,5.390866873,1.414473684,"High","N",8,0.669700386047422
9,"Tube",13,2.033668731,1.875,"High","Y",3,0.108195105918299
9,"Tube",13,5.728844814,1.879514319,"High","Y",7,0.620476235201633
9,"Tube",13,5.160603715,2.621904025,"High","Y",6,0.404892364598221
9,"Tube",13,4.180210913,2.751547988,"High","N",5,0.303251713449906
10,"Tube",2,6.20278536,1.675626551,"High","Y",7,0.762909544825887
10,"Tube",2,6.059414806,2.057485525,"High","Y",7,0.725944184274447
10,"Tube",2,6.128343672,3.045905707,"High","Y",6,0.566618081732061
10,"Tube",2,3.748966088,3.134822167,"High","N",5,0.351910889016038
10,"Tube",2,1.786600496,3.163771712,"High","Y",4,0.301328548102914
10,"Tube",2,2.951474359,3.166528122,"High","Y",4,0.281271613598477
10,"Tube",3,5.839389734,2.207157226,"High","Y",7,0.493485465697995
10,"Tube",3,2.924936689,3.059827641,"High","Y",4,0.169406956302165
10,"Tube",3,3.755939509,3.068912766,"High","N",5,0.244328532121745
10,"Tube",3,5.522783684,3.152781919,"High","Y",6,0.40477943740251
10,"Tube",3,4.182973975,3.154878648,"High","N",5,0.283714658406421
10,"Tube",3,2.419625046,3.165362292,"High","Y",4,0.12806030923178
10,"Tube",4,4.8830132,1.559590672,"High","N",8,0.367299801161166
10,"Tube",4,5.71031467,1.721819839,"High","Y",7,0.286335772571438
10,"Tube",4,5.904213301,2.049508525,"High","Y",7,0.259447718228885
10,"Tube",4,4.08350516,3.106256062,"High","N",5,0.0335718961226606
10,"Tube",4,2.652533266,3.122413635,"High","Y",4,0.0968642451626869
10,"Tube",4,2.975698297,3.125000242,"High","Y",4,0.0676368625916739
10,"Tube",5,4.92910889,1.57096342,"High","N",8,0.362223977582556
10,"Tube",5,5.852828584,2.226003828,"High","Y",7,0.241995560907374
10,"Tube",5,5.979017439,2.53509145,"High","Y",7,0.221783625235458
10,"Tube",5,2.471288813,3.139089749,"High","Y",4,0.114198576315666
10,"Tube",5,3.180916631,3.204310932,"High","N",5,0.050864939794423
10,"Tube",5,5.286403658,3.210691195,"High","Y",6,0.141930851392492
10,"Tube",7,3.513598943,1.169929312,"High","Y",1,0.479225409600582
10,"Tube",7,5.603075038,1.400610524,"High","N",8,0.191634542019253
10,"Tube",7,5.950050083,1.789527607,"High","Y",7,0.149859775248691
10,"Tube",7,5.978646927,2.361464494,"High","Y",7,0.102160617097029
10,"Tube",7,3.409378697,3.047153909,"High","N",5,0.163845479185669
10,"Tube",7,4.928189511,3.061133953,"High","Y",6,0.0260752321232741
10,"Tube",12,3.328846154,1.428846154,"High","Y",1,0.485711670598345
10,"Tube",12,5.792948077,1.512821154,"High","Y",7,0.165106189591409
10,"Tube",12,6.201923077,1.790384615,"High","Y",7,0.15037165124152
10,"Tube",12,3.015384615,3.009615385,"High","N",5,0.235145697303079
10,"Tube",12,5.544230769,3.170513462,"High","Y",6,0.0576261218371912
10,"Tube",12,3.930128846,3.196153846,"High","N",5,0.159806646173542
1,"Circle",3,4.414382659,2.020013721,"High","N",5,0.110388016373936
1,"Circle",3,4.121571209,2.275758812,"High","N",6,0.0776840496547219
1,"Circle",3,3.739804944,2.453668441,"High","N",7,0.0407901065638227
1,"Circle",4,3.656275056,1.374348552,"High","N",3,0.0860719982200487
1,"Circle",4,3.166297327,1.939493318,"High","N",5,0.0208660331123195
1,"Circle",4,3.984782851,2.293986637,"High","N",6,0.0768086348044762
1,"Circle",5,4.353705556,1.890738889,"High","N",5,0.0887060965566354
1,"Circle",5,4.120372222,2.246294444,"High","N",6,0.0636683814684757
1,"Circle",5,3.413888889,2.552777778,"High","N",7,0.035209967431972
1,"Circle",6,3.150297561,1.995686133,"High","N",5,0.0774348596548289
1,"Circle",6,3.385868153,2.347379779,"High","N",7,0.0533467971842169
1,"Circle",6,2.738887612,2.705707463,"High","N",8,0.0325728098568251
1,"Circle",8,4.612231544,1.552947427,"High","N",4,0.111975606974947
1,"Circle",8,3.363159955,1.444815436,"High","N",3,0.0722786265007489
1,"Circle",8,4.35496085,1.653618568,"High","N",4,0.08704768004124
1,"Circle",9,4.322095506,1.930713483,"High","N",5,0.0909939769944606
1,"Circle",9,3.786516854,2.054308989,"High","N",6,0.0465166224690144
1,"Circle",9,3.878275281,2.604870787,"High","N",7,0.0378948846034386
1,"Circle",10,3.415363535,1.933260626,"High","N",5,0.0496546910565045
1,"Circle",10,3.661448546,1.914614094,"High","N",5,0.0522302636262897
1,"Circle",10,4.205816555,1.720732662,"High","N",4,0.0933925711250821
1,"Circle",11,3.453436807,2.147078714,"High","N",6,0.0290091357416065
1,"Circle",11,3.763858093,2.073170732,"High","N",6,0.0381585478923095
1,"Circle",11,4.506651885,2.095343681,"High","N",6,0.092007911682558
1,"Circle",12,4.093794843,1.479820628,"High","N",3,0.0773151575826854
1,"Circle",12,3.720106502,2.019803812,"High","N",5,0.0171021593138426
1,"Circle",12,3.279147982,2.378548206,"High","N",7,0.0386137977455616
1,"Circle",13,3.4765625,2.423733259,"High","N",7,0.00533664959612566
1,"Circle",13,3.811383929,2.472098214,"High","N",7,0.0267100993470608
1,"Circle",13,3.740697545,2.721356027,"High","N",8,0.0314922541888991
2,"Circle",4,3.876931567,1.203090508,"High","N",6,0.0410749752329305
2,"Circle",4,3.511771523,1.401766004,"High","N",7,0.0372217696685628
2,"Circle",4,4.001103753,1.558129139,"High","N",8,0.0551234057538224
2,"Circle",5,3.938622635,1.266981441,"High","N",6,0.0523100478160895
2,"Circle",5,3.972585517,1.497452693,"High","N",8,0.0561894799427896
2,"Circle",6,3.829891224,1.345256268,"High","N",7,0.0387563788871447
2,"Circle",6,3.911012168,1.5886191,"High","N",8,0.0139171774144873
2,"Circle",7,4.082658205,1.484547461,"High","N",8,0.0405018407097368
2,"Circle",7,3.570027594,1.548320456,"High","N",8,0.0543414803072709
2,"Circle",8,3.696769457,1.644029001,"High","N",8,0.0476914961259253
2,"Circle",8,3.562164097,1.291606094,"High","N",6,0.048658279943173
2,"Circle",9,3.528329654,1.303040839,"High","N",6,0.048057855133856
2,"Circle",9,4.018887049,1.52133922,"High","N",8,0.0614564456927789
2,"Circle",10,3.694933921,0.853524229,"High","N",4,0.0916638415673862
2,"Circle",10,3.86625,1.404185022,"High","N",7,0.0297274739222262
2,"Circle",11,3.490842491,1.595238095,"High","N",8,0.053792926968778
2,"Circle",11,3.992673993,1.529304029,"High","N",8,0.045541322556594
2,"Circle",12,3.953744493,0.991800661,"High","N",4,0.077840245930742
2,"Circle",12,3.733480176,1.465368943,"High","N",7,0.0150846199971743
2,"Circle",13,3.542124542,1.183760073,"High","N",6,0.0247621772546071
2,"Circle",13,3.732600733,1.486569597,"High","N",8,0.0861464482270625
3,"Circle",4,3.672043011,2.308243728,"High","N",6,0.0340546294758371
3,"Circle",5,3.803419414,2.415141026,"High","N",7,0.0478244935306677
3,"Circle",6,3.745755095,2.541848617,"High","N",7,0.034822801910442
3,"Circle",7,3.1640625,1.899350649,"High","N",5,0.0547736718800867
3,"Circle",8,4.355244253,2.077922078,"High","N",6,0.0530513318065461
3,"Circle",9,4.295437822,2.024159308,"High","N",5,0.0620183295669565
3,"Circle",10,3.809088085,1.926169591,"High","N",5,0.0529275917968787
3,"Circle",11,3.657611968,2.016029736,"High","N",5,0.0462585649163112
3,"Circle",12,3.959990962,1.917932032,"High","N",5,0.0563350191703662
3,"Circle",13,3.707569597,2.100122711,"High","N",6,0.0349741856289197
4,"Circle",4,3.554572271,1.744100295,"High","N",7,0.019581176928873
4,"Circle",4,3.47650514,1.769456681,"High","N",7,0.0245392566048762
4,"Circle",5,3.340675477,1.712555066,"High","N",6,0.0354642058851326
4,"Circle",5,4.016152717,1.953010279,"High","N",7,0.0423254416608937
4,"Circle",6,3.516886931,1.565712188,"High","N",6,0.0362762808346279
4,"Circle",6,3.646755162,1.810471976,"High","N",7,0.00663126118288444
4,"Circle",7,4.05543399,1.796134209,"High","N",7,0.0383861790392296
4,"Circle",7,4.236263736,1.862637363,"High","N",7,0.0571348693809472
4,"Circle",8,3.602564103,1.921245421,"High","N",7,0.0063950623026455
4,"Circle",8,4.105825959,1.972713864,"High","N",7,0.0499053221797192
4,"Circle",9,3.387918486,1.73580786,"High","N",6,0.0284463652626029
4,"Circle",9,3.631732169,2.048762737,"High","N",8,0.0197441380665122
4,"Circle",10,3.736263736,1.697802198,"High","N",6,0.0264543258550847
4,"Circle",10,3.719912473,2.04595186,"High","N",8,0.0216400650134903
4,"Circle",11,3.208241354,1.605960265,"High","N",6,0.0533877981943125
4,"Circle",12,3.081268222,1.702501822,"High","N",6,0.0638208414252964
4,"Circle",13,3.172238372,1.762354651,"High","N",7,0.067060163699905
4,"Circle",13,4.067765568,1.891941392,"High","N",7,0.0509309504141218
5,"Circle",4,3.63997114,1.077440476,"High","N",5,0.0833076931714329
5,"Circle",4,3.589650146,1.118804665,"High","N",6,0.071616407269927
5,"Circle",4,3.589466089,1.176046176,"High","N",6,0.0625356557932736
5,"Circle",4,3.951652697,1.276725583,"High","N",7,0.10972582494775
5,"Circle",5,3.702477925,1.13870493,"High","N",6,0.0271826965180274
5,"Circle",5,3.731226381,1.150072674,"High","N",6,0.0322245627787367
5,"Circle",5,3.610101744,1.25181686,"High","N",7,0.0182700533046723
5,"Circle",5,3.525877483,1.256438558,"High","N",7,0.0180232426559279
5,"Circle",6,3.442742524,1.037563822,"High","N",5,0.0400183267962259
5,"Circle",6,3.676470588,1.089324619,"High","N",5,0.0183602402204455
5,"Circle",6,3.523965142,1.130477487,"High","N",6,0.017958694538892
5,"Circle",6,3.484075492,1.159130197,"High","N",6,0.0244292396404584
5,"Circle",7,3.692810458,1.205519245,"High","N",6,0.00776120882491162
5,"Circle",7,3.544540668,1.208545752,"High","N",6,0.0204224194277213
5,"Circle",7,3.445896877,1.243645606,"High","N",6,0.0398821615298784
5,"Circle",7,3.532438272,1.338658315,"High","N",7,0.0346801117672225
5,"Circle",8,3.634713145,0.778867102,"High","N",3,0.0792809081116002
5,"Circle",8,3.834422658,0.940450254,"High","N",4,0.0634353143836974
5,"Circle",8,3.399903776,1.194021423,"High","N",6,0.0414927023634014
5,"Circle",8,3.213507625,1.243041031,"High","N",6,0.077210404657412
5,"Circle",9,3.565722585,0.950132534,"High","N",4,0.048528430535721
5,"Circle",9,3.711402261,1.090444931,"High","N",5,0.0185232561907992
5,"Circle",9,3.91563275,1.097738877,"High","N",5,0.0480089773964818
5,"Circle",9,3.602033406,1.238803558,"High","N",6,0.0176713624601221
5,"Circle",10,3.584541667,1.139492754,"High","N",6,0.014662103147851
5,"Circle",10,3.537563822,1.150012764,"High","N",6,0.0199167687841683
5,"Circle",10,3.736931072,1.171894602,"High","N",6,0.0213974039073
5,"Circle",10,3.707730072,1.190217391,"High","N",6,0.0152319824996224
5,"Circle",11,3.693956506,1.204921418,"High","N",6,0.0321943448431836
5,"Circle",11,3.818687364,1.250907771,"High","N",7,0.0522487325623327
5,"Circle",11,3.501461988,1.275584795,"High","N",7,0.00846119309565662
5,"Circle",11,3.557249455,1.318687364,"High","N",7,0.00645926969448996
5,"Circle",12,3.627275503,1.163793103,"High","N",6,0.013962816613789
5,"Circle",12,3.483597342,1.170977011,"High","N",6,0.0285794854100372
5,"Circle",12,3.678119518,1.228678728,"High","N",6,0.0112137437834454
5,"Circle",12,3.609892178,1.457724781,"High","N",8,0.0417397782229056
5,"Circle",13,3.76336188,1.030734329,"High","N",5,0.0350193721288219
5,"Circle",13,3.761472826,1.154588768,"High","N",6,0.0231962197013755
5,"Circle",13,3.695335277,1.229956268,"High","N",6,0.0156910814884328
5,"Circle",13,3.565820652,1.347826087,"High","N",7,0.0366722362439123
6,"Circle",4,3.91392525,1.447305079,"High","N",8,0.0198662826175813
6,"Circle",5,4.056399132,1.146059291,"High","N",6,0.0596759749606692
6,"Circle",6,3.977897849,1.413978495,"High","N",8,0.0342848866109244
6,"Circle",7,4.161267099,1.195104392,"High","N",6,0.0639424238869428
6,"Circle",8,3.793103448,1.567887931,"High","N",8,0.0146257658321416
6,"Circle",9,3.922720798,1.330128205,"High","N",7,0.0428552407490536
6,"Circle",10,3.87701745,1.594408316,"High","N",8,0.0434006096111137
6,"Circle",11,3.804895608,1.532276818,"High","N",8,0.040494701416482
6,"Circle",12,3.727598566,1.20609319,"High","N",6,0.0216526016505901
6,"Circle",13,3.813186813,1.161347518,"High","N",6,0.053376128244194
7,"Circle",4,3.262527233,1.542605301,"High","N",6,0.0477397004256177
7,"Circle",5,3.774259461,1.575085517,"High","N",6,0.0155523986317864
7,"Circle",7,3.406880015,1.624726477,"High","N",6,0.0189133572776405
7,"Circle",8,3.540603574,1.483101751,"High","N",6,0.0250433435004242
7,"Circle",9,3.434562545,1.711858279,"High","N",7,0.0133795422493288
7,"Circle",10,3.463693348,1.653265716,"High","N",6,0.0166439750310119
7,"Circle",11,3.922852984,1.483502547,"High","N",6,0.0400472002201665
7,"Circle",12,3.498168498,1.638584249,"High","N",6,0.0132253153955418
7,"Circle",13,3.679477088,1.186868071,"High","N",4,0.0679649480545426
8,"Circle",5,3.39836492,0.943887031,"High","N",6,0.0596353251066488
8,"Circle",5,3.754490896,1.308682646,"High","N",8,0.062278168815499
8,"Circle",6,3.734853885,0.760276194,"High","N",5,0.0665460476858587
8,"Circle",6,3.387977548,1.076265146,"High","N",7,0.0522353958995376
8,"Circle",7,3.711238987,0.716943155,"High","N",4,0.0372751268889021
8,"Circle",8,3.648748159,1.010677467,"High","N",7,0.0268210575046303
8,"Circle",9,3.516335667,0.596291452,"High","N",3,0.0681276911292508
8,"Circle",9,3.361582535,0.945099484,"High","N",6,0.0416469251384622
8,"Circle",11,3.591322268,0.70309586,"High","N",4,0.0259510921176534
8,"Circle",11,3.643541589,0.911973144,"High","N",6,0.0228700714167698
8,"Circle",12,3.300633714,0.448280821,"High","N",2,0.141951245962141
8,"Circle",12,3.702968298,0.902769887,"High","N",6,0.0342958499152015
8,"Circle",14,3.724676294,0.802417427,"High","N",5,0.0369570106824917
8,"Circle",14,3.529410903,1.083109938,"High","N",7,0.0385719807867792
8,"Circle",15,3.724676294,0.802417427,"High","N",5,0.0314385542551983
8,"Circle",15,3.529410903,1.083109938,"High","N",7,0.0504976431152342
9,"Circle",6,3.300323363,1.151980598,"High","N",4,0.0510732335005699
9,"Circle",6,4.556048909,1.168821746,"High","N",4,0.115487976077501
9,"Circle",6,2.983696443,1.181622878,"High","N",4,0.0713669774525152
9,"Circle",6,3.245082862,1.328482215,"High","N",5,0.0401987119817519
9,"Circle",6,3.75033751,1.381028698,"High","N",5,0.0305510423440136
9,"Circle",6,4.492724333,1.59458367,"High","N",6,0.100581833029933
9,"Circle",6,3.548235651,1.618162894,"High","N",6,0.0045034504889538
9,"Circle",6,3.97938561,1.808811641,"High","N",7,0.0525929390391664
9,"Circle",7,2.905034001,0.884037223,"High","N",3,0.125606264080995
9,"Circle",7,3.455619184,1.030184324,"High","N",4,0.0841812610847815
9,"Circle",7,3.126342162,1.225841088,"High","N",4,0.0832868135398718
9,"Circle",7,3.700191482,1.307564424,"High","N",5,0.0520316426882264
9,"Circle",7,4.086734073,1.321880816,"High","N",5,0.0667422518429664
9,"Circle",7,3.673944166,1.596277738,"High","N",6,0.0216024638154842
9,"Circle",7,3.057145669,1.798496779,"High","N",7,0.0644835330903061
9,"Circle",7,4.237056192,1.875447387,"High","N",7,0.0600105371005895
9,"Circle",8,4.186608049,0.879260334,"High","N",3,0.119898725216931
9,"Circle",8,3.384095359,0.92518673,"High","N",3,0.0937012697797229
9,"Circle",8,3.775683466,1.024292966,"High","N",4,0.0864059349178592
9,"Circle",8,3.529127991,1.104060914,"High","N",4,0.0737913562133494
9,"Circle",8,4.065748731,1.22008702,"High","N",4,0.084061659679582
9,"Circle",8,2.963500725,1.490813996,"High","N",6,0.0673457342673829
9,"Circle",8,2.661348803,1.594755257,"High","N",6,0.0930688235313208
9,"Circle",8,3.671742204,1.86789884,"High","N",7,0.017079191468815
9,"Circle",9,2.863827612,0.911105136,"High","N",3,0.122792600573476
9,"Circle",9,3.247969496,1.093326901,"High","N",4,0.0844062894558488
9,"Circle",9,3.754002555,1.23984194,"High","N",4,0.0618277027761871
9,"Circle",9,3.305836408,1.280472332,"High","N",5,0.0642021676420957
9,"Circle",9,3.002340311,1.359886279,"High","N",5,0.079488740196989
9,"Circle",9,4.014406429,1.385741983,"High","N",5,0.0616146245750225
9,"Circle",9,3.831569667,1.533488862,"High","N",6,0.0372587336507392
9,"Circle",9,3.133465665,1.987810513,"High","N",8,0.0534412208240979
9,"Circle",10,3.239385066,0.878477306,"High","N",3,0.0607168677034112
9,"Circle",10,3.887871523,1.047461567,"High","N",4,0.0479348771577005
9,"Circle",10,4.278307101,1.068204612,"High","N",4,0.0818352541967425
9,"Circle",10,4.133113104,1.167033309,"High","N",4,0.0639086428921922
9,"Circle",10,3.782942899,1.25,"High","N",5,0.0264841560441167
9,"Circle",10,3.234504026,1.404954246,"High","N",5,0.0341793914932638
9,"Circle",10,4.06295754,1.89238653,"High","N",7,0.0770997760775933
9,"Circle",12,3.837719298,0.964303728,"High","N",3,0.0912936615003702
9,"Circle",12,2.841739766,1.069078947,"High","N",4,0.1123625140376
9,"Circle",12,3.464912281,1.175073099,"High","N",4,0.0680879626491846
9,"Circle",12,3.851120249,1.290813231,"High","N",5,0.0593154616915293
9,"Circle",12,3.636695906,1.292032164,"High","N",5,0.0539143232522643
9,"Circle",12,2.918494152,1.365131579,"High","N",5,0.0867911946161812
9,"Circle",12,3.732944079,1.769614401,"High","N",7,0.012661352022775
9,"Circle",12,3.475877193,2.1875,"High","N",8,0.0428958206999495
9,"Circle",13,4.397837435,0.945190157,"High","N",3,0.125002642272219
9,"Circle",13,3.215883669,0.958240119,"High","N",3,0.0969225607385458
9,"Circle",13,3.338926174,0.995525727,"High","N",3,0.0888532808681176
9,"Circle",13,3.84601044,1.211782252,"High","N",4,0.0685841978703076
9,"Circle",13,4.492915735,1.39448173,"High","N",5,0.105491836518035
9,"Circle",13,4.125652498,1.498881432,"High","N",6,0.0660553119181648
9,"Circle",13,2.758514169,1.544867636,"High","N",6,0.0903628706921247
9,"Circle",13,4.332587621,1.759880686,"High","N",7,0.0794927604487856
9,"Circle",14,3.270381451,0.938668661,"High","N",3,0.0999242938274686
9,"Circle",14,3.593866866,1.02842184,"High","N",4,0.0820046573807014
9,"Circle",14,4.003365744,1.151832461,"High","N",4,0.0776215922203104
9,"Circle",14,3.165669409,1.275243082,"High","N",5,0.0762332656751788
9,"Circle",14,2.900149589,1.30329095,"High","N",5,0.0957619718215337
9,"Circle",14,3.995886313,1.44540015,"High","N",5,0.0517648746217851
9,"Circle",14,3.403141361,1.593118923,"High","N",6,0.0350743135413221
9,"Circle",14,3.964098728,1.957741212,"High","N",8,0.0356931510944391
9,"Circle",15,2.946,0.86,"High","N",3,0.122378312334338
9,"Circle",15,3.339,1.224,"High","N",4,0.0682988095147648
9,"Circle",15,3.027,1.365,"High","N",5,0.0778300443280265
9,"Circle",15,2.916,1.595,"High","N",6,0.0772216722602688
9,"Circle",15,3.339,2.099,"High","N",8,0.0421857411726209
9,"Circle",15,3.754,1.52,"High","N",6,0.0337151973512535
9,"Circle",15,4.385,1.602,"High","N",6,0.0834891130754161
9,"Circle",15,4.57,1.58,"High","N",6,0.102894548302748
9,"Circle",16,2.966820988,1.043595679,"High","N",4,0.10818169873957
9,"Circle",16,3.933898534,1.164481096,"High","N",4,0.0758797765846855
9,"Circle",16,3.128858025,1.174768519,"High","N",4,0.0867119414081559
9,"Circle",16,4.095935571,1.311086034,"High","N",5,0.0721617877933006
9,"Circle",16,3.445216049,1.329089506,"High","N",5,0.055795326006146
9,"Circle",16,3.167438272,1.359953704,"High","N",5,0.0694714730760643
9,"Circle",16,2.94367284,1.385673225,"High","N",5,0.0863289699511144
10,"Circle",4,4.125826498,1.225802349,"High","N",3,0.0843306122664776
10,"Circle",4,3.162827351,1.336069427,"High","N",4,0.0580060618527122
10,"Circle",4,3.826879585,1.554153816,"High","N",5,0.0440623375422638
10,"Circle",4,3.594094757,1.576207232,"High","N",5,0.0305214128484066
10,"Circle",4,3.398063784,1.602548199,"High","N",5,0.0272481568227138
10,"Circle",4,2.848566179,1.872702539,"High","N",6,0.0571817369883477
10,"Circle",5,2.961228713,1.264524693,"High","N",4,0.0510374397596834
10,"Circle",5,3.487669373,1.442376268,"High","N",4,0.0209439461997049
10,"Circle",5,3.718876419,1.463718457,"High","N",4,0.0351833092025514
10,"Circle",5,2.402774769,1.515295413,"High","N",4,0.0891080458543654
10,"Circle",5,2.788712685,1.595328622,"High","N",5,0.053486350624383
10,"Circle",5,3.565924065,1.700261051,"High","N",5,0.0179857590730511
10,"Circle",6,4.143396226,1.352830189,"High","N",4,0.0781369202146657
10,"Circle",6,3.552830189,1.494339623,"High","N",4,0.0378345782210587
10,"Circle",6,4.188679245,1.769811321,"High","N",5,0.0652000977059828
10,"Circle",6,3.735849057,1.771698113,"High","N",5,0.0259332702714719
10,"Circle",6,4.726415094,1.830188679,"High","N",6,0.1130495389818
10,"Circle",6,2.932075472,1.886792453,"High","N",6,0.0500692331379324
10,"Circle",8,2.567084564,1.120753323,"High","N",3,0.0919405933141485
10,"Circle",8,3.888478582,1.125060931,"High","N",3,0.064010188434053
10,"Circle",8,3.738306869,1.319547637,"High","N",4,0.0417617424947344
10,"Circle",8,3.36903065,1.324470089,"High","N",4,0.0306616280380693
10,"Circle",8,3.669374077,1.691285081,"High","N",5,0.0223016317222094
10,"Circle",8,2.884047267,1.787296898,"High","N",6,0.050594740890657
10,"Circle",9,4.327688627,1.240953257,"High","N",3,0.0877872554747807
10,"Circle",9,3.23395841,1.455036805,"High","N",4,0.0530522178054677
10,"Circle",9,3.633295915,1.50104343,"High","N",4,0.0359382319231343
10,"Circle",9,4.018524107,1.63354251,"High","N",5,0.0435890720549595
10,"Circle",9,3.760274199,1.81020795,"High","N",6,0.0152019576679646
10,"Circle",9,3.143785425,2.09728929,"High","N",7,0.046644865769867
10,"Circle",10,3.668998527,1.152430044,"High","N",3,0.0612388798805777
10,"Circle",10,2.871870398,1.244477172,"High","N",3,0.068768615414016
10,"Circle",10,3.950662739,1.338365243,"High","N",4,0.0630285698458374
10,"Circle",10,3.212444772,1.533505155,"High","N",5,0.0284890035071964
10,"Circle",10,3.543814433,1.728645066,"High","N",5,0.0127456428378201
10,"Circle",10,2.710480486,1.809033505,"High","N",6,0.0637198833698841
10,"Circle",12,4.445430273,0.926396456,"High","N",2,0.119446683152955
10,"Circle",12,2.495558059,1.171954801,"High","N",3,0.0888807604752839
10,"Circle",12,2.67068494,1.470812631,"High","N",4,0.0637021258835139
10,"Circle",12,4.288071156,1.4720823,"High","N",4,0.0868680838419063
10,"Circle",12,2.659263622,1.899112069,"High","N",6,0.0664273777815205
10,"Circle",12,3.597715279,1.909263717,"High","N",6,0.0324605044078105
10,"Circle",13,4.550283543,1.395478132,"High","N",4,0.104412906618056
10,"Circle",13,4.353841735,1.465900667,"High","N",4,0.0856644774175594
10,"Circle",13,4.624412528,1.569681245,"High","N",5,0.108943591074866
10,"Circle",13,4.153693477,1.877316531,"High","N",6,0.069453851238519
10,"Circle",13,3.345687546,2.032987398,"High","N",6,0.0364240241577625
10,"Circle",15,5.11551705,1.212008895,"High","N",3,0.153352347637478
10,"Circle",15,4.322336916,1.719792439,"High","N",5,0.0767079281600012
10,"Circle",15,5.122929948,1.76056338,"High","N",5,0.149440830431773
10,"Circle",15,3.584753521,2.020014826,"High","N",6,0.0358057323288906
10,"Circle",15,3.458734248,2.361008154,"High","N",8,0.0655345519383274
