"","Colony","Nest","Day","ScaledX","ScaledY","Density","Corner","Bin","ToBrood","Sex","Ratio"
"1",11,"Tube",12,6.407945953,3.569987209,"Low","Y",7,0.32225067196362,"M",1
"2",11,"Tube",12,4.478563616,1.98297566,"Low","N",8,0.544464422001308,"M",1
"3",11,"Tube",13,6.06314519,3.72825766,"Low","Y",6,0.298078622203365,"M",1
"4",11,"Tube",13,6.537055516,3.294681334,"Low","Y",7,0.34201510846154,"M",1
"5",11,"Tube",13,5.884168026,1.751954027,"Low","N",8,0.456155542572124,"M",1
"6",11,"Tube",13,5.125408983,1.740610444,"Low","N",8,0.50357096042726,"M",1
"7",12,"Tube",3,3.700638337,1.371105592,"Low","Y",1,0.0315506415277276,"M",0.863636363636364
"8",12,"Tube",3,2.271891096,1.547706034,"Low","N",2,0.13876717126058,"M",0.863636363636364
"9",12,"Tube",3,2.132082414,1.676477189,"Low","N",2,0.153323663859439,"M",0.863636363636364
"10",12,"Tube",3,1.440397351,2.857492642,"Low","Y",3,0.283722465004013,"F",0.863636363636364
"11",12,"Tube",3,1.609639441,2.872209345,"Low","Y",3,0.281624766406259,"M",0.863636363636364
"12",12,"Tube",3,2.514716703,3.405689845,"Low","Y",4,0.264811186448376,"M",0.863636363636364
"13",12,"Tube",3,3.062301325,3.357247976,"Low","N",5,0.30830747624638,"F",0.863636363636364
"14",12,"Tube",3,3.460264901,3.379935614,"Low","N",5,0.342937502471712,"M",0.863636363636364
"15",12,"Tube",3,3.302060338,3.162864238,"Low","N",5,0.325898222878047,"M",0.863636363636364
"16",12,"Tube",3,3.519131714,3.218051876,"Low","N",5,0.345552359588869,"M",0.863636363636364
"17",12,"Tube",3,3.651582046,3.427764901,"Low","N",5,0.360384590853859,"M",0.863636363636364
"18",12,"Tube",3,3.732523915,3.44616078,"Low","N",5,0.367729561124336,"M",0.863636363636364
"19",12,"Tube",3,4.245768948,3.210080942,"Low","N",5,0.409413317799998,"M",0.863636363636364
"20",12,"Tube",3,4.078979029,3.462717071,"Low","N",5,0.398002305728061,"M",0.863636363636364
"21",12,"Tube",3,4.623497057,3.251777042,"Low","Y",6,0.443033473120488,"M",0.863636363636364
"22",12,"Tube",3,4.711797277,3.364606328,"Low","Y",6,0.451881304418912,"F",0.863636363636364
"23",12,"Tube",3,4.802551508,3.433283664,"Low","Y",6,0.460657438470904,"M",0.863636363636364
"24",12,"Tube",3,5.887293966,3.137110007,"Low","Y",6,0.554046374760084,"M",0.863636363636364
"25",12,"Tube",3,5.529188742,3.419179544,"Low","Y",6,0.524272059307354,"M",0.863636363636364
"26",12,"Tube",3,6.33124908,2.330143488,"Low","Y",7,0.737977043635031,"M",0.863636363636364
"27",12,"Tube",3,6.046725533,1.721854305,"Low","Y",7,0.779077709890438,"M",0.863636363636364
"28",12,"Tube",3,4.514348786,1.680156365,"Low","N",8,0.735649052309563,"M",0.863636363636364
"29",12,"Tube",3,4.470198675,1.794210817,"Low","N",8,0.738742739587575,"F",0.863636363636364
"30",12,"Tube",5,3.682142594,0.776836772,"Low","Y",1,0.0133931454943252,"M",0.793103448275862
"31",12,"Tube",5,3.662490789,1.378653279,"Low","Y",1,0.0401587964300874,"M",0.793103448275862
"32",12,"Tube",5,3.318594326,1.747113117,"Low","Y",1,0.080191495325649,"F",0.793103448275862
"33",12,"Tube",5,2.485261606,1.674649963,"Low","N",2,0.131184434283667,"M",0.793103448275862
"34",12,"Tube",5,2.278924097,1.549373618,"Low","N",2,0.145937186713095,"M",0.793103448275862
"35",12,"Tube",5,2.094694178,1.748341931,"Low","N",2,0.166018979462269,"M",0.793103448275862
"36",12,"Tube",5,2.005650332,1.556129329,"Low","N",2,0.169888377594089,"M",0.793103448275862
"37",12,"Tube",5,1.642102063,1.887743183,"Low","Y",3,0.208291726451348,"M",0.793103448275862
"38",12,"Tube",5,1.433308769,1.946696758,"Low","Y",3,0.227424595395514,"F",0.793103448275862
"39",12,"Tube",5,1.421026161,2.516580693,"Low","Y",3,0.26408303245644,"F",0.793103448275862
"40",12,"Tube",5,1.548760133,2.256203021,"Low","Y",3,0.238421420125481,"F",0.793103448275862
"41",12,"Tube",5,1.531564112,2.663964628,"Low","Y",3,0.272761848547201,"M",0.793103448275862
"42",12,"Tube",5,1.656840457,3.160156595,"Low","Y",4,0.314237945250618,"M",0.793103448275862
"43",12,"Tube",5,1.62736367,3.280521371,"Low","Y",4,0.325075004955988,"M",0.793103448275862
"44",12,"Tube",5,1.696144068,3.440186072,"Low","Y",4,0.338764440256399,"M",0.793103448275862
"45",12,"Tube",5,1.784574429,3.133137436,"Low","Y",4,0.209294136570349,"M",0.793103448275862
"46",12,"Tube",5,2.6958972,3.422991894,"Low","Y",4,0.287573592330109,"F",0.793103448275862
"47",12,"Tube",5,3.266396463,3.253500368,"Low","N",5,0.331661075060071,"M",0.793103448275862
"48",12,"Tube",5,4.003316139,3.131908622,"Low","N",5,0.395254597335315,"M",0.793103448275862
"49",12,"Tube",5,4.20412675,3.406411201,"Low","N",5,0.415731638570535,"F",0.793103448275862
"50",12,"Tube",5,4.745762712,3.246131172,"Low","Y",6,0.461522794837682,"M",0.793103448275862
"51",12,"Tube",5,4.913411938,3.161385409,"Low","Y",6,0.475803087155666,"M",0.793103448275862
"52",12,"Tube",5,5.138785925,3.187177598,"Low","Y",6,0.495842264467052,"M",0.793103448275862
"53",12,"Tube",5,5.447678703,3.225865881,"Low","Y",6,0.523332887478232,"F",0.793103448275862
"54",12,"Tube",5,6.162490789,3.026897568,"Low","Y",6,0.585939362819414,"M",0.793103448275862
"55",12,"Tube",5,6.011422255,2.827929256,"Low","Y",7,0.693579774448624,"M",0.793103448275862
"56",12,"Tube",5,6.188282977,2.072586588,"Low","Y",7,0.760001578625623,"M",0.793103448275862
"57",12,"Tube",5,6.29513633,1.5899042,"Low","Y",7,0.803449527604791,"M",0.793103448275862
"58",12,"Tube",5,6.092483419,1.578850405,"Low","Y",7,0.799997777657931,"M",0.793103448275862
"59",12,"Tube",5,5.788504053,1.717022845,"Low","Y",7,0.785670804234095,"F",0.793103448275862
"60",12,"Tube",5,5.683492999,1.62736367,"Low","Y",7,0.794189325365544,"M",0.793103448275862
"61",12,"Tube",5,4.568288504,1.60525608,"Low","N",8,0.739711763087214,"M",0.793103448275862
"62",12,"Tube",9,3.333333333,1.695906433,"Low","Y",1,0.437504871754609,"M",0.833333333333333
"63",12,"Tube",9,3.14875731,1.763523392,"Low","N",2,0.42079015226372,"M",0.833333333333333
"64",12,"Tube",9,2.775950292,1.449195906,"Low","N",2,0.393927690404666,"M",0.833333333333333
"65",12,"Tube",9,2.543859649,1.631335892,"Low","N",2,0.369418059385843,"M",0.833333333333333
"66",12,"Tube",9,2.135721857,1.705652412,"Low","N",2,0.332922944748516,"M",0.833333333333333
"67",12,"Tube",9,2.009014985,1.502192982,"Low","N",2,0.33464743001042,"M",0.833333333333333
"68",12,"Tube",9,1.614278143,1.660575658,"Low","Y",3,0.416521046416857,"M",0.833333333333333
"69",12,"Tube",9,1.775096857,1.689815424,"Low","Y",3,0.413205441967374,"M",0.833333333333333
"70",12,"Tube",9,1.49122807,1.987085161,"Low","Y",3,0.390092024174199,"M",0.833333333333333
"71",12,"Tube",9,1.695906433,2.411061769,"Low","Y",3,0.349721225855688,"M",0.833333333333333
"72",12,"Tube",9,1.733675073,2.670564693,"Low","Y",3,0.32653468182776,"M",0.833333333333333
"73",12,"Tube",9,3.076876827,3.15911367,"Low","N",5,0.180965376817021,"F",0.833333333333333
"74",12,"Tube",9,3.149976243,3.402777778,"Low","N",5,0.174506568460077,"F",0.833333333333333
"75",12,"Tube",9,4.449318348,3.435672515,"Low","N",5,0.0607569223398,"M",0.833333333333333
"76",12,"Tube",9,4.356725146,3.205409357,"Low","N",5,0.0677244864686552,"M",0.833333333333333
"77",12,"Tube",9,5.404482822,3.333333333,"Low","Y",6,0.0257391655987102,"F",0.833333333333333
"78",12,"Tube",9,5.910696272,3.206017909,"Low","Y",6,0.0704300423597843,"M",0.833333333333333
"79",12,"Tube",9,6.013035453,3.098806652,"Low","Y",6,0.0807988804122926,"M",0.833333333333333
"80",12,"Tube",9,6.065423977,2.72721674,"Low","Y",7,0.100882053483584,"M",0.833333333333333
"81",12,"Tube",9,5.958210892,2.057139985,"Low","Y",7,0.153708360760347,"F",0.833333333333333
"82",12,"Tube",9,6.215277778,1.923123173,"Low","Y",7,0.170636401355539,"M",0.833333333333333
"83",12,"Tube",9,6.077607822,1.627070541,"Low","Y",7,0.192951560362385,"M",0.833333333333333
"84",12,"Tube",9,5.970394737,1.628289474,"Low","Y",7,0.19152222397883,"M",0.833333333333333
"85",12,"Tube",9,5.810794956,1.508894371,"Low","Y",7,0.201435066651125,"M",0.833333333333333
"86",12,"Tube",9,5.907041301,1.507675439,"Low","Y",7,0.201729360420445,"M",0.833333333333333
"87",12,"Tube",9,5.280824196,1.650219298,"Low","N",8,0.224372531612053,"M",0.833333333333333
"88",12,"Tube",9,5.107821637,1.630725512,"Low","N",8,0.239471295368984,"M",0.833333333333333
"89",12,"Tube",9,5.081017909,1.736719664,"Low","N",8,0.23979224727263,"M",0.833333333333333
"90",12,"Tube",9,5.145590278,1.46747076,"Low","N",8,0.241975402578963,"M",0.833333333333333
"91",12,"Tube",9,4.574195906,1.617324561,"Low","N",8,0.285757996117065,"M",0.833333333333333
"92",12,"Tube",9,4.464546784,1.67093019,"Low","N",8,0.29463333041705,"M",0.833333333333333
"93",12,"Tube",10,3.653774637,0.974339903,"Low","Y",1,0.229594475438629,"M",0.9
"94",12,"Tube",10,2.674475642,1.746621421,"Low","N",2,0.120020266308053,"M",0.9
"95",12,"Tube",10,2.756290443,1.5681164,"Low","N",2,0.130003353406417,"M",0.9
"96",12,"Tube",10,2.637287096,1.47886389,"Low","N",2,0.122531113651406,"M",0.9
"97",12,"Tube",10,2.386885459,1.671625139,"Low","N",2,0.0960594959678083,"M",0.9
"98",12,"Tube",10,2.317465601,1.524111194,"Low","N",2,0.0952477965834976,"M",0.9
"99",12,"Tube",10,1.962936036,1.520392339,"Low","N",2,0.0719934387947348,"M",0.9
"100",12,"Tube",10,1.646833395,1.59600781,"Low","Y",3,0.162910369406064,"M",0.9
"101",12,"Tube",10,1.504276683,1.956117516,"Low","Y",3,0.133435118602545,"M",0.9
"102",12,"Tube",10,1.729267386,2.114168836,"Low","Y",3,0.116689645593863,"M",0.9
"103",12,"Tube",10,1.413164745,2.984380811,"Low","Y",4,0.0659931934017443,"M",0.9
"104",12,"Tube",10,1.57493492,2.861658609,"Low","Y",3,0.0592184844134748,"M",0.9
"105",12,"Tube",10,1.736705095,2.876534028,"Low","Y",3,0.049435172373973,"F",0.9
"106",12,"Tube",10,2.639146523,3.160407215,"Low","Y",4,0.0488281038051279,"M",0.9
"107",12,"Tube",10,2.820132019,3.237262923,"Low","Y",4,0.0638519871578926,"M",0.9
"108",12,"Tube",10,2.941613983,3.373620305,"Low","Y",4,0.0750088206937025,"F",0.9
"109",12,"Tube",10,3.068055039,3.326515433,"Low","N",5,0.0858146753771536,"M",0.9
"110",12,"Tube",10,3.231684641,3.23912235,"Low","N",5,0.100230435615376,"M",0.9
"111",12,"Tube",10,3.393454816,3.213090368,"Low","N",5,0.114627212142912,"M",0.9
"112",12,"Tube",10,3.774637412,3.402751952,"Low","N",5,0.148645835810481,"M",0.9
"113",12,"Tube",10,4.303333953,3.206271848,"Low","N",5,0.195102720698187,"M",0.9
"114",12,"Tube",10,3.901697657,3.407089996,"Low","N",5,0.159886697492472,"M",0.9
"115",12,"Tube",10,4.660343994,3.362463741,"Low","Y",6,0.226725346164287,"F",0.9
"116",12,"Tube",10,4.849386389,3.188917813,"Low","Y",6,0.243446064220041,"M",0.9
"117",12,"Tube",10,6.105740052,2.458782075,"Low","Y",7,0.387249454030798,"M",0.9
"118",12,"Tube",10,6.161522871,2.213337672,"Low","Y",7,0.409107677827291,"M",0.9
"119",12,"Tube",10,6.05243585,2.13896058,"Low","Y",7,0.412355294937858,"M",0.9
"120",12,"Tube",10,5.840461138,1.775753068,"Low","Y",7,0.44200343322337,"M",0.9
"121",12,"Tube",10,5.973099665,1.56129974,"Low","Y",7,0.461624203262612,"M",0.9
"122",12,"Tube",10,5.742530681,1.453452956,"Low","Y",7,0.470706844944937,"M",0.9
"123",12,"Tube",12,3.600151745,1.060318665,"Low","Y",1,0.367049917048918,"M",0.958333333333333
"124",12,"Tube",12,3.73292868,1.445371775,"Low","Y",1,0.36306561932176,"M",0.958333333333333
"125",12,"Tube",12,2.908763278,1.448216995,"Low","N",2,0.292384652579478,"M",0.958333333333333
"126",12,"Tube",12,2.770295903,1.510811836,"Low","N",2,0.279013105544361,"M",0.958333333333333
"127",12,"Tube",12,2.341616085,1.597116844,"Low","N",2,0.24073785721184,"M",0.958333333333333
"128",12,"Tube",12,2.276176024,1.725151745,"Low","N",2,0.231813071981375,"M",0.958333333333333
"129",12,"Tube",12,1.727996965,1.690060698,"Low","Y",3,0.300586262370552,"M",0.958333333333333
"130",12,"Tube",12,1.460546282,2.099772382,"Low","Y",3,0.268705512328733,"M",0.958333333333333
"131",12,"Tube",12,1.663505311,3.019726859,"Low","Y",4,0.193830662870338,"M",0.958333333333333
"132",12,"Tube",12,1.789643399,3.340288316,"Low","Y",4,0.18172186525638,"M",0.958333333333333
"133",12,"Tube",12,1.919575114,3.216047041,"Low","Y",4,0.17009546542791,"M",0.958333333333333
"134",12,"Tube",12,1.783952959,3.106980273,"Low","Y",4,0.182525985928912,"M",0.958333333333333
"135",12,"Tube",12,2.336874052,3.247344461,"Low","Y",4,0.133138194017382,"M",0.958333333333333
"136",12,"Tube",12,2.368171472,3.386760243,"Low","Y",4,0.130898291800103,"M",0.958333333333333
"137",12,"Tube",12,2.763657056,3.383915023,"Low","Y",4,0.0960656069413772,"M",0.958333333333333
"138",12,"Tube",12,3.885622155,3.292867982,"Low","N",5,0.00522440804022241,"M",0.958333333333333
"139",12,"Tube",12,4.146433991,3.070940819,"Low","N",5,0.0314608627287583,"M",0.958333333333333
"140",12,"Tube",12,5.188732929,3.266312595,"Low","Y",6,0.119222783071407,"M",0.958333333333333
"141",12,"Tube",12,5.548179059,3.353566009,"Low","Y",6,0.151282510156234,"M",0.958333333333333
"142",12,"Tube",12,5.96452959,3.158194234,"Low","Y",6,0.188055982405796,"M",0.958333333333333
"143",12,"Tube",12,6.020485584,2.956183612,"Low","Y",6,0.194606274355298,"M",0.958333333333333
"144",12,"Tube",12,6.195940819,2.009673748,"Low","Y",7,0.273257827282119,"F",0.958333333333333
"145",12,"Tube",12,5.483687405,1.559180577,"Low","N",8,0.322969359590892,"M",0.958333333333333
"146",12,"Tube",12,5.032245827,1.488050076,"Low","N",8,0.360556280999224,"M",0.958333333333333
"147",12,"Tube",12,4.36646434,1.759294385,"Low","N",8,0.412977625149516,"M",0.958333333333333
"148",12,"Tube",13,3.557987711,1.340245776,"Low","Y",1,0.343276334648093,"M",0.961538461538462
"149",12,"Tube",13,3.387096774,1.355606759,"Low","Y",1,0.327619932188408,"M",0.961538461538462
"150",12,"Tube",13,3.429339478,1.576420891,"Low","Y",1,0.326989157809117,"M",0.961538461538462
"151",12,"Tube",13,3.579109063,1.651305684,"Low","Y",1,0.33929572887511,"M",0.961538461538462
"152",12,"Tube",13,3.137480799,1.647465438,"Low","N",2,0.300524856912819,"M",0.961538461538462
"153",12,"Tube",13,1.98156682,1.572580645,"Low","N",2,0.208011151637731,"M",0.961538461538462
"154",12,"Tube",13,1.816436252,1.480414747,"Low","Y",3,0.311579825062053,"M",0.961538461538462
"155",12,"Tube",13,1.572580645,1.927803379,"Low","Y",3,0.273404480729115,"M",0.961538461538462
"156",12,"Tube",13,1.68202765,1.987327189,"Low","Y",3,0.266929373052732,"M",0.961538461538462
"157",12,"Tube",13,1.587941628,2.052611367,"Low","Y",3,0.262295991542934,"M",0.961538461538462
"158",12,"Tube",13,1.499615975,2.15437788,"Low","Y",3,0.255438984110059,"M",0.961538461538462
"159",12,"Tube",13,1.538018433,2.302227343,"Low","Y",3,0.241943015950067,"M",0.961538461538462
"160",12,"Tube",13,1.386328725,2.329109063,"Low","Y",3,0.24521110731589,"M",0.961538461538462
"161",12,"Tube",13,1.505376344,2.724654378,"Low","Y",3,0.210603513180706,"M",0.961538461538462
"162",12,"Tube",13,2.046850998,3.076036866,"Low","Y",4,0.1520182043663,"M",0.961538461538462
"163",12,"Tube",13,4.212110215,3.24500768,"Low","N",5,0.0402052286045468,"M",0.961538461538462
"164",12,"Tube",13,4.331157834,3.325652842,"Low","N",5,0.0514410836603713,"M",0.961538461538462
"165",12,"Tube",13,5.584356759,3.200844854,"Low","Y",6,0.161622380534344,"M",0.961538461538462
"166",12,"Tube",13,5.699564132,3.144521889,"Low","Y",6,0.171957937906237,"M",0.961538461538462
"167",12,"Tube",13,5.865336022,1.865720046,"Low","Y",7,0.287440771999898,"M",0.961538461538462
"168",12,"Tube",13,5.569637097,1.787634409,"Low","N",8,0.313937457429557,"M",0.961538461538462
"169",12,"Tube",13,5.536353687,1.571941244,"Low","N",8,0.325841254540367,"M",0.961538461538462
"170",12,"Tube",13,4.737582565,1.596261521,"Low","N",8,0.389484867904892,"F",0.961538461538462
"171",12,"Tube",13,4.873271889,1.557859063,"Low","N",8,0.37872942032777,"M",0.961538461538462
"172",12,"Tube",13,4.453404378,1.545059524,"Low","N",8,0.415015785457041,"M",0.961538461538462
"173",12,"Tube",13,4.745263057,1.451612903,"Low","N",8,0.392440318488848,"M",0.961538461538462
"174",13,"Tube",9,5.094304734,1.792714497,"Low","Y",6,0.38958100103893,"M",1
"175",13,"Tube",10,4.343283582,0.949626866,"Low","N",8,0.555458536363573,"M",1
"176",13,"Tube",11,4.467840735,0.939892802,"Low","N",8,0.386928304608254,"M",1
"177",13,"Tube",12,4.083343326,0.991047662,"Low","N",8,0.290785214602877,"M",1
"178",13,"Tube",13,4.873076923,1.157692308,"Low","Y",7,0.295364876376281,"M",1
"179",13,"Tube",14,4.382022472,1.059390048,"Low","N",8,0.248214240580146,"M",1
"180",14,"Tube",13,3.439041579,1.041226216,"Low","Y",1,0.126310347526469,"M",1
"181",14,"Tube",13,2.589852008,2.122973925,"Low","N",2,0.0286926698733831,"M",1
"182",14,"Tube",13,2.845900282,2.040755814,"Low","N",2,0.0452939287967094,"M",1
"183",14,"Tube",13,6.101714235,4.335799859,"Low","Y",6,0.398163825568606,"M",1
"184",14,"Tube",13,6.214469697,2.007869979,"Low","N",8,0.693924425207743,"M",1
"185",15,"Tube",7,3.585993541,0.856130319,"Low","Y",1,0.549356814529509,"M",0.603174603174603
"186",15,"Tube",7,3.45681421,1.106890198,"Low","Y",1,0.53023131298308,"M",0.603174603174603
"187",15,"Tube",7,3.787361322,1.3462519,"Low","Y",1,0.53098386526757,"F",0.603174603174603
"188",15,"Tube",7,3.565729483,1.381711626,"Low","Y",1,0.517919444348846,"M",0.603174603174603
"189",15,"Tube",7,3.667045973,1.703394757,"Low","Y",1,0.514322407762546,"M",0.603174603174603
"190",15,"Tube",7,3.460613602,1.847771657,"Low","Y",1,0.498966889136977,"M",0.603174603174603
"191",15,"Tube",7,3.493541033,2.193516337,"Low","Y",1,0.498398824319949,"F",0.603174603174603
"192",15,"Tube",7,3.364361702,2.164386398,"Low","Y",1,0.489704920380709,"M",0.603174603174603
"193",15,"Tube",7,3.318768997,2.083333967,"Low","Y",1,0.487043367222249,"M",0.603174603174603
"194",15,"Tube",7,3.121200608,1.959219225,"Low","N",2,0.474825883957078,"M",0.603174603174603
"195",15,"Tube",7,3.050279255,1.904762538,"Low","N",2,0.470771116056763,"M",0.603174603174603
"196",15,"Tube",7,2.494933511,2.035841565,"Low","N",2,0.431880513524927,"M",0.603174603174603
"197",15,"Tube",7,2.326495061,2.11056231,"Low","N",2,0.419674524695332,"M",0.603174603174603
"198",15,"Tube",7,2.008611322,1.99024886,"Low","N",2,0.400694602921005,"M",0.603174603174603
"199",15,"Tube",7,1.776215805,2.083966565,"Low","N",2,0.383619025868938,"M",0.603174603174603
"200",15,"Tube",7,1.764817629,1.952887538,"Low","N",2,0.386690259013304,"F",0.603174603174603
"201",15,"Tube",7,1.595744681,1.905395137,"Low","N",2,0.379334478357877,"F",0.603174603174603
"202",15,"Tube",7,1.481130319,2.199848024,"Low","N",2,0.362026378277955,"F",0.603174603174603
"203",15,"Tube",7,1.103723404,2.10106383,"Low","Y",3,0.45508031562022,"M",0.603174603174603
"204",15,"Tube",7,1.074595365,1.855370441,"Low","Y",3,0.471895327287878,"F",0.603174603174603
"205",15,"Tube",7,0.835233663,1.879431991,"Low","Y",3,0.471949633918799,"M",0.603174603174603
"206",15,"Tube",7,1.006206307,2.246707827,"Low","Y",3,0.445584799416752,"F",0.603174603174603
"207",15,"Tube",7,1.106255699,2.482270137,"Low","Y",3,0.429095187537451,"M",0.603174603174603
"208",15,"Tube",7,1.184777736,2.139057751,"Low","Y",3,0.452451322551384,"M",0.603174603174603
"209",15,"Tube",7,0.90868731,3.06231003,"Low","Y",3,0.392216824214296,"M",0.603174603174603
"210",15,"Tube",7,0.870693389,3.252279635,"Low","Y",3,0.381256763377852,"F",0.603174603174603
"211",15,"Tube",7,1.065729483,3.900708587,"Low","Y",4,0.344852203419562,"F",0.603174603174603
"212",15,"Tube",7,0.754179331,4.104610562,"Low","Y",4,0.366144453714255,"M",0.603174603174603
"213",15,"Tube",7,0.795972644,4.209726444,"Low","Y",4,0.363529323751344,"M",0.603174603174603
"214",15,"Tube",7,1.510258359,4.085613602,"Low","Y",4,0.314571669105993,"M",0.603174603174603
"215",15,"Tube",7,1.607775456,4.053951368,"Low","Y",4,0.307882286965378,"M",0.603174603174603
"216",15,"Tube",7,1.869933511,4.273049012,"Low","Y",4,0.290640922947185,"M",0.603174603174603
"217",15,"Tube",7,2.633928571,4.151785714,"Low","Y",4,0.238149210526031,"F",0.603174603174603
"218",15,"Tube",7,3.204787234,4.135638298,"Low","N",5,0.199216361995042,"M",0.603174603174603
"219",15,"Tube",7,3.223784195,4.071048632,"Low","N",5,0.19774032437899,"M",0.603174603174603
"220",15,"Tube",7,3.53343465,4.207826748,"Low","N",5,0.177197969086332,"F",0.603174603174603
"221",15,"Tube",7,3.670212766,4.395896657,"Low","N",5,0.169559595478819,"F",0.603174603174603
"222",15,"Tube",7,3.802558891,4.161601444,"Low","N",5,0.158650322171796,"M",0.603174603174603
"223",15,"Tube",7,3.772163754,4.061550152,"Low","N",5,0.160344839586052,"M",0.603174603174603
"224",15,"Tube",7,3.665780775,3.991893997,"Low","N",5,0.167511026642905,"M",0.603174603174603
"225",15,"Tube",7,3.986194909,4.098276976,"Low","N",5,0.145872355900497,"M",0.603174603174603
"226",15,"Tube",7,4.25468655,3.998227584,"Low","N",5,0.127356876142816,"M",0.603174603174603
"227",15,"Tube",7,4.830927052,4.128039514,"Low","Y",6,0.0886114320260582,"M",0.603174603174603
"228",15,"Tube",7,4.98100304,4.179331307,"Low","Y",6,0.078966544955376,"F",0.603174603174603
"229",15,"Tube",7,5.879559271,4.166033435,"Low","Y",6,0.0207239149514629,"M",0.603174603174603
"230",15,"Tube",7,6.356382979,3.977963526,"Low","Y",6,0.0159649911999229,"M",0.603174603174603
"231",15,"Tube",7,6.641337386,4.147036474,"Low","Y",6,0.0371137518475601,"M",0.603174603174603
"232",15,"Tube",7,6.419072948,4.245820669,"Low","Y",6,0.0270227831515053,"M",0.603174603174603
"233",15,"Tube",7,6.791413374,4.378799392,"Low","Y",6,0.0530042656882394,"F",0.603174603174603
"234",15,"Tube",7,6.736322188,3.436550152,"Low","Y",7,0.0570275021005289,"M",0.603174603174603
"235",15,"Tube",7,6.941489362,3.447948328,"Low","Y",7,0.0669606276308571,"F",0.603174603174603
"236",15,"Tube",7,6.926291793,3.11550152,"Low","Y",7,0.0821650485487931,"F",0.603174603174603
"237",15,"Tube",7,6.797112462,2.824848024,"Low","Y",7,0.0948467856277245,"F",0.603174603174603
"238",15,"Tube",7,6.686930091,2.828647416,"Low","Y",7,0.0919066927664018,"F",0.603174603174603
"239",15,"Tube",7,6.964285714,2.344224924,"Low","Y",7,0.129475065404322,"F",0.603174603174603
"240",15,"Tube",7,6.871200608,1.996580547,"Low","Y",7,0.149840394917886,"F",0.603174603174603
"241",15,"Tube",7,6.675531915,2.070668693,"Low","Y",7,0.141852354000487,"M",0.603174603174603
"242",15,"Tube",7,6.572948328,2.17325228,"Low","Y",7,0.133815718410956,"F",0.603174603174603
"243",15,"Tube",7,6.580547112,2.374620061,"Low","Y",7,0.120316124837664,"F",0.603174603174603
"244",15,"Tube",7,6.017604483,1.896529255,"Low","N",8,0.16068133394535,"F",0.603174603174603
"245",15,"Tube",7,6.084093845,2.269504179,"Low","N",8,0.140439290558429,"F",0.603174603174603
"246",15,"Tube",7,6.054963906,2.10106383,"Low","N",8,0.148341511871215,"F",0.603174603174603
"247",15,"Tube",7,5.583839286,2.022543693,"Low","N",8,0.178419055073111,"M",0.603174603174603
"248",15,"Tube",7,5.460993541,1.914893617,"Low","N",8,0.189158115258301,"F",0.603174603174603
"249",15,"Tube",7,6.396909195,2.084599164,"Low","Y",7,0.138802266457599,"F",0.603174603174603
"250",15,"Tube",9,3.81141046,1.281036054,"Low","Y",1,0.525543112921332,"M",0.59016393442623
"251",15,"Tube",9,3.671420365,1.254621632,"Low","Y",1,0.519758944205144,"M",0.59016393442623
"252",15,"Tube",9,3.815372425,1.665346672,"Low","Y",1,0.51524621456699,"M",0.59016393442623
"253",15,"Tube",9,3.543318146,1.712890254,"Low","Y",1,0.496445854622066,"M",0.59016393442623
"254",15,"Tube",9,3.810089144,1.922874406,"Low","Y",1,0.51220526326045,"M",0.59016393442623
"255",15,"Tube",9,3.549920761,2.163232964,"Low","Y",1,0.492925900411831,"M",0.59016393442623
"256",15,"Tube",9,3.151083597,1.868726228,"Low","N",2,0.468590001870041,"F",0.59016393442623
"257",15,"Tube",9,2.461701664,1.830427892,"Low","N",2,0.424038862698333,"F",0.59016393442623
"258",15,"Tube",9,2.667723851,1.947965531,"Low","N",2,0.435246334047465,"F",0.59016393442623
"259",15,"Tube",9,2.415477417,1.896459984,"Low","N",2,0.419597542528038,"F",0.59016393442623
"260",15,"Tube",9,2.752244453,2.142101823,"Low","N",2,0.438789912210331,"M",0.59016393442623
"261",15,"Tube",9,2.571315372,2.171156894,"Low","N",2,0.426321580847636,"F",0.59016393442623
"262",15,"Tube",9,2.142101823,2.123613312,"Low","N",2,0.397713093532502,"F",0.59016393442623
"263",15,"Tube",9,2.511885895,2.033809429,"Low","N",2,0.423625847349645,"M",0.59016393442623
"264",15,"Tube",9,1.662044374,2.082672345,"Low","N",2,0.366993457442892,"F",0.59016393442623
"265",15,"Tube",9,1.971077655,2.002113708,"Low","N",2,0.388597715814306,"M",0.59016393442623
"266",15,"Tube",9,1.951267829,1.937400951,"Low","N",2,0.389045819783272,"M",0.59016393442623
"267",15,"Tube",9,1.218304279,2.106444136,"Low","Y",3,0.445320349219667,"M",0.59016393442623
"268",15,"Tube",9,0.996434231,2.237188986,"Low","Y",3,0.436880769512511,"F",0.59016393442623
"269",15,"Tube",9,1.137743661,2.390386292,"Low","Y",3,0.425889071556045,"M",0.59016393442623
"270",15,"Tube",9,0.82078645,2.916006339,"Low","Y",3,0.394210586967389,"F",0.59016393442623
"271",15,"Tube",9,0.82078645,3.342577258,"Low","Y",3,0.368375505535251,"M",0.59016393442623
"272",15,"Tube",9,0.876253962,3.489169968,"Low","Y",3,0.358201615426386,"M",0.59016393442623
"273",15,"Tube",9,0.902668384,3.623876783,"Low","Y",3,0.350673173166103,"M",0.59016393442623
"274",15,"Tube",9,1.078314184,3.844427496,"Low","Y",4,0.334608913039128,"F",0.59016393442623
"275",15,"Tube",9,1.053223059,4.202323693,"Low","Y",4,0.336096773617034,"M",0.59016393442623
"276",15,"Tube",9,1.135103011,4.384574089,"Low","Y",4,0.331092831379767,"M",0.59016393442623
"277",15,"Tube",9,1.449419572,4.447965531,"Low","Y",4,0.310039646895106,"M",0.59016393442623
"278",15,"Tube",9,1.663365689,4.214209588,"Low","Y",4,0.294535328379598,"M",0.59016393442623
"279",15,"Tube",9,2.206154913,4.290808241,"Low","Y",4,0.25780190807365,"F",0.59016393442623
"280",15,"Tube",9,3.204570127,4.308637084,"Low","N",5,0.189982108499105,"F",0.59016393442623
"281",15,"Tube",9,3.398706418,4.196380745,"Low","N",5,0.176251850139489,"F",0.59016393442623
"282",15,"Tube",9,3.705427892,4.372028526,"Low","N",5,0.156497847503723,"F",0.59016393442623
"283",15,"Tube",9,3.847068146,4.129358162,"Low","N",5,0.14552100631681,"F",0.59016393442623
"284",15,"Tube",9,4.047147385,4.238312203,"Low","N",5,0.132327772139064,"F",0.59016393442623
"285",15,"Tube",9,4.176901743,4.140253566,"Low","N",5,0.123068228968037,"M",0.59016393442623
"286",15,"Tube",9,4.226426307,4.345285261,"Low","N",5,0.121077276510476,"M",0.59016393442623
"287",15,"Tube",9,4.354199683,4.124405705,"Low","N",5,0.11094642068631,"F",0.59016393442623
"288",15,"Tube",9,4.595879556,4.094690967,"Low","N",5,0.0944173212047597,"M",0.59016393442623
"289",15,"Tube",9,5.104992076,4.300713154,"Low","Y",6,0.0617557066311655,"F",0.59016393442623
"290",15,"Tube",9,5.934364105,4.239302694,"Low","Y",6,0.0120870476231112,"M",0.59016393442623
"291",15,"Tube",9,6.299524564,4.220814184,"Low","Y",6,0.0241335732837584,"M",0.59016393442623
"292",15,"Tube",9,6.994849445,4.358161648,"Low","Y",6,0.0719568226781319,"F",0.59016393442623
"293",15,"Tube",9,6.857501981,3.980453645,"Low","Y",6,0.0601169068611369,"M",0.59016393442623
"294",15,"Tube",9,6.909007528,3.697834786,"Low","Y",7,0.0683790955083568,"M",0.59016393442623
"295",15,"Tube",9,6.766376783,3.627838748,"Low","Y",7,0.0614713174097334,"M",0.59016393442623
"296",15,"Tube",9,6.9856042,3.577654517,"Low","Y",7,0.0762850689495238,"M",0.59016393442623
"297",15,"Tube",9,6.819201664,3.061277734,"Low","Y",7,0.0923895850111806,"M",0.59016393442623
"298",15,"Tube",9,6.757131537,2.768092314,"Low","Y",7,0.108648637536447,"M",0.59016393442623
"299",15,"Tube",9,6.840332805,2.717908082,"Low","Y",7,0.113954346489992,"M",0.59016393442623
"300",15,"Tube",9,7.029185816,2.609613708,"Low","Y",7,0.126250018086391,"M",0.59016393442623
"301",15,"Tube",9,6.861463946,2.256998811,"Low","Y",7,0.143899624616106,"F",0.59016393442623
"302",15,"Tube",9,6.437533677,2.171156894,"Low","Y",7,0.144283662733196,"M",0.59016393442623
"303",15,"Tube",9,6.333201268,1.967775357,"Low","Y",7,0.157937618746168,"M",0.59016393442623
"304",15,"Tube",9,6.182646593,1.961172742,"Low","N",8,0.162774908235262,"M",0.59016393442623
"305",15,"Tube",9,5.677496038,1.95225832,"Low","N",8,0.186295331973712,"F",0.59016393442623
"306",15,"Tube",9,5.708201268,2.039421553,"Low","N",8,0.18152894060555,"M",0.59016393442623
"307",15,"Tube",9,5.805269414,2.159270998,"Low","N",8,0.172127464454108,"F",0.59016393442623
"308",15,"Tube",9,6.010301109,2.308835182,"Low","N",8,0.155871673489675,"F",0.59016393442623
"309",15,"Tube",9,5.830031696,2.277139461,"Low","N",8,0.16835241038023,"F",0.59016393442623
"310",15,"Tube",9,5.344690967,2.128565769,"Low","N",8,0.202819787677261,"M",0.59016393442623
"311",15,"Tube",10,3.593666534,1.043322734,"Low","Y",1,0.0087449746394434,"M",0.690909090909091
"312",15,"Tube",10,3.781796502,1.17845787,"Low","Y",1,0.00723091931864091,"M",0.690909090909091
"313",15,"Tube",10,3.858638712,1.17845787,"Low","Y",1,0.0121547585570537,"M",0.690909090909091
"314",15,"Tube",10,3.698330684,1.273847377,"Low","Y",1,0.00972899337942786,"M",0.690909090909091
"315",15,"Tube",10,3.640037758,1.534843005,"Low","Y",1,0.0276765572654031,"M",0.690909090909091
"316",15,"Tube",10,3.056438792,2.013116057,"Low","N",2,0.0739474004102258,"M",0.690909090909091
"317",15,"Tube",10,2.700715421,2.2436407,"Low","N",2,0.101672642350555,"F",0.690909090909091
"318",15,"Tube",10,2.567567568,1.848171701,"Low","N",2,0.0976379608265738,"F",0.690909090909091
"319",15,"Tube",10,2.26483903,1.824986089,"Low","N",2,0.117947633760283,"M",0.690909090909091
"320",15,"Tube",10,2.124403816,2.267488076,"Low","N",2,0.135376662411898,"M",0.690909090909091
"321",15,"Tube",10,2.095256359,2.161500397,"Low","N",2,0.134393204337349,"F",0.690909090909091
"322",15,"Tube",10,1.993243243,1.998543323,"Low","N",2,0.138020200449285,"F",0.690909090909091
"323",15,"Tube",10,1.942899444,1.86738275,"Low","N",2,0.140073010880863,"M",0.690909090909091
"324",15,"Tube",10,1.802464229,1.862082671,"Low","N",2,0.149577766025811,"M",0.690909090909091
"325",15,"Tube",10,1.689189189,2.217806041,"Low","N",2,0.161856922078721,"F",0.690909090909091
"326",15,"Tube",10,1.63354531,2.112480127,"Low","N",2,0.163645988161721,"F",0.690909090909091
"327",15,"Tube",10,0.995627981,2.395999603,"Low","Y",3,0.211668603503793,"M",0.690909090909091
"328",15,"Tube",10,1.189056041,2.308559221,"Low","Y",3,0.198579113347243,"M",0.690909090909091
"329",15,"Tube",10,0.751854134,2.849099762,"Low","Y",3,0.245098541754364,"F",0.690909090909091
"330",15,"Tube",10,0.921436804,2.801405008,"Low","Y",3,0.236133986082539,"M",0.690909090909091
"331",15,"Tube",10,1.011526232,2.896794515,"Low","Y",3,0.239991398071251,"F",0.690909090909091
"332",15,"Tube",10,0.746556041,3.07697337,"Low","Y",3,0.258325288240377,"M",0.690909090909091
"333",15,"Tube",10,0.998277027,3.439984102,"Low","Y",3,0.276441011821518,"F",0.690909090909091
"334",15,"Tube",10,0.839294515,3.559220986,"Low","Y",3,0.28666072794975,"M",0.690909090909091
"335",15,"Tube",10,1.045971781,3.606915739,"Low","Y",3,0.287317588941808,"M",0.690909090909091
"336",15,"Tube",10,1.157259539,3.783122019,"Low","Y",4,0.200432564015292,"F",0.690909090909091
"337",15,"Tube",10,0.815447138,4.013646661,"Low","Y",4,0.316877683142095,"M",0.690909090909091
"338",15,"Tube",10,0.921436804,4.14745628,"Low","Y",4,0.3247310786167,"M",0.690909090909091
"339",15,"Tube",10,1.084393879,4.309087838,"Low","Y",4,0.334829681886419,"M",0.690909090909091
"340",15,"Tube",10,1.328165739,4.311738871,"Low","Y",4,0.23547860030224,"M",0.690909090909091
"341",15,"Tube",10,1.897853736,4.240858506,"Low","Y",4,0.257639580360833,"F",0.690909090909091
"342",15,"Tube",10,2.551669316,4.313726153,"Low","Y",4,0.30025840175192,"F",0.690909090909091
"343",15,"Tube",10,3.312136328,4.207736486,"Low","N",5,0.348527544976527,"F",0.690909090909091
"344",15,"Tube",10,3.630763116,4.217011129,"Low","N",5,0.370033937853829,"M",0.690909090909091
"345",15,"Tube",10,3.662559618,4.372019078,"Low","N",5,0.374199648361644,"F",0.690909090909091
"346",15,"Tube",10,3.932168124,4.181240064,"Low","N",5,0.389993696277638,"M",0.690909090909091
"347",15,"Tube",10,5.526629571,4.153418124,"Low","Y",6,0.497932807547956,"M",0.690909090909091
"348",15,"Tube",10,6.61963434,4.02027027,"Low","Y",6,0.571806881295231,"M",0.690909090909091
"349",15,"Tube",10,6.778616852,4.113672496,"Low","Y",6,0.582936475177673,"F",0.690909090909091
"350",15,"Tube",10,6.963434022,3.824191176,"Low","Y",6,0.594962610457932,"M",0.690909090909091
"351",15,"Tube",10,6.748807631,3.842740461,"Low","Y",6,0.580333937092726,"M",0.690909090909091
"352",15,"Tube",10,6.934286566,3.530073529,"Low","Y",7,0.718038833856515,"M",0.690909090909091
"353",15,"Tube",10,6.98198132,2.276762719,"Low","Y",7,0.788755561498857,"M",0.690909090909091
"354",15,"Tube",10,6.176470588,2.109831081,"Low","N",8,0.651899800997425,"M",0.690909090909091
"355",15,"Tube",10,6.240063593,2.128378378,"Low","N",8,0.648803534117964,"M",0.690909090909091
"356",15,"Tube",10,6.212241653,1.934950318,"Low","N",8,0.66191868046571,"F",0.690909090909091
"357",15,"Tube",10,6.040009936,2.027688792,"Low","N",8,0.661973862770281,"F",0.690909090909091
"358",15,"Tube",10,5.76709062,2.063459857,"Low","N",8,0.675286070466009,"M",0.690909090909091
"359",15,"Tube",10,5.329888712,2.129040143,"Low","N",8,0.70187035390712,"M",0.690909090909091
"360",15,"Tube",10,5.136460652,2.266826312,"Low","N",8,0.71349115276074,"M",0.690909090909091
"361",15,"Tube",10,4.956279809,1.956810413,"Low","N",8,0.729509863736283,"M",0.690909090909091
"362",15,"Tube",10,5.229199126,1.919713831,"Low","N",8,0.712738788860281,"M",0.690909090909091
"363",15,"Tube",10,4.765500795,2.225755167,"Low","N",8,0.738932376517157,"M",0.690909090909091
"364",15,"Tube",10,4.705882353,2.027027027,"Low","N",8,0.744926506095699,"M",0.690909090909091
"365",15,"Tube",10,4.878775835,1.969395866,"Low","N",8,0.734362779674842,"M",0.690909090909091
"366",15,"Tube",12,3.500778816,0.652906931,"Low","Y",1,0.559275067241953,"M",0.818181818181818
"367",15,"Tube",12,3.522844626,1.165628894,"Low","Y",1,0.526893825312076,"M",0.818181818181818
"368",15,"Tube",12,3.431984034,1.686137072,"Low","Y",1,0.497224786555934,"M",0.818181818181818
"369",15,"Tube",12,3.541018302,2.240395249,"Low","Y",1,0.500059158907513,"M",0.818181818181818
"370",15,"Tube",12,3.117860202,1.919781931,"Low","N",2,0.473619084689488,"M",0.818181818181818
"371",15,"Tube",12,2.511033879,2.105399143,"Low","N",2,0.430701022686043,"M",0.818181818181818
"372",15,"Tube",12,2.157320872,2.158619548,"Low","N",2,0.40631096548458,"M",0.818181818181818
"373",15,"Tube",12,2.280632788,2.115784657,"Low","N",2,0.415062644265357,"M",0.818181818181818
"374",15,"Tube",12,2.008047118,1.914589174,"Low","N",2,0.401160908938045,"M",0.818181818181818
"375",15,"Tube",12,1.774402259,1.792575935,"Low","N",2,0.392088107909494,"M",0.818181818181818
"376",15,"Tube",12,1.116952882,1.929517134,"Low","Y",3,0.465283091923115,"M",0.818181818181818
"377",15,"Tube",12,1.175364097,2.809579439,"Low","Y",3,0.405256753649642,"F",0.818181818181818
"378",15,"Tube",12,0.967679128,2.840732087,"Low","Y",3,0.404364409570317,"M",0.818181818181818
"379",15,"Tube",12,1.05334891,3.611760125,"Low","Y",3,0.352295111649811,"M",0.818181818181818
"380",15,"Tube",12,0.800233645,3.70911215,"Low","Y",4,0.362018215663998,"M",0.818181818181818
"381",15,"Tube",12,3.647780374,4.221183801,"Low","N",5,0.167279911427045,"F",0.818181818181818
"382",15,"Tube",12,3.771417445,4.248442368,"Low","N",5,0.158992172070344,"M",0.818181818181818
"383",15,"Tube",12,5.011682243,4.094626168,"Low","Y",6,0.0739914598106751,"F",0.818181818181818
"384",15,"Tube",12,5.582165109,4.221832165,"Low","Y",6,0.0364756893965079,"F",0.818181818181818
"385",15,"Tube",12,6.606308411,2.498701324,"Low","Y",7,0.117108608457454,"M",0.818181818181818
"386",15,"Tube",12,6.615395249,2.185878115,"Low","Y",7,0.138211422878335,"M",0.818181818181818
"387",15,"Tube",12,6.211707555,2.050882009,"Low","N",8,0.149918517193147,"M",0.818181818181818
"388",15,"Tube",13,3.753900156,1.304602184,"Low","Y",1,0.531427506222132,"M",0.8
"389",15,"Tube",13,3.445787832,2.039781591,"Low","Y",1,0.49649867818297,"M",0.8
"390",15,"Tube",13,3.098673947,2.211388456,"Low","N",2,0.47197452827273,"M",0.8
"391",15,"Tube",13,2.810062402,1.971528861,"Low","N",2,0.454340629399992,"M",0.8
"392",15,"Tube",13,2.236090094,2.124284321,"Low","N",2,0.413968581818945,"M",0.8
"393",15,"Tube",13,2.068383385,2.099584633,"Low","N",2,0.403046946910811,"M",0.8
"394",15,"Tube",13,1.008190328,1.981279251,"Low","Y",3,0.464131109316281,"F",0.8
"395",15,"Tube",13,1.192798362,2.290692278,"Low","Y",3,0.442653961306196,"M",0.8
"396",15,"Tube",13,0.875585023,2.498699298,"Low","Y",3,0.430471652190033,"M",0.8
"397",15,"Tube",13,1.091394306,2.912115835,"Low","Y",3,0.400409058621355,"F",0.8
"398",15,"Tube",13,0.880785881,3.182527301,"Low","Y",3,0.385779620172805,"M",0.8
"399",15,"Tube",13,0.729978549,3.283931357,"Low","Y",3,0.385271169946944,"M",0.8
"400",15,"Tube",13,0.956187598,3.887154836,"Low","Y",4,0.35272970059851,"M",0.8
"401",15,"Tube",13,0.755980889,3.725949688,"Low","Y",4,0.366962180027745,"M",0.8
"402",15,"Tube",13,0.722178237,3.892355694,"Low","Y",4,0.368660771411641,"F",0.8
"403",15,"Tube",13,3.602443448,4.164717239,"Low","N",5,0.172060134117039,"M",0.8
"404",15,"Tube",13,3.786402106,4.205017551,"Low","N",5,0.159625809211636,"M",0.8
"405",15,"Tube",13,5.14950663,4.177716459,"Low","Y",6,0.0667368341341462,"M",0.8
"406",15,"Tube",13,5.323712949,4.094514431,"Low","Y",6,0.0546232504095063,"F",0.8
"407",15,"Tube",13,6.760920437,2.414196568,"Low","Y",7,0.124701751325093,"M",0.8
"408",15,"Tube",13,5.037051482,1.989079563,"Low","N",8,0.218593831435823,"F",0.8
"409",11,"Circle",4,3.473164902,1.170882644,"Low","N",3,0.10963351179823,"M",0.846153846153846
"410",11,"Circle",4,2.812461713,0.837754986,"Low","N",2,0.148068869037099,"M",0.846153846153846
"411",11,"Circle",4,4.124614544,1.426280515,"Low","N",3,0.0942248383428732,"M",0.846153846153846
"412",11,"Circle",4,3.745219155,1.846391506,"Low","N",5,0.0589068414070567,"M",0.846153846153846
"413",11,"Circle",4,3.49907483,1.809377321,"Low","N",5,0.0636702046309861,"M",0.846153846153846
"414",11,"Circle",4,3.608266674,1.779765974,"Low","N",4,0.0642663488723795,"M",0.846153846153846
"415",11,"Circle",4,3.682295042,1.950031221,"Low","N",5,0.0514013886635355,"M",0.846153846153846
"416",11,"Circle",4,3.971005679,1.924121293,"Low","N",5,0.0562479217847431,"M",0.846153846153846
"417",11,"Circle",4,4.054287594,1.753856045,"Low","N",4,0.0699814696001981,"M",0.846153846153846
"418",11,"Circle",4,4.227019836,1.84392451,"Low","N",5,0.069636527900452,"F",0.846153846153846
"419",11,"Circle",4,4.380012415,2.379395758,"Low","N",6,0.0520515975661871,"F",0.846153846153846
"420",11,"Circle",4,3.474399325,2.495374152,"Low","N",7,0.0213781217715168,"M",0.846153846153846
"421",11,"Circle",4,3.245527669,1.7649603,"Low","N",4,0.0735075088213153,"M",0.846153846153846
"422",11,"Circle",5,3.722419929,0.754448399,"Low","Y",1,0.0915428241391201,"M",0.8
"423",11,"Circle",5,3.444839858,0.943060498,"Low","N",2,0.0867524757743167,"M",0.8
"424",11,"Circle",5,3.81316726,1.233096085,"Low","N",3,0.056203167118455,"M",0.8
"425",11,"Circle",5,4.327402135,0.975088968,"Low","N",2,0.0749397195132615,"M",0.8
"426",11,"Circle",5,3.951957295,1.28113879,"Low","N",3,0.0504496391984927,"M",0.8
"427",11,"Circle",5,3.731316726,1.355871886,"Low","N",3,0.0502706660476035,"M",0.8
"428",11,"Circle",5,4.197508897,1.473309609,"Low","N",3,0.0374072769916824,"M",0.8
"429",11,"Circle",5,3.247330961,1.912811388,"Low","N",5,0.0588796109899959,"M",0.8
"430",11,"Circle",5,3.596085409,2.008896797,"Low","N",5,0.0334739700254117,"M",0.8
"431",11,"Circle",5,3.364768683,2.080071174,"Low","N",5,0.0508798975453947,"?",0.8
"432",11,"Circle",5,3.939501779,2.295373665,"Low","N",6,0.0254309901899094,"M",0.8
"433",11,"Circle",5,3.754448399,2.53202847,"Low","N",7,0.0466890349962391,"F",0.8
"434",11,"Circle",5,2.212930605,2.669631673,"Low","N",7,0.143658573651178,"F",0.8
"435",11,"Circle",5,3.225978648,1.654211744,"Low","N",4,0.0644429226465177,"M",0.8
"436",11,"Circle",5,2.632859431,1.599644128,"Low","N",4,0.106939182295632,"M",0.8
"437",11,"Circle",6,4.208332721,0.702818015,"Low","Y",1,0.114206036783495,"M",0.785714285714286
"438",11,"Circle",6,4.117647059,0.690564338,"Low","Y",1,0.115138189789995,"M",0.785714285714286
"439",11,"Circle",6,3.453431985,0.945465074,"Low","N",2,0.1098012337461,"M",0.785714285714286
"440",11,"Circle",6,3.198529412,0.962623162,"Low","N",2,0.118786298126434,"M",0.785714285714286
"441",11,"Circle",6,3.063726103,1.045955882,"Low","N",2,0.120341723790979,"M",0.785714285714286
"442",11,"Circle",6,3.512255515,1.288602941,"Low","N",3,0.0861578599800939,"M",0.785714285714286
"443",11,"Circle",6,4.159314338,0.962623162,"Low","N",2,0.0952373509765803,"M",0.785714285714286
"444",11,"Circle",6,4.272058824,1.126838235,"Low","N",2,0.0835764609898116,"M",0.785714285714286
"445",11,"Circle",6,3.816176471,1.653799632,"Low","N",4,0.051812551355033,"M",0.785714285714286
"446",11,"Circle",6,3.725490809,2.161152574,"Low","N",6,0.0335083575039509,"F",0.785714285714286
"447",11,"Circle",6,2.850490809,1.624387868,"Low","N",4,0.107217483773685,"M",0.785714285714286
"448",11,"Circle",6,2.924020221,1.751838235,"Low","N",4,0.0985094983115617,"F",0.785714285714286
"449",11,"Circle",6,3.781862132,2.271446691,"Low","N",6,0.0284677034423592,"F",0.785714285714286
"450",11,"Circle",6,2.150735294,1.930147059,"Low","N",5,0.149450342214203,"M",0.785714285714286
"451",11,"Circle",6,2.643382353,1.917279412,"Low","N",5,0.114384331714707,"F",0.785714285714286
"452",11,"Circle",8,4.11258473,0.5598211,"Low","Y",1,0.126307895362699,"M",0.533333333333333
"453",11,"Circle",8,3.90079377,0.884938802,"Low","N",2,0.104235577339273,"M",0.533333333333333
"454",11,"Circle",8,4.105153469,0.92209511,"Low","N",2,0.099922450634008,"M",0.533333333333333
"455",11,"Circle",8,4.058708083,1.288084752,"Low","N",3,0.0735107133036545,"M",0.533333333333333
"456",11,"Circle",8,3.553382283,1.589050853,"Low","N",4,0.0674801079620979,"M",0.533333333333333
"457",11,"Circle",8,3.670424656,1.57418833,"Low","N",4,0.0631572792481415,"M",0.533333333333333
"458",11,"Circle",8,3.363885108,1.934604525,"Low","N",5,0.063339687830715,"F",0.533333333333333
"459",11,"Circle",8,3.698291887,2.020064035,"Low","N",5,0.0387938838992752,"F",0.533333333333333
"460",11,"Circle",8,3.278425598,2.328461398,"Low","N",6,0.0640318320192325,"F",0.533333333333333
"461",11,"Circle",8,3.075923715,2.179836163,"Low","N",6,0.0791608837392795,"F",0.533333333333333
"462",11,"Circle",8,3.393610155,2.768763657,"Low","N",7,0.0655688107809915,"F",0.533333333333333
"463",11,"Circle",8,3.928661002,2.581124298,"Low","N",7,0.026833714500805,"F",0.533333333333333
"464",11,"Circle",8,2.743993404,2.230615832,"Low","N",6,0.103038333518751,"M",0.533333333333333
"465",11,"Circle",8,4.199902056,1.596482115,"Low","N",4,0.0507842553716149,"F",0.533333333333333
"466",11,"Circle",8,3.976964203,1.57418833,"Low","N",4,0.0539096705624443,"M",0.533333333333333
"467",11,"Circle",8,4.888532931,1.056476475,"Low","N",2,0.10470911270972,"F",0.533333333333333
"468",11,"Circle",9,3.227941176,0.558823529,"Low","Y",1,0.142326248160265,"M",0.785714285714286
"469",11,"Circle",9,3.202205882,0.863970588,"Low","N",2,0.124097804968598,"M",0.785714285714286
"470",11,"Circle",9,2.860294118,0.886029412,"Low","N",2,0.138168719499556,"M",0.785714285714286
"471",11,"Circle",9,3.742647059,0.78125,"Low","N",2,0.113429717635543,"M",0.785714285714286
"472",11,"Circle",9,4.180147059,1.102941176,"Low","N",2,0.086318218589012,"M",0.785714285714286
"473",11,"Circle",9,4.340073529,1.152573529,"Low","N",3,0.0839539600180788,"M",0.785714285714286
"474",11,"Circle",9,3.555147059,3.215685662,"Low","N",8,0.0799812121581985,"F",0.785714285714286
"475",11,"Circle",9,3.472426471,1.259191176,"Low","N",3,0.0891973443217844,"M",0.785714285714286
"476",11,"Circle",9,3.163602941,1.555147059,"Low","N",4,0.0887756349989973,"F",0.785714285714286
"477",11,"Circle",9,3.435661765,1.628676471,"Low","N",4,0.0701075916135953,"M",0.785714285714286
"478",11,"Circle",9,3.455882353,1.805147059,"Low","N",5,0.0608155688955039,"M",0.785714285714286
"479",11,"Circle",9,3.909926471,1.586397059,"Low","N",4,0.0536401823403309,"M",0.785714285714286
"480",11,"Circle",9,3.220588235,2.108455882,"Low","N",5,0.0680891086899914,"F",0.785714285714286
"481",11,"Circle",9,3.473038603,2.719976103,"Low","N",7,0.057858178347306,"M",0.785714285714286
"482",11,"Circle",9,3.900123162,2.398897059,"Low","N",6,0.0191578416750595,"F",0.785714285714286
"483",11,"Circle",9,3.972426471,2.085170956,"Low","N",5,0.0189511196575721,"F",0.785714285714286
"484",11,"Circle",10,3.475972687,0.854595102,"Low","N",2,0.132271807888523,"M",0.461538461538462
"485",11,"Circle",10,3.31991619,1.025514123,"Low","N",2,0.122772520456671,"M",0.461538461538462
"486",11,"Circle",10,5.014243871,1.05523917,"Low","N",2,0.145578842873477,"F",0.461538461538462
"487",11,"Circle",10,3.710676085,2.597844637,"Low","N",7,0.00714494624517052,"F",0.461538461538462
"488",11,"Circle",10,3.675998102,2.112336155,"Low","N",5,0.0394855934761259,"F",0.461538461538462
"489",11,"Circle",10,3.81471375,1.768021646,"Low","N",4,0.063563374593,"F",0.461538461538462
"490",11,"Circle",10,4.062423713,1.82747174,"Low","N",5,0.0622489187898158,"F",0.461538461538462
"491",11,"Circle",10,3.519941605,1.356823923,"Low","N",3,0.0957271951741586,"F",0.461538461538462
"492",11,"Circle",10,3.111840861,1.300470808,"Low","N",3,0.109757991446141,"M",0.461538461538462
"493",11,"Circle",10,3.004087566,1.421228811,"Low","N",3,0.106085881068367,"M",0.461538461538462
"494",11,"Circle",10,2.465321088,0.871315441,"Low","N",2,0.16150708957336,"M",0.461538461538462
"495",11,"Circle",10,2.463463273,1.737057436,"Low","N",4,0.117549202697593,"F",0.461538461538462
"496",11,"Circle",10,2.587936907,2.145776833,"Low","N",6,0.0953827448390727,"M",0.461538461538462
"497",11,"Circle",10,3.04310169,1.900545195,"Low","N",5,0.0770990560213018,"F",0.461538461538462
"498",11,"Circle",10,2.641813555,2.591652538,"Low","N",7,0.0844682642718172,"F",0.461538461538462
"499",11,"Circle",11,3.049213918,0.838856775,"Low","N",2,0.141581188359209,"M",0.625
"500",11,"Circle",11,2.823392857,0.973858616,"Low","N",2,0.146286793070781,"M",0.625
"501",11,"Circle",11,4.058050442,3.18728461,"Low","N",8,0.0679229250254836,"F",0.625
"502",11,"Circle",11,2.372361929,1.931148748,"Low","N",5,0.145329901709964,"F",0.625
"503",11,"Circle",11,2.887210972,2.391997423,"Low","N",6,0.105552325937134,"F",0.625
"504",11,"Circle",11,3.636474595,1.456798601,"Low","N",3,0.0795062111507783,"M",0.625
"505",11,"Circle",11,4.181393594,1.062836892,"Low","N",2,0.0906392380242749,"M",0.625
"506",11,"Circle",11,4.053755523,1.319342784,"Low","N",3,0.0740972391123816,"M",0.625
"507",11,"Circle",11,3.588610088,2.052037923,"Low","N",5,0.057047034230864,"F",0.625
"508",11,"Circle",11,3.64015648,2.700049705,"Low","N",7,0.0583694472644195,"F",0.625
"509",11,"Circle",11,4.328668999,2.90746134,"Low","N",8,0.0445234323682439,"F",0.625
"510",11,"Circle",11,3.674521355,2.932008468,"Low","N",8,0.0666414939252075,"F",0.625
"511",11,"Circle",11,4.420103093,1.444526878,"Low","N",3,0.0624770422598736,"F",0.625
"512",11,"Circle",11,4.876656848,1.119293078,"Low","N",2,0.0946053734204694,"?",0.625
"513",11,"Circle",12,3.020597212,0.676337604,"Low","Y",1,0.148315168416639,"M",1
"514",11,"Circle",12,3.291885833,0.706480784,"Low","Y",1,0.135312872124964,"M",1
"515",11,"Circle",12,3.334589299,1.331951771,"Low","N",3,0.0970515009172102,"M",1
"516",11,"Circle",12,3.882191032,1.068198945,"Low","N",2,0.0932955658622091,"M",1
"517",11,"Circle",12,2.621200075,2.630619819,"Low","N",7,0.121800071447802,"F",1
"518",11,"Circle",12,2.485555765,2.731098342,"Low","N",7,0.133071504943319,"F",1
"519",11,"Circle",12,3.482793896,2.640668802,"Low","N",7,0.0619163780951439,"F",1
"520",11,"Circle",12,3.397386963,3.180732856,"Low","N",8,0.0901676925092526,"F",1
"521",11,"Circle",12,3.824415976,1.645943858,"Low","N",4,0.0566658979421039,"F",1
"522",11,"Circle",12,4.610022607,0.827053504,"Low","N",2,0.109846843224231,"F",1
"523",11,"Circle",12,4.446119066,1.094574228,"Low","N",2,0.0883649331839694,"F",1
"524",11,"Circle",13,4.392254601,1.848159509,"Low","N",5,0.0331200609826397,"F",0.333333333333333
"525",11,"Circle",13,4.844708589,2.45398773,"Low","N",6,0.0400009065701325,"F",0.333333333333333
"526",11,"Circle",13,3.114135353,1.119631902,"Low","N",2,0.122813182779263,"F",0.333333333333333
"527",11,"Circle",13,3.05278566,1.602760736,"Low","N",4,0.105283693763664,"F",0.333333333333333
"528",11,"Circle",13,2.181110046,1.789365414,"Low","N",4,0.160218643331783,"F",0.333333333333333
"529",11,"Circle",13,2.843174847,0.991819402,"Low","N",2,0.14363611986494,"M",0.333333333333333
"530",11,"Circle",13,3.666282592,0.743865031,"Low","Y",1,0.122808361697201,"M",0.333333333333333
"531",11,"Circle",13,4.502172163,1.411042945,"Low","N",3,0.0659243865660409,"F",0.333333333333333
"532",11,"Circle",13,4.351355445,0.92791411,"Low","N",2,0.0998140988545325,"M",0.333333333333333
"533",11,"Circle",13,2.554319402,2.45398773,"Low","N",6,0.129193241707187,"F",0.333333333333333
"534",11,"Circle",13,2.358128834,0.814162193,"Low","N",2,0.17923889624943,"?",0.333333333333333
"535",11,"Circle",13,4.047800997,1.70117523,"Low","N",4,0.0477035186665065,"F",0.333333333333333
"536",11,"Circle",3,3.552695794,0.545685279,"Low","Y",1,0.117865615685203,"M",1
"537",11,"Circle",3,2.828136331,0.736040609,"Low","Y",1,0.126916126792479,"M",1
"538",11,"Circle",3,3.088591371,0.608533358,"Low","Y",1,0.124748199982259,"M",1
"539",11,"Circle",3,3.939448876,1.411046048,"Low","N",3,0.0527326138878981,"M",1
"540",11,"Circle",3,3.915277375,1.604423495,"Low","N",4,0.0385304869645056,"M",1
"541",11,"Circle",3,3.799251269,1.725284627,"Low","N",4,0.030012443312455,"M",1
"542",11,"Circle",3,3.736403191,1.879985497,"Low","N",5,0.0207058386425405,"M",1
"543",11,"Circle",3,3.173192531,1.631013416,"Low","N",4,0.0624936795271231,"M",1
"544",11,"Circle",3,3.388324873,2.058859681,"Low","N",5,0.0354701822429911,"M",1
"545",11,"Circle",3,2.64684554,0.989847716,"Low","N",2,0.121934235423205,"M",1
"546",14,"Circle",3,3.110658771,0.605107328,"Low","Y",1,0.189610430953177,"M",1
"547",14,"Circle",3,3.134715026,1.008512213,"Low","N",2,0.164017850742147,"M",1
"548",14,"Circle",3,3.941524796,1.197261288,"Low","N",2,0.148576660574794,"M",1
"549",14,"Circle",3,3.810140637,1.249074759,"Low","N",2,0.144637845191597,"M",1
"550",14,"Circle",3,3.83234641,1.472982976,"Low","N",3,0.130388073584071,"M",1
"551",14,"Circle",3,2.773871207,1.252775722,"Low","N",2,0.156095104835337,"M",1
"552",14,"Circle",3,4.793362324,1.815321984,"Low","N",4,0.128729281686016,"M",1
"553",14,"Circle",3,4.729213546,1.637675796,"Low","N",3,0.136409702318411,"M",1
"554",14,"Circle",3,4.748950777,1.553787935,"Low","N",3,0.141738431016225,"M",1
"555",14,"Circle",3,4.418948927,1.236737602,"Low","N",2,0.152307234302056,"M",1
"556",14,"Circle",3,4.935233161,0.988156921,"Low","N",2,0.17944861898804,"M",1
"557",14,"Circle",3,4.979644708,1.624722428,"Low","N",3,0.145503162672155,"M",1
"558",14,"Circle",3,5.242413027,1.746854182,"Low","N",4,0.149607122143399,"M",1
"559",14,"Circle",3,5.253515914,1.883789785,"Low","N",4,0.143611168353749,"M",1
"560",14,"Circle",3,4.798297557,2.309400444,"Low","N",5,0.103762738329954,"M",1
"561",14,"Circle",3,3.586848631,2.103380829,"Low","N",5,0.0900531362767763,"M",1
"562",14,"Circle",3,3.636195411,2.235381199,"Low","N",5,0.0813951440058357,"M",1
"563",14,"Circle",3,3.641130644,2.348876758,"Low","N",5,0.074115699835988,"M",1
"564",14,"Circle",3,3.247594375,2.620281273,"Low","N",6,0.063745997592443,"M",1
"565",14,"Circle",3,3.197631384,2.048482605,"Low","N",5,0.0987560726369353,"M",1
"566",14,"Circle",3,2.07253886,2.340242413,"Low","N",5,0.128455336623936,"M",1
"567",14,"Circle",3,2.684431902,1.183073649,"Low","N",2,0.162452914770512,"M",1
"568",14,"Circle",3,3.036639526,2.794226499,"Low","N",7,0.0624563995384621,"M",1
"569",14,"Circle",3,2.124352332,2.636935603,"Low","N",6,0.115514535737417,"M",1
"570",14,"Circle",3,3.870590303,3.209350481,"Low","N",8,0.0216453804693704,"M",1
"571",14,"Circle",3,4.039600296,2.706637676,"Low","N",6,0.0553976220731684,"M",1
"572",14,"Circle",3,4.198741673,2.754750185,"Low","N",6,0.0574884224200135,"M",1
"573",14,"Circle",3,4.081545152,2.579570688,"Low","N",6,0.0639494989322208,"M",1
"574",14,"Circle",3,4.16173205,2.97742413,"Low","N",7,0.0446583064207362,"M",1
"575",14,"Circle",5,4.192739136,0.736372956,"Low","Y",1,0.0646024302614051,"M",1
"576",14,"Circle",5,4.101074529,0.901369249,"Low","N",2,0.052922205759076,"M",1
"577",14,"Circle",5,3.543753717,0.776705383,"Low","Y",1,0.0449856131239495,"M",1
"578",14,"Circle",5,4.445733453,0.839037316,"Low","N",2,0.0726189552706577,"M",1
"579",14,"Circle",5,4.834391387,0.788315623,"Low","Y",1,0.0956985776990324,"M",1
"580",14,"Circle",5,4.741503974,1.152530273,"Low","N",2,0.0816403014786325,"M",1
"581",14,"Circle",5,3.846857407,1.169640389,"Low","N",2,0.0292717617007216,"M",1
"582",14,"Circle",5,3.612196013,1.370081552,"Low","N",3,0.00952988678531177,"M",1
"583",14,"Circle",5,4.142629762,1.384747889,"Low","N",3,0.0409929151032733,"M",1
"584",14,"Circle",5,3.93974482,1.528965649,"Low","N",3,0.0277486189505504,"M",1
"585",14,"Circle",5,4.235515342,1.88829091,"Low","N",4,0.0534295330326662,"M",1
"586",14,"Circle",5,4.631506445,2.660106903,"Low","N",6,0.104435817366825,"M",1
"587",14,"Circle",5,3.320092075,2.569665102,"Low","N",6,0.0710114768984093,"M",1
"588",14,"Circle",5,3.061597883,2.219506302,"Low","N",5,0.0555280377337311,"M",1
"589",14,"Circle",5,2.163895218,2.762160777,"Low","N",6,0.119211531731439,"M",1
"590",14,"Circle",5,2.936323531,1.967734792,"Low","N",4,0.048328866640114,"M",1
"591",14,"Circle",5,3.190538819,1.635296594,"Low","N",3,0.0228078043876476,"M",1
"592",14,"Circle",5,2.273892747,1.96528918,"Low","N",4,0.0851329746067312,"M",1
"593",14,"Circle",5,2.291004695,1.843070926,"Low","N",4,0.0815305338152655,"M",1
"594",14,"Circle",5,2.41811234,1.603520141,"Low","N",3,0.0704162259316271,"M",1
"595",14,"Circle",5,2.620384962,1.173306973,"Low","N",2,0.0602418258396268,"M",1
"596",14,"Circle",5,3.884746056,2.028843919,"Low","N",4,0.0427086444136216,"M",1
"597",14,"Circle",5,3.364091087,1.438523848,"Low","N",3,0.00966895249962137,"M",1
"598",14,"Circle",5,3.265093311,1.511855534,"Low","N",3,0.0158286212941126,"M",1
"599",14,"Circle",7,3.679829655,0.077429346,"Low","Y",1,0.141104088503506,"M",1
"600",14,"Circle",7,3.861788618,0.290360046,"Low","Y",1,0.127460220046721,"M",1
"601",14,"Circle",7,3.482384824,0.363917925,"Low","Y",1,0.124024525380472,"M",1
"602",14,"Circle",7,3.308168796,0.224545103,"Low","Y",1,0.134879519464712,"M",1
"603",14,"Circle",7,3.362369338,0.193573364,"Low","Y",1,0.136102134614162,"M",1
"604",14,"Circle",7,4.163763066,0.414247,"Low","Y",1,0.121992810889526,"M",1
"605",14,"Circle",7,4.322493225,0.317460317,"Low","Y",1,0.130440565735535,"M",1
"606",14,"Circle",7,4.790940767,0.518776616,"Low","Y",1,0.130215865654219,"M",1
"607",14,"Circle",7,4.647696477,0.449090205,"Low","Y",1,0.129881549726561,"M",1
"608",14,"Circle",7,4.798683701,0.600077429,"Low","Y",1,0.125992185590033,"M",1
"609",14,"Circle",7,4.608981804,0.642663569,"Low","Y",1,0.117662345347021,"M",1
"610",14,"Circle",7,4.399922571,0.735578784,"Low","Y",1,0.106659939976255,"M",1
"611",14,"Circle",7,4.221835075,0.921409214,"Low","N",2,0.0915322459380715,"M",1
"612",14,"Circle",7,4.337979094,0.940766551,"Low","N",2,0.092993174634678,"M",1
"613",14,"Circle",7,4.427022842,1.138211382,"Low","N",2,0.0841791563633209,"M",1
"614",14,"Circle",7,4.566395664,1.16918312,"Low","N",2,0.0873430128784141,"M",1
"615",14,"Circle",7,4.802555168,1.149825784,"Low","N",2,0.0978497414676732,"M",1
"616",14,"Circle",7,4.934185056,1.234998064,"Low","N",2,0.0999993987256351,"M",1
"617",14,"Circle",7,5.007742935,1.196283391,"Low","N",2,0.105172514067788,"M",1
"618",14,"Circle",7,5.104529617,1.265969803,"Low","N",2,0.107156381964269,"M",1
"619",14,"Circle",7,5.131629888,1.049167635,"Low","N",2,0.117370537083142,"M",1
"620",14,"Circle",7,5.034843206,0.820751065,"Low","Y",1,0.123501574032177,"M",1
"621",14,"Circle",7,3.300425861,1.12659698,"Low","N",2,0.0797189280305108,"M",1
"622",14,"Circle",8,3.584592283,0.254574383,"Low","Y",1,0.208365276283498,"M",1
"623",14,"Circle",8,3.686024264,0.357995227,"Low","Y",1,0.201483247959921,"M",1
"624",14,"Circle",8,3.634313842,0.397772474,"Low","Y",1,0.199045371854641,"M",1
"625",14,"Circle",8,3.584592283,0.443516309,"Low","Y",1,0.196276983279599,"M",1
"626",14,"Circle",8,3.503048926,0.493237868,"Low","Y",1,0.193476966957304,"M",1
"627",14,"Circle",8,3.443383055,0.485282418,"Low","Y",1,0.194351268777446,"M",1
"628",14,"Circle",8,3.353884248,0.572792363,"Low","Y",1,0.18948488883566,"M",1
"629",14,"Circle",8,3.389683771,0.320206842,"Low","Y",1,0.205246769155491,"M",1
"630",14,"Circle",8,3.284274065,0.280429594,"Low","Y",1,0.208665391855362,"M",1
"631",14,"Circle",8,3.375761734,0.186953063,"Low","Y",1,0.213831733736257,"M",1
"632",14,"Circle",8,3.787456245,0.342084328,"Low","Y",1,0.202447343200017,"M",1
"633",14,"Circle",8,3.849110979,0.451471758,"Low","Y",1,0.195508647227045,"M",1
"634",14,"Circle",8,3.795411695,0.546937152,"Low","Y",1,0.189325168335366,"M",1
"635",14,"Circle",8,3.831211217,0.204852824,"Low","Y",1,0.211280095753766,"M",1
"636",14,"Circle",8,4.042030628,0.330151154,"Low","Y",1,0.203988231283488,"M",1
"637",14,"Circle",8,4.061919252,0.463404932,"Low","Y",1,0.195603678039541,"?",1
"638",14,"Circle",10,3.337856884,0.804942201,"Low","Y",1,0.0845361765918202,"M",1
"639",14,"Circle",10,3.696211661,0.815800758,"Low","Y",1,0.0784307501038376,"M",1
"640",14,"Circle",10,3.059590327,0.677345503,"Low","Y",1,0.099580160105059,"M",1
"641",14,"Circle",10,3.990769107,0.768292281,"Low","Y",1,0.0818377806306087,"M",1
"642",14,"Circle",10,4.332157007,0.992264016,"Low","N",2,0.0744228508317502,"M",1
"643",14,"Circle",10,4.152979618,1.027555853,"Low","N",2,0.0679506517472623,"M",1
"644",14,"Circle",10,4.576489809,0.875525875,"Low","N",2,0.088713076936163,"M",1
"645",14,"Circle",10,3.232659396,1.073708284,"Low","N",2,0.072049427755402,"M",1
"646",14,"Circle",10,2.92859944,1.212163538,"Low","N",2,0.0775870758484017,"M",1
"647",14,"Circle",10,3.381973207,1.928873092,"Low","N",4,0.0287386923912676,"M",1
"648",14,"Circle",10,2.585855493,0.781186944,"Low","Y",1,0.112589153320251,"M",1
"649",14,"Circle",10,2.488122372,1.133433401,"Low","N",2,0.102911505357699,"M",1
"650",14,"Circle",10,2.600108239,1.037736387,"Low","N",2,0.100817823611976,"M",1
"651",14,"Circle",11,4.665866347,0.676270508,"Low","Y",1,0.0977523203059203,"M",1
"652",14,"Circle",11,2.945178071,0.670268107,"Low","Y",1,0.0895664068875371,"M",1
"653",14,"Circle",11,2.93717487,0.858343337,"Low","N",2,0.0799549008833513,"M",1
"654",14,"Circle",11,4.257703081,0.978391357,"Low","N",2,0.0666160586363622,"M",1
"655",14,"Circle",11,2.633053221,1.370548219,"Low","N",3,0.0745736336218944,"M",1
"656",14,"Circle",11,2.529011605,1.086434574,"Low","N",2,0.0892422874173429,"M",1
"657",14,"Circle",11,3.223289316,1.928771509,"Low","N",4,0.0305028350261394,"M",1
"658",14,"Circle",11,3.453381353,1.629985994,"Low","N",3,0.0208906692151402,"M",1
"659",14,"Circle",11,3.517406963,1.544617847,"Low","N",3,0.0226334203447491,"M",1
"660",14,"Circle",11,4.385088035,1.101106443,"Low","N",2,0.0654024348591592,"M",1
"661",14,"Circle",12,3.4727749,0.855910359,"Low","N",2,0.0293852129412966,"M",1
"662",14,"Circle",12,3.666667331,1.395085657,"Low","N",3,0.0553759745246143,"M",1
"663",14,"Circle",12,3.393093625,1.267595618,"Low","N",2,0.05351927219118,"M",1
"664",14,"Circle",12,3.162017928,1.217131474,"Low","N",2,0.0598331315912454,"M",1
"665",14,"Circle",12,2.875165339,1.023241036,"Low","N",2,0.0672213321234502,"M",1
"666",14,"Circle",12,2.77689243,1.299468127,"Low","N",3,0.0819441785867506,"M",1
"667",14,"Circle",12,2.992031873,1.530543825,"Low","N",3,0.082095962722808,"M",1
"668",14,"Circle",12,3.541832669,1.13213745,"Low","N",2,0.0414436891386774,"M",1
"669",14,"Circle",12,3.334661355,3.596946215,"Low","N",8,0.198066715339241,"M",1
"670",14,"Circle",13,3.27104642,0.868082219,"Low","N",2,0.172653562400139,"M",1
"671",14,"Circle",13,3.876868607,0.870706137,"Low","N",2,0.173500317406968,"M",1
"672",14,"Circle",13,3.119590873,1.483084186,"Low","N",3,0.134861663930506,"M",1
"673",14,"Circle",13,2.403619197,0.931681747,"Low","N",2,0.182124057160131,"M",1
"674",14,"Circle",13,2.627852085,0.95266129,"Low","N",2,0.175785297129421,"M",1
"675",18,"Circle",3,3.892436149,1.102652259,"Low","N",4,0.0579019292450586,"M",1
"676",18,"Circle",5,3.665540541,1.813063767,"Low","N",8,0.0469137247536982,"M",1
"677",19,"Circle",4,4.073795181,0.670180723,"Low","N",2,0.0981335422623411,"M",1
"678",19,"Circle",5,2.878113879,1.881672598,"Low","N",7,0.0674168486831156,"M",1
"679",19,"Circle",7,4.354545455,0.729545455,"Low","N",2,0.128122492636736,"M",1
"680",19,"Circle",8,3.901376147,0.583715596,"Low","Y",1,0.125039523969626,"M",1
