"","Colony","Nest","Day","ScaledX","ScaledY","Bin","Sex","Ratio"
"1",11,"Tube",12,6.407945953,3.569987209,7,"M",1
"2",11,"Tube",12,4.478563616,1.98297566,8,"M",1
"3",11,"Tube",13,6.06314519,3.72825766,6,"M",1
"4",11,"Tube",13,6.537055516,3.294681334,7,"M",1
"5",11,"Tube",13,5.884168026,1.751954027,8,"M",1
"6",11,"Tube",13,5.125408983,1.740610444,8,"M",1
"7",11,"Circle",4,3.473164902,1.170882644,3,"M",0.846153846153846
"8",11,"Circle",4,2.812461713,0.837754986,2,"M",0.846153846153846
"9",11,"Circle",4,4.124614544,1.426280515,3,"M",0.846153846153846
"10",11,"Circle",4,3.745219155,1.846391506,5,"M",0.846153846153846
"11",11,"Circle",4,3.49907483,1.809377321,5,"M",0.846153846153846
"12",11,"Circle",4,3.608266674,1.779765974,4,"M",0.846153846153846
"13",11,"Circle",4,3.682295042,1.950031221,5,"M",0.846153846153846
"14",11,"Circle",4,3.971005679,1.924121293,5,"M",0.846153846153846
"15",11,"Circle",4,4.054287594,1.753856045,4,"M",0.846153846153846
"16",11,"Circle",4,4.227019836,1.84392451,5,"F",0.846153846153846
"17",11,"Circle",4,4.380012415,2.379395758,6,"F",0.846153846153846
"18",11,"Circle",4,3.474399325,2.495374152,7,"M",0.846153846153846
"19",11,"Circle",4,3.245527669,1.7649603,4,"M",0.846153846153846
"20",11,"Circle",5,3.722419929,0.754448399,1,"M",0.8
"21",11,"Circle",5,3.444839858,0.943060498,2,"M",0.8
"22",11,"Circle",5,3.81316726,1.233096085,3,"M",0.8
"23",11,"Circle",5,4.327402135,0.975088968,2,"M",0.8
"24",11,"Circle",5,3.951957295,1.28113879,3,"M",0.8
"25",11,"Circle",5,3.731316726,1.355871886,3,"M",0.8
"26",11,"Circle",5,4.197508897,1.473309609,3,"M",0.8
"27",11,"Circle",5,3.247330961,1.912811388,5,"M",0.8
"28",11,"Circle",5,3.596085409,2.008896797,5,"M",0.8
"29",11,"Circle",5,3.364768683,2.080071174,5,"?",0.8
"30",11,"Circle",5,3.939501779,2.295373665,6,"M",0.8
"31",11,"Circle",5,3.754448399,2.53202847,7,"F",0.8
"32",11,"Circle",5,2.212930605,2.669631673,7,"F",0.8
"33",11,"Circle",5,3.225978648,1.654211744,4,"M",0.8
"34",11,"Circle",5,2.632859431,1.599644128,4,"M",0.8
"35",11,"Circle",6,4.208332721,0.702818015,1,"M",0.785714285714286
"36",11,"Circle",6,4.117647059,0.690564338,1,"M",0.785714285714286
"37",11,"Circle",6,3.453431985,0.945465074,2,"M",0.785714285714286
"38",11,"Circle",6,3.198529412,0.962623162,2,"M",0.785714285714286
"39",11,"Circle",6,3.063726103,1.045955882,2,"M",0.785714285714286
"40",11,"Circle",6,3.512255515,1.288602941,3,"M",0.785714285714286
"41",11,"Circle",6,4.159314338,0.962623162,2,"M",0.785714285714286
"42",11,"Circle",6,4.272058824,1.126838235,2,"M",0.785714285714286
"43",11,"Circle",6,3.816176471,1.653799632,4,"M",0.785714285714286
"44",11,"Circle",6,3.725490809,2.161152574,6,"F",0.785714285714286
"45",11,"Circle",6,2.850490809,1.624387868,4,"M",0.785714285714286
"46",11,"Circle",6,2.924020221,1.751838235,4,"F",0.785714285714286
"47",11,"Circle",6,3.781862132,2.271446691,6,"F",0.785714285714286
"48",11,"Circle",6,2.150735294,1.930147059,5,"M",0.785714285714286
"49",11,"Circle",6,2.643382353,1.917279412,5,"F",0.785714285714286
"50",11,"Circle",8,4.11258473,0.5598211,1,"M",0.533333333333333
"51",11,"Circle",8,3.90079377,0.884938802,2,"M",0.533333333333333
"52",11,"Circle",8,4.105153469,0.92209511,2,"M",0.533333333333333
"53",11,"Circle",8,4.058708083,1.288084752,3,"M",0.533333333333333
"54",11,"Circle",8,3.553382283,1.589050853,4,"M",0.533333333333333
"55",11,"Circle",8,3.670424656,1.57418833,4,"M",0.533333333333333
"56",11,"Circle",8,3.363885108,1.934604525,5,"F",0.533333333333333
"57",11,"Circle",8,3.698291887,2.020064035,5,"F",0.533333333333333
"58",11,"Circle",8,3.278425598,2.328461398,6,"F",0.533333333333333
"59",11,"Circle",8,3.075923715,2.179836163,6,"F",0.533333333333333
"60",11,"Circle",8,3.393610155,2.768763657,7,"F",0.533333333333333
"61",11,"Circle",8,3.928661002,2.581124298,7,"F",0.533333333333333
"62",11,"Circle",8,2.743993404,2.230615832,6,"M",0.533333333333333
"63",11,"Circle",8,4.199902056,1.596482115,4,"F",0.533333333333333
"64",11,"Circle",8,3.976964203,1.57418833,4,"M",0.533333333333333
"65",11,"Circle",8,4.888532931,1.056476475,2,"F",0.533333333333333
"66",11,"Circle",9,3.227941176,0.558823529,1,"M",0.785714285714286
"67",11,"Circle",9,3.202205882,0.863970588,2,"M",0.785714285714286
"68",11,"Circle",9,2.860294118,0.886029412,2,"M",0.785714285714286
"69",11,"Circle",9,3.742647059,0.78125,2,"M",0.785714285714286
"70",11,"Circle",9,4.180147059,1.102941176,2,"M",0.785714285714286
"71",11,"Circle",9,4.340073529,1.152573529,3,"M",0.785714285714286
"72",11,"Circle",9,3.555147059,3.215685662,8,"F",0.785714285714286
"73",11,"Circle",9,3.472426471,1.259191176,3,"M",0.785714285714286
"74",11,"Circle",9,3.163602941,1.555147059,4,"F",0.785714285714286
"75",11,"Circle",9,3.435661765,1.628676471,4,"M",0.785714285714286
"76",11,"Circle",9,3.455882353,1.805147059,5,"M",0.785714285714286
"77",11,"Circle",9,3.909926471,1.586397059,4,"M",0.785714285714286
"78",11,"Circle",9,3.220588235,2.108455882,5,"F",0.785714285714286
"79",11,"Circle",9,3.473038603,2.719976103,7,"M",0.785714285714286
"80",11,"Circle",9,3.900123162,2.398897059,6,"F",0.785714285714286
"81",11,"Circle",9,3.972426471,2.085170956,5,"F",0.785714285714286
"82",11,"Circle",10,3.475972687,0.854595102,2,"M",0.461538461538462
"83",11,"Circle",10,3.31991619,1.025514123,2,"M",0.461538461538462
"84",11,"Circle",10,5.014243871,1.05523917,2,"F",0.461538461538462
"85",11,"Circle",10,3.710676085,2.597844637,7,"F",0.461538461538462
"86",11,"Circle",10,3.675998102,2.112336155,5,"F",0.461538461538462
"87",11,"Circle",10,3.81471375,1.768021646,4,"F",0.461538461538462
"88",11,"Circle",10,4.062423713,1.82747174,5,"F",0.461538461538462
"89",11,"Circle",10,3.519941605,1.356823923,3,"F",0.461538461538462
"90",11,"Circle",10,3.111840861,1.300470808,3,"M",0.461538461538462
"91",11,"Circle",10,3.004087566,1.421228811,3,"M",0.461538461538462
"92",11,"Circle",10,2.465321088,0.871315441,2,"M",0.461538461538462
"93",11,"Circle",10,2.463463273,1.737057436,4,"F",0.461538461538462
"94",11,"Circle",10,2.587936907,2.145776833,6,"M",0.461538461538462
"95",11,"Circle",10,3.04310169,1.900545195,5,"F",0.461538461538462
"96",11,"Circle",10,2.641813555,2.591652538,7,"F",0.461538461538462
"97",11,"Circle",11,3.049213918,0.838856775,2,"M",0.625
"98",11,"Circle",11,2.823392857,0.973858616,2,"M",0.625
"99",11,"Circle",11,4.058050442,3.18728461,8,"F",0.625
"100",11,"Circle",11,2.372361929,1.931148748,5,"F",0.625
"101",11,"Circle",11,2.887210972,2.391997423,6,"F",0.625
"102",11,"Circle",11,3.636474595,1.456798601,3,"M",0.625
"103",11,"Circle",11,4.181393594,1.062836892,2,"M",0.625
"104",11,"Circle",11,4.053755523,1.319342784,3,"M",0.625
"105",11,"Circle",11,3.588610088,2.052037923,5,"F",0.625
"106",11,"Circle",11,3.64015648,2.700049705,7,"F",0.625
"107",11,"Circle",11,4.328668999,2.90746134,8,"F",0.625
"108",11,"Circle",11,3.674521355,2.932008468,8,"F",0.625
"109",11,"Circle",11,4.420103093,1.444526878,3,"F",0.625
"110",11,"Circle",11,4.876656848,1.119293078,2,"?",0.625
"111",11,"Circle",12,3.020597212,0.676337604,1,"M",1
"112",11,"Circle",12,3.291885833,0.706480784,1,"M",1
"113",11,"Circle",12,3.334589299,1.331951771,3,"M",1
"114",11,"Circle",12,3.882191032,1.068198945,2,"M",1
"115",11,"Circle",12,2.621200075,2.630619819,7,"F",1
"116",11,"Circle",12,2.485555765,2.731098342,7,"F",1
"117",11,"Circle",12,3.482793896,2.640668802,7,"F",1
"118",11,"Circle",12,3.397386963,3.180732856,8,"F",1
"119",11,"Circle",12,3.824415976,1.645943858,4,"F",1
"120",11,"Circle",12,4.610022607,0.827053504,2,"F",1
"121",11,"Circle",12,4.446119066,1.094574228,2,"F",1
"122",11,"Circle",13,4.392254601,1.848159509,5,"F",0.333333333333333
"123",11,"Circle",13,4.844708589,2.45398773,6,"F",0.333333333333333
"124",11,"Circle",13,3.114135353,1.119631902,2,"F",0.333333333333333
"125",11,"Circle",13,3.05278566,1.602760736,4,"F",0.333333333333333
"126",11,"Circle",13,2.181110046,1.789365414,4,"F",0.333333333333333
"127",11,"Circle",13,2.843174847,0.991819402,2,"M",0.333333333333333
"128",11,"Circle",13,3.666282592,0.743865031,1,"M",0.333333333333333
"129",11,"Circle",13,4.502172163,1.411042945,3,"F",0.333333333333333
"130",11,"Circle",13,4.351355445,0.92791411,2,"M",0.333333333333333
"131",11,"Circle",13,2.554319402,2.45398773,6,"F",0.333333333333333
"132",11,"Circle",13,2.358128834,0.814162193,2,"?",0.333333333333333
"133",11,"Circle",13,4.047800997,1.70117523,4,"F",0.333333333333333
"134",11,"Circle",3,3.552695794,0.545685279,1,"M",1
"135",11,"Circle",3,2.828136331,0.736040609,1,"M",1
"136",11,"Circle",3,3.088591371,0.608533358,1,"M",1
"137",11,"Circle",3,3.939448876,1.411046048,3,"M",1
"138",11,"Circle",3,3.915277375,1.604423495,4,"M",1
"139",11,"Circle",3,3.799251269,1.725284627,4,"M",1
"140",11,"Circle",3,3.736403191,1.879985497,5,"M",1
"141",11,"Circle",3,3.173192531,1.631013416,4,"M",1
"142",11,"Circle",3,3.388324873,2.058859681,5,"M",1
"143",11,"Circle",3,2.64684554,0.989847716,2,"M",1
"144",12,"Tube",3,3.700638337,1.371105592,1,"M",0.863636363636364
"145",12,"Tube",3,2.271891096,1.547706034,2,"M",0.863636363636364
"146",12,"Tube",3,2.132082414,1.676477189,2,"M",0.863636363636364
"147",12,"Tube",3,1.440397351,2.857492642,3,"F",0.863636363636364
"148",12,"Tube",3,1.609639441,2.872209345,3,"M",0.863636363636364
"149",12,"Tube",3,2.514716703,3.405689845,4,"M",0.863636363636364
"150",12,"Tube",3,3.062301325,3.357247976,5,"F",0.863636363636364
"151",12,"Tube",3,3.460264901,3.379935614,5,"M",0.863636363636364
"152",12,"Tube",3,3.302060338,3.162864238,5,"M",0.863636363636364
"153",12,"Tube",3,3.519131714,3.218051876,5,"M",0.863636363636364
"154",12,"Tube",3,3.651582046,3.427764901,5,"M",0.863636363636364
"155",12,"Tube",3,3.732523915,3.44616078,5,"M",0.863636363636364
"156",12,"Tube",3,4.245768948,3.210080942,5,"M",0.863636363636364
"157",12,"Tube",3,4.078979029,3.462717071,5,"M",0.863636363636364
"158",12,"Tube",3,4.623497057,3.251777042,6,"M",0.863636363636364
"159",12,"Tube",3,4.711797277,3.364606328,6,"F",0.863636363636364
"160",12,"Tube",3,4.802551508,3.433283664,6,"M",0.863636363636364
"161",12,"Tube",3,5.887293966,3.137110007,6,"M",0.863636363636364
"162",12,"Tube",3,5.529188742,3.419179544,6,"M",0.863636363636364
"163",12,"Tube",3,6.33124908,2.330143488,7,"M",0.863636363636364
"164",12,"Tube",3,6.046725533,1.721854305,7,"M",0.863636363636364
"165",12,"Tube",3,4.514348786,1.680156365,8,"M",0.863636363636364
"166",12,"Tube",3,4.470198675,1.794210817,8,"F",0.863636363636364
"167",12,"Tube",5,3.682142594,0.776836772,1,"M",0.793103448275862
"168",12,"Tube",5,3.662490789,1.378653279,1,"M",0.793103448275862
"169",12,"Tube",5,3.318594326,1.747113117,1,"F",0.793103448275862
"170",12,"Tube",5,2.485261606,1.674649963,2,"M",0.793103448275862
"171",12,"Tube",5,2.278924097,1.549373618,2,"M",0.793103448275862
"172",12,"Tube",5,2.094694178,1.748341931,2,"M",0.793103448275862
"173",12,"Tube",5,2.005650332,1.556129329,2,"M",0.793103448275862
"174",12,"Tube",5,1.642102063,1.887743183,3,"M",0.793103448275862
"175",12,"Tube",5,1.433308769,1.946696758,3,"F",0.793103448275862
"176",12,"Tube",5,1.421026161,2.516580693,3,"F",0.793103448275862
"177",12,"Tube",5,1.548760133,2.256203021,3,"F",0.793103448275862
"178",12,"Tube",5,1.531564112,2.663964628,3,"M",0.793103448275862
"179",12,"Tube",5,1.656840457,3.160156595,4,"M",0.793103448275862
"180",12,"Tube",5,1.62736367,3.280521371,4,"M",0.793103448275862
"181",12,"Tube",5,1.696144068,3.440186072,4,"M",0.793103448275862
"182",12,"Tube",5,1.784574429,3.133137436,4,"M",0.793103448275862
"183",12,"Tube",5,2.6958972,3.422991894,4,"F",0.793103448275862
"184",12,"Tube",5,3.266396463,3.253500368,5,"M",0.793103448275862
"185",12,"Tube",5,4.003316139,3.131908622,5,"M",0.793103448275862
"186",12,"Tube",5,4.20412675,3.406411201,5,"F",0.793103448275862
"187",12,"Tube",5,4.745762712,3.246131172,6,"M",0.793103448275862
"188",12,"Tube",5,4.913411938,3.161385409,6,"M",0.793103448275862
"189",12,"Tube",5,5.138785925,3.187177598,6,"M",0.793103448275862
"190",12,"Tube",5,5.447678703,3.225865881,6,"F",0.793103448275862
"191",12,"Tube",5,6.162490789,3.026897568,6,"M",0.793103448275862
"192",12,"Tube",5,6.011422255,2.827929256,7,"M",0.793103448275862
"193",12,"Tube",5,6.188282977,2.072586588,7,"M",0.793103448275862
"194",12,"Tube",5,6.29513633,1.5899042,7,"M",0.793103448275862
"195",12,"Tube",5,6.092483419,1.578850405,7,"M",0.793103448275862
"196",12,"Tube",5,5.788504053,1.717022845,7,"F",0.793103448275862
"197",12,"Tube",5,5.683492999,1.62736367,7,"M",0.793103448275862
"198",12,"Tube",5,4.568288504,1.60525608,8,"M",0.793103448275862
"199",12,"Tube",7,3.623323398,0.698584203,1,"M",0.818181818181818
"200",12,"Tube",7,3.129657228,1.732488823,2,"M",0.818181818181818
"201",12,"Tube",7,2.431073025,1.467958271,2,"M",0.818181818181818
"202",12,"Tube",7,2.468330849,1.602086438,2,"M",0.818181818181818
"203",12,"Tube",7,2.274590164,1.795827124,2,"M",0.818181818181818
"204",12,"Tube",7,1.69709389,1.531296572,3,"M",0.818181818181818
"205",12,"Tube",7,1.702682563,1.676602086,3,"M",0.818181818181818
"206",12,"Tube",7,1.779061103,2.492548435,3,"M",0.818181818181818
"207",12,"Tube",7,1.467958271,3.026266766,4,"M",0.818181818181818
"208",12,"Tube",7,1.663561848,3.177160954,4,"M",0.818181818181818
"209",12,"Tube",7,1.757637854,3.237704918,4,"M",0.818181818181818
"210",12,"Tube",7,1.576005961,3.393256334,4,"M",0.818181818181818
"211",12,"Tube",7,2.755836438,3.392945231,4,"M",0.818181818181818
"212",12,"Tube",7,3.845007452,3.446348733,5,"M",0.818181818181818
"213",12,"Tube",7,4.04247392,3.103576751,5,"F",0.818181818181818
"214",12,"Tube",7,3.85494225,3.269994411,5,"M",0.818181818181818
"215",12,"Tube",7,4.294584575,3.227770119,5,"M",0.818181818181818
"216",12,"Tube",7,4.226279806,3.410333458,5,"F",0.818181818181818
"217",12,"Tube",7,4.664679583,3.461251863,6,"M",0.818181818181818
"218",12,"Tube",7,4.476527571,3.30942623,5,"M",0.818181818181818
"219",12,"Tube",7,4.458830104,3.188338301,5,"M",0.818181818181818
"220",12,"Tube",7,4.680514158,3.11661699,6,"M",0.818181818181818
"221",12,"Tube",7,4.603204173,3.233979136,6,"M",0.818181818181818
"222",12,"Tube",7,4.743852459,3.36438152,6,"F",0.818181818181818
"223",12,"Tube",7,5.137853949,3.19485842,6,"M",0.818181818181818
"224",12,"Tube",7,5.320417288,3.316877794,6,"F",0.818181818181818
"225",12,"Tube",7,5.448956781,3.376490313,6,"M",0.818181818181818
"226",12,"Tube",7,5.607302534,3.414679583,6,"M",0.818181818181818
"227",12,"Tube",7,5.763785395,3.245776826,6,"M",0.818181818181818
"228",12,"Tube",7,6.223919523,2.786264903,7,"F",0.818181818181818
"229",12,"Tube",7,6.127980626,2.378912072,7,"M",0.818181818181818
"230",12,"Tube",7,5.650149031,1.421385991,8,"F",0.818181818181818
"231",12,"Tube",7,5.555761923,1.618852459,8,"M",0.818181818181818
"232",12,"Tube",7,5.273845007,1.477272727,8,"F",0.818181818181818
"233",12,"Tube",8,3.687702855,1.510768219,1,"M",0.833333333333333
"234",12,"Tube",8,2.833709617,1.508264463,2,"M",0.833333333333333
"235",12,"Tube",8,2.638367769,1.703606311,2,"M",0.833333333333333
"236",12,"Tube",8,2.426746807,1.527047333,2,"F",0.833333333333333
"237",12,"Tube",8,2.114951165,1.671675432,2,"M",0.833333333333333
"238",12,"Tube",8,1.987227648,1.607813674,2,"M",0.833333333333333
"239",12,"Tube",8,1.631605935,1.681692337,3,"M",0.833333333333333
"240",12,"Tube",8,1.606560856,1.862007889,3,"M",0.833333333333333
"241",12,"Tube",8,1.476333584,1.937139369,3,"M",0.833333333333333
"242",12,"Tube",8,1.408715252,1.714250563,3,"M",0.833333333333333
"243",12,"Tube",8,1.606560856,2.645880917,3,"M",0.833333333333333
"244",12,"Tube",8,1.646632231,2.796143877,3,"M",0.833333333333333
"245",12,"Tube",8,1.704231781,2.936388054,3,"?",0.833333333333333
"246",12,"Tube",8,3.219383922,3.089782119,5,"M",0.833333333333333
"247",12,"Tube",8,3.50864012,3.258827949,5,"M",0.833333333333333
"248",12,"Tube",8,3.726521412,3.146130729,5,"M",0.833333333333333
"249",12,"Tube",8,4.228024042,3.166791886,5,"M",0.833333333333333
"250",12,"Tube",8,4.325694966,3.18933133,5,"M",0.833333333333333
"251",12,"Tube",8,4.145379414,3.155522164,5,"M",0.833333333333333
"252",12,"Tube",8,4.483471074,3.266341097,5,"M",0.833333333333333
"253",12,"Tube",8,4.622464313,3.347107438,6,"M",0.833333333333333
"254",12,"Tube",8,4.911720511,3.178061608,6,"F",0.833333333333333
"255",12,"Tube",8,6.157024793,3.260706236,6,"M",0.833333333333333
"256",12,"Tube",8,6.072501878,2.806160781,7,"F",0.833333333333333
"257",12,"Tube",8,6.339218633,2.723516153,7,"F",0.833333333333333
"258",12,"Tube",8,6.239669421,2.511269722,7,"M",0.833333333333333
"259",12,"Tube",8,6.228399699,2.227648385,7,"?",0.833333333333333
"260",12,"Tube",8,6.164537941,1.863260706,7,"M",0.833333333333333
"261",12,"Tube",8,6.059353869,1.897069872,7,"M",0.833333333333333
"262",12,"Tube",8,5.929752066,1.769346356,7,"M",0.833333333333333
"263",12,"Tube",8,6.006761833,1.681066867,7,"M",0.833333333333333
"264",12,"Tube",8,6.068745304,1.669797145,7,"M",0.833333333333333
"265",12,"Tube",8,6.188955672,1.718632607,7,"M",0.833333333333333
"266",12,"Tube",8,6.337340346,1.536438768,7,"M",0.833333333333333
"267",12,"Tube",8,5.546581518,1.474455297,8,"F",0.833333333333333
"268",12,"Tube",8,4.83095417,1.489481593,8,"M",0.833333333333333
"269",12,"Tube",8,4.370773854,1.645379414,8,"M",0.833333333333333
"270",12,"Tube",9,3.333333333,1.695906433,1,"M",0.833333333333333
"271",12,"Tube",9,3.14875731,1.763523392,2,"M",0.833333333333333
"272",12,"Tube",9,2.775950292,1.449195906,2,"M",0.833333333333333
"273",12,"Tube",9,2.543859649,1.631335892,2,"M",0.833333333333333
"274",12,"Tube",9,2.135721857,1.705652412,2,"M",0.833333333333333
"275",12,"Tube",9,2.009014985,1.502192982,2,"M",0.833333333333333
"276",12,"Tube",9,1.614278143,1.660575658,3,"M",0.833333333333333
"277",12,"Tube",9,1.775096857,1.689815424,3,"M",0.833333333333333
"278",12,"Tube",9,1.49122807,1.987085161,3,"M",0.833333333333333
"279",12,"Tube",9,1.695906433,2.411061769,3,"M",0.833333333333333
"280",12,"Tube",9,1.733675073,2.670564693,3,"M",0.833333333333333
"281",12,"Tube",9,3.076876827,3.15911367,5,"F",0.833333333333333
"282",12,"Tube",9,3.149976243,3.402777778,5,"F",0.833333333333333
"283",12,"Tube",9,4.449318348,3.435672515,5,"M",0.833333333333333
"284",12,"Tube",9,4.356725146,3.205409357,5,"M",0.833333333333333
"285",12,"Tube",9,5.404482822,3.333333333,6,"F",0.833333333333333
"286",12,"Tube",9,5.910696272,3.206017909,6,"M",0.833333333333333
"287",12,"Tube",9,6.013035453,3.098806652,6,"M",0.833333333333333
"288",12,"Tube",9,6.065423977,2.72721674,7,"M",0.833333333333333
"289",12,"Tube",9,5.958210892,2.057139985,7,"F",0.833333333333333
"290",12,"Tube",9,6.215277778,1.923123173,7,"M",0.833333333333333
"291",12,"Tube",9,6.077607822,1.627070541,7,"M",0.833333333333333
"292",12,"Tube",9,5.970394737,1.628289474,7,"M",0.833333333333333
"293",12,"Tube",9,5.810794956,1.508894371,7,"M",0.833333333333333
"294",12,"Tube",9,5.907041301,1.507675439,7,"M",0.833333333333333
"295",12,"Tube",9,5.280824196,1.650219298,8,"M",0.833333333333333
"296",12,"Tube",9,5.107821637,1.630725512,8,"M",0.833333333333333
"297",12,"Tube",9,5.081017909,1.736719664,8,"M",0.833333333333333
"298",12,"Tube",9,5.145590278,1.46747076,8,"M",0.833333333333333
"299",12,"Tube",9,4.574195906,1.617324561,8,"M",0.833333333333333
"300",12,"Tube",9,4.464546784,1.67093019,8,"M",0.833333333333333
"301",12,"Tube",10,3.653774637,0.974339903,1,"M",0.9
"302",12,"Tube",10,2.674475642,1.746621421,2,"M",0.9
"303",12,"Tube",10,2.756290443,1.5681164,2,"M",0.9
"304",12,"Tube",10,2.637287096,1.47886389,2,"M",0.9
"305",12,"Tube",10,2.386885459,1.671625139,2,"M",0.9
"306",12,"Tube",10,2.317465601,1.524111194,2,"M",0.9
"307",12,"Tube",10,1.962936036,1.520392339,2,"M",0.9
"308",12,"Tube",10,1.646833395,1.59600781,3,"M",0.9
"309",12,"Tube",10,1.504276683,1.956117516,3,"M",0.9
"310",12,"Tube",10,1.729267386,2.114168836,3,"M",0.9
"311",12,"Tube",10,1.413164745,2.984380811,4,"M",0.9
"312",12,"Tube",10,1.57493492,2.861658609,3,"M",0.9
"313",12,"Tube",10,1.736705095,2.876534028,3,"F",0.9
"314",12,"Tube",10,2.639146523,3.160407215,4,"M",0.9
"315",12,"Tube",10,2.820132019,3.237262923,4,"M",0.9
"316",12,"Tube",10,2.941613983,3.373620305,4,"F",0.9
"317",12,"Tube",10,3.068055039,3.326515433,5,"M",0.9
"318",12,"Tube",10,3.231684641,3.23912235,5,"M",0.9
"319",12,"Tube",10,3.393454816,3.213090368,5,"M",0.9
"320",12,"Tube",10,3.774637412,3.402751952,5,"M",0.9
"321",12,"Tube",10,4.303333953,3.206271848,5,"M",0.9
"322",12,"Tube",10,3.901697657,3.407089996,5,"M",0.9
"323",12,"Tube",10,4.660343994,3.362463741,6,"F",0.9
"324",12,"Tube",10,4.849386389,3.188917813,6,"M",0.9
"325",12,"Tube",10,6.105740052,2.458782075,7,"M",0.9
"326",12,"Tube",10,6.161522871,2.213337672,7,"M",0.9
"327",12,"Tube",10,6.05243585,2.13896058,7,"M",0.9
"328",12,"Tube",10,5.840461138,1.775753068,7,"M",0.9
"329",12,"Tube",10,5.973099665,1.56129974,7,"M",0.9
"330",12,"Tube",10,5.742530681,1.453452956,7,"M",0.9
"331",12,"Tube",11,3.021776813,1.613797205,2,"M",0.92
"332",12,"Tube",11,2.697003399,1.590507931,2,"M",0.92
"333",12,"Tube",11,2.455311556,1.679884819,2,"M",0.92
"334",12,"Tube",11,2.076410498,1.518126888,2,"M",0.92
"335",12,"Tube",11,2.043680136,1.385951662,2,"M",0.92
"336",12,"Tube",11,1.694990559,1.560927115,3,"M",0.92
"337",12,"Tube",11,1.547709592,2.561682402,3,"M",0.92
"338",12,"Tube",11,1.990810045,3.184794184,4,"M",0.92
"339",12,"Tube",11,1.672331949,3.3081571,4,"M",0.92
"340",12,"Tube",11,2.609516616,3.160247356,4,"M",0.92
"341",12,"Tube",11,2.900302115,3.347809668,4,"M",0.92
"342",12,"Tube",11,4.177996601,3.136329305,5,"M",0.92
"343",12,"Tube",11,4.27366503,3.335220921,5,"M",0.92
"344",12,"Tube",11,4.45367636,3.131293429,5,"M",0.92
"345",12,"Tube",11,4.361782477,3.150175604,5,"M",0.92
"346",12,"Tube",11,5.850641994,3.13255287,6,"M",0.92
"347",12,"Tube",11,6.093277946,3.183534743,6,"M",0.92
"348",12,"Tube",11,6.102719033,2.641616314,7,"M",0.92
"349",12,"Tube",11,5.770392749,2.284743202,7,"M",0.92
"350",12,"Tube",11,5.777001511,1.53228852,7,"F",0.92
"351",12,"Tube",11,5.553247734,1.435045317,8,"F",0.92
"352",12,"Tube",11,5.302114804,1.6918429,8,"M",0.92
"353",12,"Tube",11,5.052870091,1.567220544,8,"M",0.92
"354",12,"Tube",11,4.599697885,1.497356495,8,"M",0.92
"355",12,"Tube",11,4.662009063,1.66163142,8,"M",0.92
"356",12,"Tube",12,3.600151745,1.060318665,1,"M",0.958333333333333
"357",12,"Tube",12,3.73292868,1.445371775,1,"M",0.958333333333333
"358",12,"Tube",12,2.908763278,1.448216995,2,"M",0.958333333333333
"359",12,"Tube",12,2.770295903,1.510811836,2,"M",0.958333333333333
"360",12,"Tube",12,2.341616085,1.597116844,2,"M",0.958333333333333
"361",12,"Tube",12,2.276176024,1.725151745,2,"M",0.958333333333333
"362",12,"Tube",12,1.727996965,1.690060698,3,"M",0.958333333333333
"363",12,"Tube",12,1.460546282,2.099772382,3,"M",0.958333333333333
"364",12,"Tube",12,1.663505311,3.019726859,4,"M",0.958333333333333
"365",12,"Tube",12,1.789643399,3.340288316,4,"M",0.958333333333333
"366",12,"Tube",12,1.919575114,3.216047041,4,"M",0.958333333333333
"367",12,"Tube",12,1.783952959,3.106980273,4,"M",0.958333333333333
"368",12,"Tube",12,2.336874052,3.247344461,4,"M",0.958333333333333
"369",12,"Tube",12,2.368171472,3.386760243,4,"M",0.958333333333333
"370",12,"Tube",12,2.763657056,3.383915023,4,"M",0.958333333333333
"371",12,"Tube",12,3.885622155,3.292867982,5,"M",0.958333333333333
"372",12,"Tube",12,4.146433991,3.070940819,5,"M",0.958333333333333
"373",12,"Tube",12,5.188732929,3.266312595,6,"M",0.958333333333333
"374",12,"Tube",12,5.548179059,3.353566009,6,"M",0.958333333333333
"375",12,"Tube",12,5.96452959,3.158194234,6,"M",0.958333333333333
"376",12,"Tube",12,6.020485584,2.956183612,6,"M",0.958333333333333
"377",12,"Tube",12,6.195940819,2.009673748,7,"F",0.958333333333333
"378",12,"Tube",12,5.483687405,1.559180577,8,"M",0.958333333333333
"379",12,"Tube",12,5.032245827,1.488050076,8,"M",0.958333333333333
"380",12,"Tube",12,4.36646434,1.759294385,8,"M",0.958333333333333
"381",12,"Tube",13,3.557987711,1.340245776,1,"M",0.961538461538462
"382",12,"Tube",13,3.387096774,1.355606759,1,"M",0.961538461538462
"383",12,"Tube",13,3.429339478,1.576420891,1,"M",0.961538461538462
"384",12,"Tube",13,3.579109063,1.651305684,1,"M",0.961538461538462
"385",12,"Tube",13,3.137480799,1.647465438,2,"M",0.961538461538462
"386",12,"Tube",13,1.98156682,1.572580645,2,"M",0.961538461538462
"387",12,"Tube",13,1.816436252,1.480414747,3,"M",0.961538461538462
"388",12,"Tube",13,1.572580645,1.927803379,3,"M",0.961538461538462
"389",12,"Tube",13,1.68202765,1.987327189,3,"M",0.961538461538462
"390",12,"Tube",13,1.587941628,2.052611367,3,"M",0.961538461538462
"391",12,"Tube",13,1.499615975,2.15437788,3,"M",0.961538461538462
"392",12,"Tube",13,1.538018433,2.302227343,3,"M",0.961538461538462
"393",12,"Tube",13,1.386328725,2.329109063,3,"M",0.961538461538462
"394",12,"Tube",13,1.505376344,2.724654378,3,"M",0.961538461538462
"395",12,"Tube",13,2.046850998,3.076036866,4,"M",0.961538461538462
"396",12,"Tube",13,4.212110215,3.24500768,5,"M",0.961538461538462
"397",12,"Tube",13,4.331157834,3.325652842,5,"M",0.961538461538462
"398",12,"Tube",13,5.584356759,3.200844854,6,"M",0.961538461538462
"399",12,"Tube",13,5.699564132,3.144521889,6,"M",0.961538461538462
"400",12,"Tube",13,5.865336022,1.865720046,7,"M",0.961538461538462
"401",12,"Tube",13,5.569637097,1.787634409,8,"M",0.961538461538462
"402",12,"Tube",13,5.536353687,1.571941244,8,"M",0.961538461538462
"403",12,"Tube",13,4.737582565,1.596261521,8,"F",0.961538461538462
"404",12,"Tube",13,4.873271889,1.557859063,8,"M",0.961538461538462
"405",12,"Tube",13,4.453404378,1.545059524,8,"M",0.961538461538462
"406",12,"Tube",13,4.745263057,1.451612903,8,"M",0.961538461538462
"407",12,"Tube",14,3.514020537,1.096958926,1,"M",0.928571428571429
"408",12,"Tube",14,3.500197472,1.208530806,1,"M",0.928571428571429
"409",12,"Tube",14,3.635466035,1.30035545,1,"M",0.928571428571429
"410",12,"Tube",14,3.64468207,1.493548578,1,"M",0.928571428571429
"411",12,"Tube",14,3.638757899,1.702869273,1,"M",0.928571428571429
"412",12,"Tube",14,3.763165482,1.355977488,1,"M",0.928571428571429
"413",12,"Tube",14,3.334650474,1.587020142,1,"M",0.928571428571429
"414",12,"Tube",14,3.151658768,1.652843602,2,"M",0.928571428571429
"415",12,"Tube",14,2.929172591,1.580436414,2,"M",0.928571428571429
"416",12,"Tube",14,2.698789494,1.66864139,2,"M",0.928571428571429
"417",12,"Tube",14,2.173183254,1.480055292,2,"M",0.928571428571429
"418",12,"Tube",14,1.984597156,1.638033175,2,"M",0.928571428571429
"419",12,"Tube",14,1.801935229,1.484004739,3,"M",0.928571428571429
"420",12,"Tube",14,1.749605055,1.714060032,3,"M",0.928571428571429
"421",12,"Tube",14,1.69628752,1.956951027,3,"F",0.928571428571429
"422",12,"Tube",14,1.547195893,1.928317536,3,"M",0.928571428571429
"423",12,"Tube",14,1.636058452,3.178317536,4,"M",0.928571428571429
"424",12,"Tube",14,1.57385466,3.284952607,4,"M",0.928571428571429
"425",12,"Tube",14,3.137835703,3.162519747,5,"M",0.928571428571429
"426",12,"Tube",14,3.56042654,3.089454976,5,"M",0.928571428571429
"427",12,"Tube",14,4.079778831,3.275408768,5,"?",0.928571428571429
"428",12,"Tube",14,5.253751975,3.248420221,6,"M",0.928571428571429
"429",12,"Tube",14,5.687861374,3.268825039,6,"M",0.928571428571429
"430",12,"Tube",14,5.685886651,3.206951027,6,"M",0.928571428571429
"431",12,"Tube",14,5.957083333,2.792916667,7,"M",0.928571428571429
"432",12,"Tube",14,6.066350711,2.419036335,7,"M",0.928571428571429
"433",12,"Tube",14,5.41271722,1.71307267,8,"M",0.928571428571429
"434",12,"Tube",14,4.803185229,1.610716825,8,"M",0.928571428571429
"435",13,"Tube",9,5.094304734,1.792714497,6,"M",1
"436",13,"Tube",10,4.343283582,0.949626866,8,"M",1
"437",13,"Tube",11,4.467840735,0.939892802,8,"M",1
"438",13,"Tube",12,4.083343326,0.991047662,8,"M",1
"439",13,"Tube",13,4.873076923,1.157692308,7,"M",1
"440",13,"Tube",14,4.382022472,1.059390048,8,"M",1
"441",14,"Tube",12,3.645504732,1.21648265,1,"M",1
"442",14,"Tube",12,3.288643533,2.091876972,2,"M",1
"443",14,"Tube",12,4.838984621,4.227129338,5,"M",1
"444",14,"Tube",12,6.687040615,4.465037461,6,"M",1
"445",14,"Tube",12,6.978180205,3.650763013,7,"M",1
"446",14,"Tube",12,5.950315457,2.165812303,8,"M",1
"447",14,"Tube",14,3.641544118,0.731617647,1,"M",1
"448",14,"Tube",14,3.726102941,1.040441176,1,"M",1
"449",14,"Tube",14,2.875,1.987132353,2,"M",1
"450",14,"Tube",14,2.544117647,2.152573529,2,"M",1
"451",14,"Tube",14,2.248161765,4.507352941,4,"M",1
"452",14,"Tube",14,4.972426471,4.496323529,6,"M",1
"453",14,"Tube",14,5.491420956,4.351102941,6,"M",1
"454",14,"Tube",14,5.439950368,4.096200368,6,"M",1
"455",14,"Tube",14,6.472426471,4.128676471,6,"?",1
"456",14,"Tube",14,7.125,4.009191176,6,"M",1
"457",14,"Tube",14,6.977941176,3.40625,7,"M",1
"458",14,"Tube",14,7.023897059,2.564338235,7,"M",1
"459",14,"Tube",14,6.417279412,2.154411765,8,"M",1
"460",14,"Tube",14,6.636029412,1.875,7,"M",1
"461",14,"Tube",14,5.733455882,2.251838235,8,"M",1
"462",14,"Tube",14,4.665441176,2.145220588,8,"M",1
"463",14,"Tube",13,3.439041579,1.041226216,1,"M",1
"464",14,"Tube",13,2.589852008,2.122973925,2,"M",1
"465",14,"Tube",13,2.845900282,2.040755814,2,"M",1
"466",14,"Tube",13,6.101714235,4.335799859,6,"M",1
"467",14,"Tube",13,6.214469697,2.007869979,8,"M",1
"468",14,"Circle",3,3.110658771,0.605107328,1,"M",1
"469",14,"Circle",3,3.134715026,1.008512213,2,"M",1
"470",14,"Circle",3,3.941524796,1.197261288,2,"M",1
"471",14,"Circle",3,3.810140637,1.249074759,2,"M",1
"472",14,"Circle",3,3.83234641,1.472982976,3,"M",1
"473",14,"Circle",3,2.773871207,1.252775722,2,"M",1
"474",14,"Circle",3,4.793362324,1.815321984,4,"M",1
"475",14,"Circle",3,4.729213546,1.637675796,3,"M",1
"476",14,"Circle",3,4.748950777,1.553787935,3,"M",1
"477",14,"Circle",3,4.418948927,1.236737602,2,"M",1
"478",14,"Circle",3,4.935233161,0.988156921,2,"M",1
"479",14,"Circle",3,4.979644708,1.624722428,3,"M",1
"480",14,"Circle",3,5.242413027,1.746854182,4,"M",1
"481",14,"Circle",3,5.253515914,1.883789785,4,"M",1
"482",14,"Circle",3,4.798297557,2.309400444,5,"M",1
"483",14,"Circle",3,3.586848631,2.103380829,5,"M",1
"484",14,"Circle",3,3.636195411,2.235381199,5,"M",1
"485",14,"Circle",3,3.641130644,2.348876758,5,"M",1
"486",14,"Circle",3,3.247594375,2.620281273,6,"M",1
"487",14,"Circle",3,3.197631384,2.048482605,5,"M",1
"488",14,"Circle",3,2.07253886,2.340242413,5,"M",1
"489",14,"Circle",3,2.684431902,1.183073649,2,"M",1
"490",14,"Circle",3,3.036639526,2.794226499,7,"M",1
"491",14,"Circle",3,2.124352332,2.636935603,6,"M",1
"492",14,"Circle",3,3.870590303,3.209350481,8,"M",1
"493",14,"Circle",3,4.039600296,2.706637676,6,"M",1
"494",14,"Circle",3,4.198741673,2.754750185,6,"M",1
"495",14,"Circle",3,4.081545152,2.579570688,6,"M",1
"496",14,"Circle",3,4.16173205,2.97742413,7,"M",1
"497",14,"Circle",5,4.192739136,0.736372956,1,"M",1
"498",14,"Circle",5,4.101074529,0.901369249,2,"M",1
"499",14,"Circle",5,3.543753717,0.776705383,1,"M",1
"500",14,"Circle",5,4.445733453,0.839037316,2,"M",1
"501",14,"Circle",5,4.834391387,0.788315623,1,"M",1
"502",14,"Circle",5,4.741503974,1.152530273,2,"M",1
"503",14,"Circle",5,3.846857407,1.169640389,2,"M",1
"504",14,"Circle",5,3.612196013,1.370081552,3,"M",1
"505",14,"Circle",5,4.142629762,1.384747889,3,"M",1
"506",14,"Circle",5,3.93974482,1.528965649,3,"M",1
"507",14,"Circle",5,4.235515342,1.88829091,4,"M",1
"508",14,"Circle",5,4.631506445,2.660106903,6,"M",1
"509",14,"Circle",5,3.320092075,2.569665102,6,"M",1
"510",14,"Circle",5,3.061597883,2.219506302,5,"M",1
"511",14,"Circle",5,2.163895218,2.762160777,6,"M",1
"512",14,"Circle",5,2.936323531,1.967734792,4,"M",1
"513",14,"Circle",5,3.190538819,1.635296594,3,"M",1
"514",14,"Circle",5,2.273892747,1.96528918,4,"M",1
"515",14,"Circle",5,2.291004695,1.843070926,4,"M",1
"516",14,"Circle",5,2.41811234,1.603520141,3,"M",1
"517",14,"Circle",5,2.620384962,1.173306973,2,"M",1
"518",14,"Circle",5,3.884746056,2.028843919,4,"M",1
"519",14,"Circle",5,3.364091087,1.438523848,3,"M",1
"520",14,"Circle",5,3.265093311,1.511855534,3,"M",1
"521",14,"Circle",7,3.679829655,0.077429346,1,"M",1
"522",14,"Circle",7,3.861788618,0.290360046,1,"M",1
"523",14,"Circle",7,3.482384824,0.363917925,1,"M",1
"524",14,"Circle",7,3.308168796,0.224545103,1,"M",1
"525",14,"Circle",7,3.362369338,0.193573364,1,"M",1
"526",14,"Circle",7,4.163763066,0.414247,1,"M",1
"527",14,"Circle",7,4.322493225,0.317460317,1,"M",1
"528",14,"Circle",7,4.790940767,0.518776616,1,"M",1
"529",14,"Circle",7,4.647696477,0.449090205,1,"M",1
"530",14,"Circle",7,4.798683701,0.600077429,1,"M",1
"531",14,"Circle",7,4.608981804,0.642663569,1,"M",1
"532",14,"Circle",7,4.399922571,0.735578784,1,"M",1
"533",14,"Circle",7,4.221835075,0.921409214,2,"M",1
"534",14,"Circle",7,4.337979094,0.940766551,2,"M",1
"535",14,"Circle",7,4.427022842,1.138211382,2,"M",1
"536",14,"Circle",7,4.566395664,1.16918312,2,"M",1
"537",14,"Circle",7,4.802555168,1.149825784,2,"M",1
"538",14,"Circle",7,4.934185056,1.234998064,2,"M",1
"539",14,"Circle",7,5.007742935,1.196283391,2,"M",1
"540",14,"Circle",7,5.104529617,1.265969803,2,"M",1
"541",14,"Circle",7,5.131629888,1.049167635,2,"M",1
"542",14,"Circle",7,5.034843206,0.820751065,1,"M",1
"543",14,"Circle",7,3.300425861,1.12659698,2,"M",1
"544",14,"Circle",8,3.584592283,0.254574383,1,"M",1
"545",14,"Circle",8,3.686024264,0.357995227,1,"M",1
"546",14,"Circle",8,3.634313842,0.397772474,1,"M",1
"547",14,"Circle",8,3.584592283,0.443516309,1,"M",1
"548",14,"Circle",8,3.503048926,0.493237868,1,"M",1
"549",14,"Circle",8,3.443383055,0.485282418,1,"M",1
"550",14,"Circle",8,3.353884248,0.572792363,1,"M",1
"551",14,"Circle",8,3.389683771,0.320206842,1,"M",1
"552",14,"Circle",8,3.284274065,0.280429594,1,"M",1
"553",14,"Circle",8,3.375761734,0.186953063,1,"M",1
"554",14,"Circle",8,3.787456245,0.342084328,1,"M",1
"555",14,"Circle",8,3.849110979,0.451471758,1,"M",1
"556",14,"Circle",8,3.795411695,0.546937152,1,"M",1
"557",14,"Circle",8,3.831211217,0.204852824,1,"M",1
"558",14,"Circle",8,4.042030628,0.330151154,1,"M",1
"559",14,"Circle",8,4.061919252,0.463404932,1,"?",1
"560",14,"Circle",10,3.337856884,0.804942201,1,"M",1
"561",14,"Circle",10,3.696211661,0.815800758,1,"M",1
"562",14,"Circle",10,3.059590327,0.677345503,1,"M",1
"563",14,"Circle",10,3.990769107,0.768292281,1,"M",1
"564",14,"Circle",10,4.332157007,0.992264016,2,"M",1
"565",14,"Circle",10,4.152979618,1.027555853,2,"M",1
"566",14,"Circle",10,4.576489809,0.875525875,2,"M",1
"567",14,"Circle",10,3.232659396,1.073708284,2,"M",1
"568",14,"Circle",10,2.92859944,1.212163538,2,"M",1
"569",14,"Circle",10,3.381973207,1.928873092,4,"M",1
"570",14,"Circle",10,2.585855493,0.781186944,1,"M",1
"571",14,"Circle",10,2.488122372,1.133433401,2,"M",1
"572",14,"Circle",10,2.600108239,1.037736387,2,"M",1
"573",14,"Circle",11,4.665866347,0.676270508,1,"M",1
"574",14,"Circle",11,2.945178071,0.670268107,1,"M",1
"575",14,"Circle",11,2.93717487,0.858343337,2,"M",1
"576",14,"Circle",11,4.257703081,0.978391357,2,"M",1
"577",14,"Circle",11,2.633053221,1.370548219,3,"M",1
"578",14,"Circle",11,2.529011605,1.086434574,2,"M",1
"579",14,"Circle",11,3.223289316,1.928771509,4,"M",1
"580",14,"Circle",11,3.453381353,1.629985994,3,"M",1
"581",14,"Circle",11,3.517406963,1.544617847,3,"M",1
"582",14,"Circle",11,4.385088035,1.101106443,2,"M",1
"583",14,"Circle",12,3.4727749,0.855910359,2,"M",1
"584",14,"Circle",12,3.666667331,1.395085657,3,"M",1
"585",14,"Circle",12,3.393093625,1.267595618,2,"M",1
"586",14,"Circle",12,3.162017928,1.217131474,2,"M",1
"587",14,"Circle",12,2.875165339,1.023241036,2,"M",1
"588",14,"Circle",12,2.77689243,1.299468127,3,"M",1
"589",14,"Circle",12,2.992031873,1.530543825,3,"M",1
"590",14,"Circle",12,3.541832669,1.13213745,2,"M",1
"591",14,"Circle",12,3.334661355,3.596946215,8,"M",1
"592",14,"Circle",13,3.27104642,0.868082219,2,"M",1
"593",14,"Circle",13,3.876868607,0.870706137,2,"M",1
"594",14,"Circle",13,3.119590873,1.483084186,3,"M",1
"595",14,"Circle",13,2.403619197,0.931681747,2,"M",1
"596",14,"Circle",13,2.627852085,0.95266129,2,"M",1
"597",14,"Circle",14,3.559871173,0.649116878,1,"M",1
"598",14,"Circle",14,2.693553025,0.957804332,2,"M",1
"599",14,"Circle",14,3.851133308,1.042443988,2,"M",1
"600",14,"Circle",14,4.129947722,1.194299851,2,"M",1
"601",14,"Circle",14,3.671895071,1.418347647,3,"M",1
"602",14,"Circle",14,4.261887603,0.905526512,2,"M",1
"603",14,"Circle",14,4.321633682,0.584391337,1,"M",1
"604",14,"Circle",14,4.702514937,0.800970874,1,"M",1
"605",14,"Circle",15,3.533198224,1.568752827,3,"M",1
"606",14,"Circle",15,3.517905758,1.109978831,2,"M",1
"607",14,"Circle",15,3.296164993,0.850006901,2,"M",1
"608",14,"Circle",15,3.612208664,0.799031375,1,"M",1
"609",14,"Circle",15,2.648783274,1.304957779,3,"M",1
"610",14,"Circle",15,2.908755205,1.731235283,4,"M",1
"611",15,"Tube",4,3.667957227,0.646202065,1,"M",0.456521739130435
"612",15,"Tube",4,3.791482301,1.516408555,1,"F",0.456521739130435
"613",15,"Tube",4,3.807153392,1.473082596,1,"?",0.456521739130435
"614",15,"Tube",4,3.573930678,1.667588496,1,"M",0.456521739130435
"615",15,"Tube",4,3.891961652,2.087020649,1,"F",0.456521739130435
"616",15,"Tube",4,3.427359882,2.01880531,1,"F",0.456521739130435
"617",15,"Tube",4,2.943707596,2.082103614,2,"M",0.456521739130435
"618",15,"Tube",4,1.873156342,2.260324484,2,"F",0.456521739130435
"619",15,"Tube",4,2.018191372,1.87622972,2,"F",0.456521739130435
"620",15,"Tube",4,2.079646018,2.05322087,2,"F",0.456521739130435
"621",15,"Tube",4,1.012168142,3.451327434,3,"M",0.456521739130435
"622",15,"Tube",4,1.09789823,3.878134218,4,"F",0.456521739130435
"623",15,"Tube",4,1.504424779,4.306784661,4,"F",0.456521739130435
"624",15,"Tube",4,1.841200221,4.277286136,4,"F",0.456521739130435
"625",15,"Tube",4,2.31379056,4.370082965,4,"M",0.456521739130435
"626",15,"Tube",4,2.426867625,4.309858038,4,"F",0.456521739130435
"627",15,"Tube",4,2.485864676,4.126720133,4,"M",0.456521739130435
"628",15,"Tube",4,3.207964602,4.301253687,5,"F",0.456521739130435
"629",15,"Tube",4,3.473451327,4.148230088,5,"F",0.456521739130435
"630",15,"Tube",4,3.537979351,4.19800885,5,"M",0.456521739130435
"631",15,"Tube",4,3.748156342,4.202925885,5,"M",0.456521739130435
"632",15,"Tube",4,4.483161873,4.024705015,5,"F",0.456521739130435
"633",15,"Tube",4,4.347959071,4.175884956,5,"M",0.456521739130435
"634",15,"Tube",4,4.415560472,4.242256637,5,"M",0.456521739130435
"635",15,"Tube",4,4.508973083,4.279129794,5,"M",0.456521739130435
"636",15,"Tube",4,4.617133112,4.17096792,5,"M",0.456521739130435
"637",15,"Tube",4,5.063606195,4.16390118,6,"F",0.456521739130435
"638",15,"Tube",4,5.391777286,4.399889381,6,"F",0.456521739130435
"639",15,"Tube",4,6.457411504,4.124262537,6,"M",0.456521739130435
"640",15,"Tube",4,6.693091814,4.123648599,6,"F",0.456521739130435
"641",15,"Tube",4,6.893436578,3.383726032,7,"M",0.456521739130435
"642",15,"Tube",4,6.856563422,2.931415929,7,"F",0.456521739130435
"643",15,"Tube",4,6.695551254,2.721238938,7,"F",0.456521739130435
"644",15,"Tube",4,6.95980826,2.069813791,7,"M",0.456521739130435
"645",15,"Tube",4,6.618117625,2.048917773,7,"F",0.456521739130435
"646",15,"Tube",4,6.286259218,2.013274336,7,"M",0.456521739130435
"647",15,"Tube",4,6.457103614,1.865781711,7,"M",0.456521739130435
"648",15,"Tube",4,5.355825959,1.898045723,8,"F",0.456521739130435
"649",15,"Tube",4,5.293141593,1.983775811,8,"F",0.456521739130435
"650",15,"Tube",4,4.900442478,1.882374631,8,"F",0.456521739130435
"651",15,"Tube",4,4.888458702,2.137721239,8,"M",0.456521739130435
"652",15,"Tube",4,4.519727139,2.168141593,8,"M",0.456521739130435
"653",15,"Tube",4,4.604535398,2.299963127,8,"F",0.456521739130435
"654",15,"Tube",4,4.659384218,2.159384218,8,"M",0.456521739130435
"655",15,"Tube",4,4.943460546,2.150318953,8,"?",0.456521739130435
"656",15,"Tube",4,6.730272861,4.078171091,6,"M",0.456521739130435
"657",15,"Tube",7,3.585993541,0.856130319,1,"M",0.603174603174603
"658",15,"Tube",7,3.45681421,1.106890198,1,"M",0.603174603174603
"659",15,"Tube",7,3.787361322,1.3462519,1,"F",0.603174603174603
"660",15,"Tube",7,3.565729483,1.381711626,1,"M",0.603174603174603
"661",15,"Tube",7,3.667045973,1.703394757,1,"M",0.603174603174603
"662",15,"Tube",7,3.460613602,1.847771657,1,"M",0.603174603174603
"663",15,"Tube",7,3.493541033,2.193516337,1,"F",0.603174603174603
"664",15,"Tube",7,3.364361702,2.164386398,1,"M",0.603174603174603
"665",15,"Tube",7,3.318768997,2.083333967,1,"M",0.603174603174603
"666",15,"Tube",7,3.121200608,1.959219225,2,"M",0.603174603174603
"667",15,"Tube",7,3.050279255,1.904762538,2,"M",0.603174603174603
"668",15,"Tube",7,2.494933511,2.035841565,2,"M",0.603174603174603
"669",15,"Tube",7,2.326495061,2.11056231,2,"M",0.603174603174603
"670",15,"Tube",7,2.008611322,1.99024886,2,"M",0.603174603174603
"671",15,"Tube",7,1.776215805,2.083966565,2,"M",0.603174603174603
"672",15,"Tube",7,1.764817629,1.952887538,2,"F",0.603174603174603
"673",15,"Tube",7,1.595744681,1.905395137,2,"F",0.603174603174603
"674",15,"Tube",7,1.481130319,2.199848024,2,"F",0.603174603174603
"675",15,"Tube",7,1.103723404,2.10106383,3,"M",0.603174603174603
"676",15,"Tube",7,1.074595365,1.855370441,3,"F",0.603174603174603
"677",15,"Tube",7,0.835233663,1.879431991,3,"M",0.603174603174603
"678",15,"Tube",7,1.006206307,2.246707827,3,"F",0.603174603174603
"679",15,"Tube",7,1.106255699,2.482270137,3,"M",0.603174603174603
"680",15,"Tube",7,1.184777736,2.139057751,3,"M",0.603174603174603
"681",15,"Tube",7,0.90868731,3.06231003,3,"M",0.603174603174603
"682",15,"Tube",7,0.870693389,3.252279635,3,"F",0.603174603174603
"683",15,"Tube",7,1.065729483,3.900708587,4,"F",0.603174603174603
"684",15,"Tube",7,0.754179331,4.104610562,4,"M",0.603174603174603
"685",15,"Tube",7,0.795972644,4.209726444,4,"M",0.603174603174603
"686",15,"Tube",7,1.510258359,4.085613602,4,"M",0.603174603174603
"687",15,"Tube",7,1.607775456,4.053951368,4,"M",0.603174603174603
"688",15,"Tube",7,1.869933511,4.273049012,4,"M",0.603174603174603
"689",15,"Tube",7,2.633928571,4.151785714,4,"F",0.603174603174603
"690",15,"Tube",7,3.204787234,4.135638298,5,"M",0.603174603174603
"691",15,"Tube",7,3.223784195,4.071048632,5,"M",0.603174603174603
"692",15,"Tube",7,3.53343465,4.207826748,5,"F",0.603174603174603
"693",15,"Tube",7,3.670212766,4.395896657,5,"F",0.603174603174603
"694",15,"Tube",7,3.802558891,4.161601444,5,"M",0.603174603174603
"695",15,"Tube",7,3.772163754,4.061550152,5,"M",0.603174603174603
"696",15,"Tube",7,3.665780775,3.991893997,5,"M",0.603174603174603
"697",15,"Tube",7,3.986194909,4.098276976,5,"M",0.603174603174603
"698",15,"Tube",7,4.25468655,3.998227584,5,"M",0.603174603174603
"699",15,"Tube",7,4.830927052,4.128039514,6,"M",0.603174603174603
"700",15,"Tube",7,4.98100304,4.179331307,6,"F",0.603174603174603
"701",15,"Tube",7,5.879559271,4.166033435,6,"M",0.603174603174603
"702",15,"Tube",7,6.356382979,3.977963526,6,"M",0.603174603174603
"703",15,"Tube",7,6.641337386,4.147036474,6,"M",0.603174603174603
"704",15,"Tube",7,6.419072948,4.245820669,6,"M",0.603174603174603
"705",15,"Tube",7,6.791413374,4.378799392,6,"F",0.603174603174603
"706",15,"Tube",7,6.736322188,3.436550152,7,"M",0.603174603174603
"707",15,"Tube",7,6.941489362,3.447948328,7,"F",0.603174603174603
"708",15,"Tube",7,6.926291793,3.11550152,7,"F",0.603174603174603
"709",15,"Tube",7,6.797112462,2.824848024,7,"F",0.603174603174603
"710",15,"Tube",7,6.686930091,2.828647416,7,"F",0.603174603174603
"711",15,"Tube",7,6.964285714,2.344224924,7,"F",0.603174603174603
"712",15,"Tube",7,6.871200608,1.996580547,7,"F",0.603174603174603
"713",15,"Tube",7,6.675531915,2.070668693,7,"M",0.603174603174603
"714",15,"Tube",7,6.572948328,2.17325228,7,"F",0.603174603174603
"715",15,"Tube",7,6.580547112,2.374620061,7,"F",0.603174603174603
"716",15,"Tube",7,6.017604483,1.896529255,8,"F",0.603174603174603
"717",15,"Tube",7,6.084093845,2.269504179,8,"F",0.603174603174603
"718",15,"Tube",7,6.054963906,2.10106383,8,"F",0.603174603174603
"719",15,"Tube",7,5.583839286,2.022543693,8,"M",0.603174603174603
"720",15,"Tube",7,5.460993541,1.914893617,8,"F",0.603174603174603
"721",15,"Tube",7,6.396909195,2.084599164,7,"F",0.603174603174603
"722",15,"Tube",8,3.707415487,0.473009041,1,"M",0.61764705882353
"723",15,"Tube",8,3.721829796,1.255241745,1,"M",0.61764705882353
"724",15,"Tube",8,3.577698506,1.323374607,1,"M",0.61764705882353
"725",15,"Tube",8,3.534459513,1.392820362,1,"M",0.61764705882353
"726",15,"Tube",8,3.63666077,1.677148192,1,"M",0.61764705882353
"727",15,"Tube",8,3.141377752,1.801625393,2,"F",0.61764705882353
"728",15,"Tube",8,2.749606918,1.836346305,2,"M",0.61764705882353
"729",15,"Tube",8,2.91339033,2.051232311,2,"M",0.61764705882353
"730",15,"Tube",8,2.819050708,2.083987814,2,"M",0.61764705882353
"731",15,"Tube",8,2.449553852,2.158673349,2,"M",0.61764705882353
"732",15,"Tube",8,2.329009434,2.106263758,2,"F",0.61764705882353
"733",15,"Tube",8,2.213704796,2.02240566,2,"F",0.61764705882353
"734",15,"Tube",8,1.649632469,1.885481525,2,"M",0.61764705882353
"735",15,"Tube",8,1.839622642,1.829141116,2,"M",0.61764705882353
"736",15,"Tube",8,1.935273192,1.905135613,2,"F",0.61764705882353
"737",15,"Tube",8,1.867138365,2.006027909,2,"M",0.61764705882353
"738",15,"Tube",8,1.666666667,2.000786164,2,"F",0.61764705882353
"739",15,"Tube",8,1.561845519,2.171122248,2,"F",0.61764705882353
"740",15,"Tube",8,0.915226022,2.078748035,3,"F",0.61764705882353
"741",15,"Tube",8,0.904742531,2.374868318,3,"F",0.61764705882353
"742",15,"Tube",8,0.784198113,2.284459513,3,"M",0.61764705882353
"743",15,"Tube",8,1.09997445,2.558307783,3,"F",0.61764705882353
"744",15,"Tube",8,0.83660967,2.481000393,3,"M",0.61764705882353
"745",15,"Tube",8,0.903433569,2.820361635,3,"M",0.61764705882353
"746",15,"Tube",8,0.844471305,3.092898978,3,"M",0.61764705882353
"747",15,"Tube",8,0.941430818,3.534459513,3,"F",0.61764705882353
"748",15,"Tube",8,0.826126179,4.154219733,4,"M",0.61764705882353
"749",15,"Tube",8,0.709512579,4.209251179,4,"M",0.61764705882353
"750",15,"Tube",8,1.173349057,4.22759434,4,"M",0.61764705882353
"751",15,"Tube",8,1.217898978,3.999606918,4,"M",0.61764705882353
"752",15,"Tube",8,1.304376965,4.297038129,4,"F",0.61764705882353
"753",15,"Tube",8,1.524502752,4.126704009,4,"M",0.61764705882353
"754",15,"Tube",8,1.595257469,4.289176494,4,"M",0.61764705882353
"755",15,"Tube",8,1.679113601,4.10901533,4,"F",0.61764705882353
"756",15,"Tube",8,2.79677673,4.162081368,5,"F",0.61764705882353
"757",15,"Tube",8,2.807258255,4.025811714,5,"F",0.61764705882353
"758",15,"Tube",8,2.934355346,4.193527909,5,"M",0.61764705882353
"759",15,"Tube",8,3.320886399,4.175182783,5,"F",0.61764705882353
"760",15,"Tube",8,3.239648192,4.052018475,5,"M",0.61764705882353
"761",15,"Tube",8,3.641902516,4.082154088,5,"F",0.61764705882353
"762",15,"Tube",8,3.740172956,4.150288915,5,"M",0.61764705882353
"763",15,"Tube",8,4.143736242,4.223663522,5,"F",0.61764705882353
"764",15,"Tube",8,4.050707547,4.097877358,5,"M",0.61764705882353
"765",15,"Tube",8,4.304245283,4.081499607,5,"F",0.61764705882353
"766",15,"Tube",8,4.750393082,4.229559748,5,"F",0.61764705882353
"767",15,"Tube",8,5.713443396,4.051690252,6,"F",0.61764705882353
"768",15,"Tube",8,6.073113208,4.108358884,6,"M",0.61764705882353
"769",15,"Tube",8,6.535638758,4.384827044,6,"F",0.61764705882353
"770",15,"Tube",8,6.813417846,4.270833333,6,"M",0.61764705882353
"771",15,"Tube",8,6.750524764,4.124082154,6,"M",0.61764705882353
"772",15,"Tube",8,6.783280267,4.14766706,6,"M",0.61764705882353
"773",15,"Tube",8,6.79245283,2.870807783,7,"M",0.61764705882353
"774",15,"Tube",8,6.916928066,2.784329796,7,"M",0.61764705882353
"775",15,"Tube",8,6.802934355,2.393867925,7,"M",0.61764705882353
"776",15,"Tube",8,6.932651336,2.273323506,7,"M",0.61764705882353
"777",15,"Tube",8,6.868449292,2.104298349,7,"F",0.61764705882353
"778",15,"Tube",8,6.501572327,2.146226415,7,"F",0.61764705882353
"779",15,"Tube",8,6.830450079,1.979821148,7,"F",0.61764705882353
"780",15,"Tube",8,6.310927673,2.124606918,7,"M",0.61764705882353
"781",15,"Tube",8,6.116352201,1.916273585,8,"M",0.61764705882353
"782",15,"Tube",8,6.21658805,2.053852201,8,"F",0.61764705882353
"783",15,"Tube",8,6.088836478,1.802279874,8,"F",0.61764705882353
"784",15,"Tube",8,5.860849057,2.044025157,8,"M",0.61764705882353
"785",15,"Tube",8,5.322327044,2.085298742,8,"M",0.61764705882353
"786",15,"Tube",8,4.677672956,2.199292453,8,"M",0.61764705882353
"787",15,"Tube",8,4.976415094,2.142295597,8,"M",0.61764705882353
"788",15,"Tube",8,4.722222877,1.981132075,8,"M",0.61764705882353
"789",15,"Tube",8,4.874213836,2.026990959,8,"M",0.61764705882353
"790",15,"Tube",9,3.81141046,1.281036054,1,"M",0.59016393442623
"791",15,"Tube",9,3.671420365,1.254621632,1,"M",0.59016393442623
"792",15,"Tube",9,3.815372425,1.665346672,1,"M",0.59016393442623
"793",15,"Tube",9,3.543318146,1.712890254,1,"M",0.59016393442623
"794",15,"Tube",9,3.810089144,1.922874406,1,"M",0.59016393442623
"795",15,"Tube",9,3.549920761,2.163232964,1,"M",0.59016393442623
"796",15,"Tube",9,3.151083597,1.868726228,2,"F",0.59016393442623
"797",15,"Tube",9,2.461701664,1.830427892,2,"F",0.59016393442623
"798",15,"Tube",9,2.667723851,1.947965531,2,"F",0.59016393442623
"799",15,"Tube",9,2.415477417,1.896459984,2,"F",0.59016393442623
"800",15,"Tube",9,2.752244453,2.142101823,2,"M",0.59016393442623
"801",15,"Tube",9,2.571315372,2.171156894,2,"F",0.59016393442623
"802",15,"Tube",9,2.142101823,2.123613312,2,"F",0.59016393442623
"803",15,"Tube",9,2.511885895,2.033809429,2,"M",0.59016393442623
"804",15,"Tube",9,1.662044374,2.082672345,2,"F",0.59016393442623
"805",15,"Tube",9,1.971077655,2.002113708,2,"M",0.59016393442623
"806",15,"Tube",9,1.951267829,1.937400951,2,"M",0.59016393442623
"807",15,"Tube",9,1.218304279,2.106444136,3,"M",0.59016393442623
"808",15,"Tube",9,0.996434231,2.237188986,3,"F",0.59016393442623
"809",15,"Tube",9,1.137743661,2.390386292,3,"M",0.59016393442623
"810",15,"Tube",9,0.82078645,2.916006339,3,"F",0.59016393442623
"811",15,"Tube",9,0.82078645,3.342577258,3,"M",0.59016393442623
"812",15,"Tube",9,0.876253962,3.489169968,3,"M",0.59016393442623
"813",15,"Tube",9,0.902668384,3.623876783,3,"M",0.59016393442623
"814",15,"Tube",9,1.078314184,3.844427496,4,"F",0.59016393442623
"815",15,"Tube",9,1.053223059,4.202323693,4,"M",0.59016393442623
"816",15,"Tube",9,1.135103011,4.384574089,4,"M",0.59016393442623
"817",15,"Tube",9,1.449419572,4.447965531,4,"M",0.59016393442623
"818",15,"Tube",9,1.663365689,4.214209588,4,"M",0.59016393442623
"819",15,"Tube",9,2.206154913,4.290808241,4,"F",0.59016393442623
"820",15,"Tube",9,3.204570127,4.308637084,5,"F",0.59016393442623
"821",15,"Tube",9,3.398706418,4.196380745,5,"F",0.59016393442623
"822",15,"Tube",9,3.705427892,4.372028526,5,"F",0.59016393442623
"823",15,"Tube",9,3.847068146,4.129358162,5,"F",0.59016393442623
"824",15,"Tube",9,4.047147385,4.238312203,5,"F",0.59016393442623
"825",15,"Tube",9,4.176901743,4.140253566,5,"M",0.59016393442623
"826",15,"Tube",9,4.226426307,4.345285261,5,"M",0.59016393442623
"827",15,"Tube",9,4.354199683,4.124405705,5,"F",0.59016393442623
"828",15,"Tube",9,4.595879556,4.094690967,5,"M",0.59016393442623
"829",15,"Tube",9,5.104992076,4.300713154,6,"F",0.59016393442623
"830",15,"Tube",9,5.934364105,4.239302694,6,"M",0.59016393442623
"831",15,"Tube",9,6.299524564,4.220814184,6,"M",0.59016393442623
"832",15,"Tube",9,6.994849445,4.358161648,6,"F",0.59016393442623
"833",15,"Tube",9,6.857501981,3.980453645,6,"M",0.59016393442623
"834",15,"Tube",9,6.909007528,3.697834786,7,"M",0.59016393442623
"835",15,"Tube",9,6.766376783,3.627838748,7,"M",0.59016393442623
"836",15,"Tube",9,6.9856042,3.577654517,7,"M",0.59016393442623
"837",15,"Tube",9,6.819201664,3.061277734,7,"M",0.59016393442623
"838",15,"Tube",9,6.757131537,2.768092314,7,"M",0.59016393442623
"839",15,"Tube",9,6.840332805,2.717908082,7,"M",0.59016393442623
"840",15,"Tube",9,7.029185816,2.609613708,7,"M",0.59016393442623
"841",15,"Tube",9,6.861463946,2.256998811,7,"F",0.59016393442623
"842",15,"Tube",9,6.437533677,2.171156894,7,"M",0.59016393442623
"843",15,"Tube",9,6.333201268,1.967775357,7,"M",0.59016393442623
"844",15,"Tube",9,6.182646593,1.961172742,8,"M",0.59016393442623
"845",15,"Tube",9,5.677496038,1.95225832,8,"F",0.59016393442623
"846",15,"Tube",9,5.708201268,2.039421553,8,"M",0.59016393442623
"847",15,"Tube",9,5.805269414,2.159270998,8,"F",0.59016393442623
"848",15,"Tube",9,6.010301109,2.308835182,8,"F",0.59016393442623
"849",15,"Tube",9,5.830031696,2.277139461,8,"F",0.59016393442623
"850",15,"Tube",9,5.344690967,2.128565769,8,"M",0.59016393442623
"851",15,"Tube",10,3.593666534,1.043322734,1,"M",0.690909090909091
"852",15,"Tube",10,3.781796502,1.17845787,1,"M",0.690909090909091
"853",15,"Tube",10,3.858638712,1.17845787,1,"M",0.690909090909091
"854",15,"Tube",10,3.698330684,1.273847377,1,"M",0.690909090909091
"855",15,"Tube",10,3.640037758,1.534843005,1,"M",0.690909090909091
"856",15,"Tube",10,3.056438792,2.013116057,2,"M",0.690909090909091
"857",15,"Tube",10,2.700715421,2.2436407,2,"F",0.690909090909091
"858",15,"Tube",10,2.567567568,1.848171701,2,"F",0.690909090909091
"859",15,"Tube",10,2.26483903,1.824986089,2,"M",0.690909090909091
"860",15,"Tube",10,2.124403816,2.267488076,2,"M",0.690909090909091
"861",15,"Tube",10,2.095256359,2.161500397,2,"F",0.690909090909091
"862",15,"Tube",10,1.993243243,1.998543323,2,"F",0.690909090909091
"863",15,"Tube",10,1.942899444,1.86738275,2,"M",0.690909090909091
"864",15,"Tube",10,1.802464229,1.862082671,2,"M",0.690909090909091
"865",15,"Tube",10,1.689189189,2.217806041,2,"F",0.690909090909091
"866",15,"Tube",10,1.63354531,2.112480127,2,"F",0.690909090909091
"867",15,"Tube",10,0.995627981,2.395999603,3,"M",0.690909090909091
"868",15,"Tube",10,1.189056041,2.308559221,3,"M",0.690909090909091
"869",15,"Tube",10,0.751854134,2.849099762,3,"F",0.690909090909091
"870",15,"Tube",10,0.921436804,2.801405008,3,"M",0.690909090909091
"871",15,"Tube",10,1.011526232,2.896794515,3,"F",0.690909090909091
"872",15,"Tube",10,0.746556041,3.07697337,3,"M",0.690909090909091
"873",15,"Tube",10,0.998277027,3.439984102,3,"F",0.690909090909091
"874",15,"Tube",10,0.839294515,3.559220986,3,"M",0.690909090909091
"875",15,"Tube",10,1.045971781,3.606915739,3,"M",0.690909090909091
"876",15,"Tube",10,1.157259539,3.783122019,4,"F",0.690909090909091
"877",15,"Tube",10,0.815447138,4.013646661,4,"M",0.690909090909091
"878",15,"Tube",10,0.921436804,4.14745628,4,"M",0.690909090909091
"879",15,"Tube",10,1.084393879,4.309087838,4,"M",0.690909090909091
"880",15,"Tube",10,1.328165739,4.311738871,4,"M",0.690909090909091
"881",15,"Tube",10,1.897853736,4.240858506,4,"F",0.690909090909091
"882",15,"Tube",10,2.551669316,4.313726153,4,"F",0.690909090909091
"883",15,"Tube",10,3.312136328,4.207736486,5,"F",0.690909090909091
"884",15,"Tube",10,3.630763116,4.217011129,5,"M",0.690909090909091
"885",15,"Tube",10,3.662559618,4.372019078,5,"F",0.690909090909091
"886",15,"Tube",10,3.932168124,4.181240064,5,"M",0.690909090909091
"887",15,"Tube",10,5.526629571,4.153418124,6,"M",0.690909090909091
"888",15,"Tube",10,6.61963434,4.02027027,6,"M",0.690909090909091
"889",15,"Tube",10,6.778616852,4.113672496,6,"F",0.690909090909091
"890",15,"Tube",10,6.963434022,3.824191176,6,"M",0.690909090909091
"891",15,"Tube",10,6.748807631,3.842740461,6,"M",0.690909090909091
"892",15,"Tube",10,6.934286566,3.530073529,7,"M",0.690909090909091
"893",15,"Tube",10,6.98198132,2.276762719,7,"M",0.690909090909091
"894",15,"Tube",10,6.176470588,2.109831081,8,"M",0.690909090909091
"895",15,"Tube",10,6.240063593,2.128378378,8,"M",0.690909090909091
"896",15,"Tube",10,6.212241653,1.934950318,8,"F",0.690909090909091
"897",15,"Tube",10,6.040009936,2.027688792,8,"F",0.690909090909091
"898",15,"Tube",10,5.76709062,2.063459857,8,"M",0.690909090909091
"899",15,"Tube",10,5.329888712,2.129040143,8,"M",0.690909090909091
"900",15,"Tube",10,5.136460652,2.266826312,8,"M",0.690909090909091
"901",15,"Tube",10,4.956279809,1.956810413,8,"M",0.690909090909091
"902",15,"Tube",10,5.229199126,1.919713831,8,"M",0.690909090909091
"903",15,"Tube",10,4.765500795,2.225755167,8,"M",0.690909090909091
"904",15,"Tube",10,4.705882353,2.027027027,8,"M",0.690909090909091
"905",15,"Tube",10,4.878775835,1.969395866,8,"M",0.690909090909091
"906",15,"Tube",11,3.961239802,2.048685226,1,"F",0.8
"907",15,"Tube",11,3.414029428,2.030579001,1,"M",0.8
"908",15,"Tube",11,2.752146292,2.292113371,2,"F",0.8
"909",15,"Tube",11,2.544930599,2.251877314,2,"M",0.8
"910",15,"Tube",11,2.715933841,2.098980298,2,"M",0.8
"911",15,"Tube",11,2.573095839,1.986319338,2,"M",0.8
"912",15,"Tube",11,2.55297781,1.889752802,2,"M",0.8
"913",15,"Tube",11,2.355821131,2.056732438,2,"M",0.8
"914",15,"Tube",11,2.048015296,1.929988859,2,"M",0.8
"915",15,"Tube",11,2.092274959,2.068803255,2,"M",0.8
"916",15,"Tube",11,1.933342534,2.155310777,2,"M",0.8
"917",15,"Tube",11,1.769716573,2.042649818,2,"F",0.8
"918",15,"Tube",11,1.611454079,2.206275779,2,"M",0.8
"919",15,"Tube",11,1.887740999,2.262606258,2,"M",0.8
"920",15,"Tube",11,1.44246264,2.292113371,2,"M",0.8
"921",15,"Tube",11,1.370037737,2.152629044,2,"M",0.8
"922",15,"Tube",11,1.340530625,1.905847224,2,"M",0.8
"923",15,"Tube",11,1.036078465,2.167381594,3,"M",0.8
"924",15,"Tube",11,1.092408945,2.56706043,3,"M",0.8
"925",15,"Tube",11,1.190317354,2.896996097,3,"M",0.8
"926",15,"Tube",11,1.026689381,3.18937744,3,"M",0.8
"927",15,"Tube",11,1.084361733,3.412017625,3,"M",0.8
"928",15,"Tube",11,1.060220099,3.607832431,3,"M",0.8
"929",15,"Tube",11,1.002547747,3.858637857,4,"M",0.8
"930",15,"Tube",11,0.994500536,4.231491313,4,"M",0.8
"931",15,"Tube",11,5.325912061,4.228137638,6,"F",0.8
"932",15,"Tube",11,5.824169236,4.181196242,6,"F",0.8
"933",15,"Tube",11,7.069475197,3.060622057,7,"M",0.8
"934",15,"Tube",11,7.123793874,3.030445015,7,"M",0.8
"935",15,"Tube",11,6.842141476,2.996244366,7,"F",0.8
"936",15,"Tube",11,6.864271307,2.607966417,7,"M",0.8
"937",15,"Tube",11,7.037286352,2.529506106,7,"M",0.8
"938",15,"Tube",11,6.791846404,2.25590092,7,"F",0.8
"939",15,"Tube",11,4.959094013,2.026555395,8,"M",0.8
"940",15,"Tube",11,4.938975984,2.274007145,8,"M",0.8
"941",15,"Tube",11,5.046271465,2.103673834,8,"F",0.8
"942",15,"Tube",12,3.500778816,0.652906931,1,"M",0.818181818181818
"943",15,"Tube",12,3.522844626,1.165628894,1,"M",0.818181818181818
"944",15,"Tube",12,3.431984034,1.686137072,1,"M",0.818181818181818
"945",15,"Tube",12,3.541018302,2.240395249,1,"M",0.818181818181818
"946",15,"Tube",12,3.117860202,1.919781931,2,"M",0.818181818181818
"947",15,"Tube",12,2.511033879,2.105399143,2,"M",0.818181818181818
"948",15,"Tube",12,2.157320872,2.158619548,2,"M",0.818181818181818
"949",15,"Tube",12,2.280632788,2.115784657,2,"M",0.818181818181818
"950",15,"Tube",12,2.008047118,1.914589174,2,"M",0.818181818181818
"951",15,"Tube",12,1.774402259,1.792575935,2,"M",0.818181818181818
"952",15,"Tube",12,1.116952882,1.929517134,3,"M",0.818181818181818
"953",15,"Tube",12,1.175364097,2.809579439,3,"F",0.818181818181818
"954",15,"Tube",12,0.967679128,2.840732087,3,"M",0.818181818181818
"955",15,"Tube",12,1.05334891,3.611760125,3,"M",0.818181818181818
"956",15,"Tube",12,0.800233645,3.70911215,4,"M",0.818181818181818
"957",15,"Tube",12,3.647780374,4.221183801,5,"F",0.818181818181818
"958",15,"Tube",12,3.771417445,4.248442368,5,"M",0.818181818181818
"959",15,"Tube",12,5.011682243,4.094626168,6,"F",0.818181818181818
"960",15,"Tube",12,5.582165109,4.221832165,6,"F",0.818181818181818
"961",15,"Tube",12,6.606308411,2.498701324,7,"M",0.818181818181818
"962",15,"Tube",12,6.615395249,2.185878115,7,"M",0.818181818181818
"963",15,"Tube",12,6.211707555,2.050882009,8,"M",0.818181818181818
"964",15,"Tube",13,3.753900156,1.304602184,1,"M",0.8
"965",15,"Tube",13,3.445787832,2.039781591,1,"M",0.8
"966",15,"Tube",13,3.098673947,2.211388456,2,"M",0.8
"967",15,"Tube",13,2.810062402,1.971528861,2,"M",0.8
"968",15,"Tube",13,2.236090094,2.124284321,2,"M",0.8
"969",15,"Tube",13,2.068383385,2.099584633,2,"M",0.8
"970",15,"Tube",13,1.008190328,1.981279251,3,"F",0.8
"971",15,"Tube",13,1.192798362,2.290692278,3,"M",0.8
"972",15,"Tube",13,0.875585023,2.498699298,3,"M",0.8
"973",15,"Tube",13,1.091394306,2.912115835,3,"F",0.8
"974",15,"Tube",13,0.880785881,3.182527301,3,"M",0.8
"975",15,"Tube",13,0.729978549,3.283931357,3,"M",0.8
"976",15,"Tube",13,0.956187598,3.887154836,4,"M",0.8
"977",15,"Tube",13,0.755980889,3.725949688,4,"M",0.8
"978",15,"Tube",13,0.722178237,3.892355694,4,"F",0.8
"979",15,"Tube",13,3.602443448,4.164717239,5,"M",0.8
"980",15,"Tube",13,3.786402106,4.205017551,5,"M",0.8
"981",15,"Tube",13,5.14950663,4.177716459,6,"M",0.8
"982",15,"Tube",13,5.323712949,4.094514431,6,"F",0.8
"983",15,"Tube",13,6.760920437,2.414196568,7,"M",0.8
"984",15,"Tube",13,5.037051482,1.989079563,8,"F",0.8
"985",15,"Tube",14,3.782265654,1.267752871,1,"M",0.6875
"986",15,"Tube",14,3.246882179,2.043966284,1,"M",0.6875
"987",15,"Tube",14,2.733112264,1.928492034,2,"M",0.6875
"988",15,"Tube",14,2.20205076,2.190316784,2,"M",0.6875
"989",15,"Tube",14,1.503643942,2.081017043,2,"M",0.6875
"990",15,"Tube",14,1.244288625,1.955044461,3,"M",0.6875
"991",15,"Tube",14,1.072002594,1.937754724,3,"M",0.6875
"992",15,"Tube",14,0.862048907,2.189699889,3,"M",0.6875
"993",15,"Tube",14,1.104112634,2.503395702,3,"F",0.6875
"994",15,"Tube",14,0.822526862,3.496356058,3,"M",0.6875
"995",15,"Tube",14,0.857108188,3.834753612,4,"M",0.6875
"996",15,"Tube",14,1.030011115,3.943434605,4,"F",0.6875
"997",15,"Tube",14,2.65962764,4.069407188,4,"F",0.6875
"998",15,"Tube",14,3.387675065,4.121278251,5,"F",0.6875
"999",15,"Tube",14,5.421761764,2.222426825,8,"F",0.6875
"1000",15,"Tube",14,5.271706187,1.895763246,8,"M",0.6875
"1001",15,"Tube",15,3.458404905,1.245988491,1,"M",1
"1002",15,"Tube",15,2.740680358,1.913107021,2,"M",1
"1003",15,"Tube",15,2.533324175,2.035299058,2,"M",1
"1004",15,"Tube",15,1.037706611,3.490804309,3,"M",1
"1005",15,"Tube",15,1.040483703,4.208219673,4,"M",1
"1006",15,"Tube",15,1.423105848,4.065045783,4,"F",1
"1007",15,"Tube",15,1.91804469,4.264996388,4,"F",1
"1008",15,"Tube",15,1.997038139,4.155145747,4,"F",1
"1009",15,"Tube",15,2.346642515,4.110095765,4,"F",1
"1010",15,"Tube",15,6.946432122,3.734879198,7,"F",1
"1011",18,"Circle",3,3.892436149,1.102652259,4,"M",1
"1012",18,"Circle",5,3.665540541,1.813063767,8,"M",1
"1013",19,"Circle",4,4.073795181,0.670180723,2,"M",1
"1014",19,"Circle",5,2.878113879,1.881672598,7,"M",1
"1015",19,"Circle",7,4.354545455,0.729545455,2,"M",1
"1016",19,"Circle",8,3.901376147,0.583715596,1,"M",1
