"Colony","Nest","Day","ScaledX","ScaledY","Bin","Density"
1,"Tube",4,3.033165823,3.136587683,4,"High"
1,"Tube",4,4.803849927,3.11697642,6,"High"
1,"Tube",4,6.317758089,3.156204295,6,"High"
1,"Tube",5,1.911347518,1.886524823,3,"High"
1,"Tube",5,2.773640071,3.129432624,4,"High"
1,"Tube",5,6.238179078,3.144207447,6,"High"
1,"Tube",6,1.836222944,1.737012987,3,"High"
1,"Tube",6,3.165584416,3.102451299,5,"High"
1,"Tube",6,3.203463203,3.241341991,5,"High"
1,"Tube",7,1.719088937,1.971258134,3,"High"
1,"Tube",7,2.765726681,3.120932755,4,"High"
1,"Tube",7,6.523861171,3.015184382,6,"High"
1,"Tube",8,1.770386266,1.929542203,3,"High"
1,"Tube",8,1.824034335,2.630543634,3,"High"
1,"Tube",8,4.707916667,3.22663269,6,"High"
1,"Tube",9,1.827372698,1.746115926,3,"High"
1,"Tube",9,1.802096425,2.063921993,3,"High"
1,"Tube",9,5.400866739,3.286386782,6,"High"
1,"Tube",10,1.931818182,2.408008658,3,"High"
1,"Tube",10,2.015692641,3.135822511,4,"High"
1,"Tube",10,5.681818182,3.295454545,6,"High"
1,"Tube",11,2.25188781,3.133764833,4,"High"
1,"Tube",11,2.745415318,3.19579288,4,"High"
1,"Tube",11,3.70819849,3.0798274,5,"High"
1,"Tube",12,2.46482684,3.043831169,4,"High"
1,"Tube",12,3.80952381,3.130411255,5,"High"
1,"Tube",12,5.12987013,3.100649351,6,"High"
1,"Tube",13,1.822125813,2.265005423,3,"High"
1,"Tube",13,6.301518438,3.223063991,6,"High"
1,"Tube",13,6.279826464,3.002532538,6,"High"
1,"Circle",3,4.414382659,2.020013721,5,"High"
1,"Circle",3,4.121571209,2.275758812,6,"High"
1,"Circle",3,3.739804944,2.453668441,7,"High"
1,"Circle",4,3.656275056,1.374348552,3,"High"
1,"Circle",4,3.166297327,1.939493318,5,"High"
1,"Circle",4,3.984782851,2.293986637,6,"High"
1,"Circle",5,4.353705556,1.890738889,5,"High"
1,"Circle",5,4.120372222,2.246294444,6,"High"
1,"Circle",5,3.413888889,2.552777778,7,"High"
1,"Circle",6,3.150297561,1.995686133,5,"High"
1,"Circle",6,3.385868153,2.347379779,7,"High"
1,"Circle",6,2.738887612,2.705707463,8,"High"
1,"Circle",8,4.612231544,1.552947427,4,"High"
1,"Circle",8,3.363159955,1.444815436,3,"High"
1,"Circle",8,4.35496085,1.653618568,4,"High"
1,"Circle",9,4.322095506,1.930713483,5,"High"
1,"Circle",9,3.786516854,2.054308989,6,"High"
1,"Circle",9,3.878275281,2.604870787,7,"High"
1,"Circle",10,3.415363535,1.933260626,5,"High"
1,"Circle",10,3.661448546,1.914614094,5,"High"
1,"Circle",10,4.205816555,1.720732662,4,"High"
1,"Circle",11,3.453436807,2.147078714,6,"High"
1,"Circle",11,3.763858093,2.073170732,6,"High"
1,"Circle",11,4.506651885,2.095343681,6,"High"
1,"Circle",12,4.093794843,1.479820628,3,"High"
1,"Circle",12,3.720106502,2.019803812,5,"High"
1,"Circle",12,3.279147982,2.378548206,7,"High"
1,"Circle",13,3.4765625,2.423733259,7,"High"
1,"Circle",13,3.811383929,2.472098214,7,"High"
1,"Circle",13,3.740697545,2.721356027,8,"High"
2,"Tube",4,4.44092827,1.763361463,6,"High"
2,"Tube",5,4.690375088,1.875442321,6,"High"
2,"Tube",6,4.171952079,1.755343552,6,"High"
2,"Tube",7,4.865248227,1.877659574,6,"High"
2,"Tube",8,3.453389831,1.86970339,5,"High"
2,"Tube",9,4.831917905,1.811748054,6,"High"
2,"Tube",10,4.415546709,1.726233192,6,"High"
2,"Tube",11,4.956077279,1.845322293,6,"High"
2,"Tube",12,4.300847458,1.866172316,6,"High"
2,"Tube",13,4.783687943,1.781914894,6,"High"
2,"Circle",4,3.876931567,1.203090508,6,"High"
2,"Circle",4,3.511771523,1.401766004,7,"High"
2,"Circle",4,4.001103753,1.558129139,8,"High"
2,"Circle",5,3.938622635,1.266981441,6,"High"
2,"Circle",5,3.972585517,1.497452693,8,"High"
2,"Circle",6,3.829891224,1.345256268,7,"High"
2,"Circle",6,3.911012168,1.5886191,8,"High"
2,"Circle",7,4.082658205,1.484547461,8,"High"
2,"Circle",7,3.570027594,1.548320456,8,"High"
2,"Circle",8,3.696769457,1.644029001,8,"High"
2,"Circle",8,3.562164097,1.291606094,6,"High"
2,"Circle",9,3.528329654,1.303040839,6,"High"
2,"Circle",9,4.018887049,1.52133922,8,"High"
2,"Circle",10,3.694933921,0.853524229,4,"High"
2,"Circle",10,3.86625,1.404185022,7,"High"
2,"Circle",11,3.490842491,1.595238095,8,"High"
2,"Circle",11,3.992673993,1.529304029,8,"High"
2,"Circle",12,3.953744493,0.991800661,4,"High"
2,"Circle",12,3.733480176,1.465368943,7,"High"
2,"Circle",13,3.542124542,1.183760073,6,"High"
2,"Circle",13,3.732600733,1.486569597,8,"High"
3,"Tube",4,2.131824713,3.382422773,4,"High"
3,"Tube",6,2.907581759,3.75181686,5,"High"
3,"Tube",7,2.832853807,3.445281968,4,"High"
3,"Tube",8,3.08224163,3.64992722,5,"High"
3,"Tube",9,2.037235903,3.428502855,4,"High"
3,"Tube",10,2.809575234,3.496520878,4,"High"
3,"Tube",11,3.10175126,3.37113031,5,"High"
3,"Tube",12,2.59272877,1.787457906,2,"High"
3,"Tube",13,3.123188406,3.509057971,5,"High"
3,"Tube",14,2.537473233,3.563526053,4,"High"
3,"Circle",4,3.672043011,2.308243728,6,"High"
3,"Circle",5,3.803419414,2.415141026,7,"High"
3,"Circle",6,3.745755095,2.541848617,7,"High"
3,"Circle",7,3.1640625,1.899350649,5,"High"
3,"Circle",8,4.355244253,2.077922078,6,"High"
3,"Circle",9,4.295437822,2.024159308,5,"High"
3,"Circle",10,3.809088085,1.926169591,5,"High"
3,"Circle",11,3.657611968,2.016029736,5,"High"
3,"Circle",12,3.959990962,1.917932032,5,"High"
3,"Circle",13,3.707569597,2.100122711,6,"High"
4,"Tube",4,2.1945047,1.51904013,3,"High"
4,"Tube",4,2.34318016,2.444688184,4,"High"
4,"Tube",5,2.313999633,2.438816079,4,"High"
4,"Tube",5,3.074114583,2.489224138,4,"High"
4,"Tube",6,2.773522976,1.320811451,2,"High"
4,"Tube",6,2.186813187,2.245421245,3,"High"
4,"Tube",7,2.465353756,1.300145879,2,"High"
4,"Tube",7,2.35052106,1.64609114,3,"High"
4,"Tube",8,2.353225983,2.330180131,3,"High"
4,"Tube",8,2.683150183,2.545177656,4,"High"
4,"Tube",9,2.289251812,2.030797101,3,"High"
4,"Tube",9,3.425524223,2.5,5,"High"
4,"Tube",10,2.444204464,1.340293377,2,"High"
4,"Tube",10,6.161560904,2.530999271,6,"High"
4,"Tube",11,2.27217288,1.792763158,3,"High"
4,"Tube",11,5.114022926,2.621300946,6,"High"
4,"Tube",12,4.104803493,2.567321689,5,"High"
4,"Tube",13,2.812947067,1.536123033,2,"High"
4,"Tube",13,2.265512266,2.211399711,3,"High"
4,"Circle",4,3.554572271,1.744100295,7,"High"
4,"Circle",4,3.47650514,1.769456681,7,"High"
4,"Circle",5,3.340675477,1.712555066,6,"High"
4,"Circle",5,4.016152717,1.953010279,7,"High"
4,"Circle",6,3.516886931,1.565712188,6,"High"
4,"Circle",6,3.646755162,1.810471976,7,"High"
4,"Circle",7,4.05543399,1.796134209,7,"High"
4,"Circle",7,4.236263736,1.862637363,7,"High"
4,"Circle",8,3.602564103,1.921245421,7,"High"
4,"Circle",8,4.105825959,1.972713864,7,"High"
4,"Circle",9,3.387918486,1.73580786,6,"High"
4,"Circle",9,3.631732169,2.048762737,8,"High"
4,"Circle",10,3.736263736,1.697802198,6,"High"
4,"Circle",10,3.719912473,2.04595186,8,"High"
4,"Circle",11,3.208241354,1.605960265,6,"High"
4,"Circle",12,3.081268222,1.702501822,6,"High"
4,"Circle",13,3.172238372,1.762354651,7,"High"
4,"Circle",13,4.067765568,1.891941392,7,"High"
5,"Tube",4,2.996313191,1.043266129,3,"High"
5,"Tube",4,2.850574713,1.199233716,3,"High"
5,"Tube",4,2.996313191,1.466973886,3,"High"
5,"Tube",4,2.892720307,1.657088123,4,"High"
5,"Tube",5,2.786118168,1.174620862,3,"High"
5,"Tube",5,2.893518519,1.377314815,3,"High"
5,"Tube",5,3.006799461,1.685271363,4,"High"
5,"Tube",5,2.962962963,1.697530864,4,"High"
5,"Tube",6,2.813373379,1.168319985,3,"High"
5,"Tube",6,2.843884439,1.618358124,4,"High"
5,"Tube",7,2.790519878,1.121941896,3,"High"
5,"Tube",7,2.832820661,1.28968318,3,"High"
5,"Tube",7,2.912844037,1.622706422,4,"High"
5,"Tube",7,2.994110983,1.642985791,4,"High"
5,"Tube",8,2.866362946,0.85440613,3,"High"
5,"Tube",8,2.833607908,1.146348847,3,"High"
5,"Tube",8,2.82080486,1.214559387,3,"High"
5,"Tube",8,2.789676689,1.53898888,4,"High"
5,"Tube",9,2.896578538,0.925349922,3,"High"
5,"Tube",9,2.799377916,1.230559876,3,"High"
5,"Tube",9,2.894770588,1.515033333,4,"High"
5,"Tube",9,2.884313725,1.648366667,4,"High"
5,"Tube",10,2.79729313,0.964090554,3,"High"
5,"Tube",10,2.823315769,1.31147541,3,"High"
5,"Tube",10,2.869937695,1.437564252,3,"High"
5,"Tube",10,2.94522391,1.621884735,4,"High"
5,"Tube",11,3.664705882,0.863166269,1,"High"
5,"Tube",11,3.033333333,0.871121718,2,"High"
5,"Tube",11,2.753537736,1.554638365,4,"High"
5,"Tube",11,3.213443396,1.676493711,4,"High"
5,"Tube",12,2.782352941,1.033333333,3,"High"
5,"Tube",12,2.832040698,1.394703488,3,"High"
5,"Tube",12,2.833333333,1.554901961,4,"High"
5,"Tube",12,2.914728682,1.604005814,4,"High"
5,"Tube",13,2.869273302,0.904423381,3,"High"
5,"Tube",13,2.968009479,1.682464455,4,"High"
5,"Circle",4,3.63997114,1.077440476,5,"High"
5,"Circle",4,3.589650146,1.118804665,6,"High"
5,"Circle",4,3.589466089,1.176046176,6,"High"
5,"Circle",4,3.951652697,1.276725583,7,"High"
5,"Circle",5,3.702477925,1.13870493,6,"High"
5,"Circle",5,3.731226381,1.150072674,6,"High"
5,"Circle",5,3.610101744,1.25181686,7,"High"
5,"Circle",5,3.525877483,1.256438558,7,"High"
5,"Circle",6,3.442742524,1.037563822,5,"High"
5,"Circle",6,3.676470588,1.089324619,5,"High"
5,"Circle",6,3.523965142,1.130477487,6,"High"
5,"Circle",6,3.484075492,1.159130197,6,"High"
5,"Circle",7,3.692810458,1.205519245,6,"High"
5,"Circle",7,3.544540668,1.208545752,6,"High"
5,"Circle",7,3.445896877,1.243645606,6,"High"
5,"Circle",7,3.532438272,1.338658315,7,"High"
5,"Circle",8,3.634713145,0.778867102,3,"High"
5,"Circle",8,3.834422658,0.940450254,4,"High"
5,"Circle",8,3.399903776,1.194021423,6,"High"
5,"Circle",8,3.213507625,1.243041031,6,"High"
5,"Circle",9,3.565722585,0.950132534,4,"High"
5,"Circle",9,3.711402261,1.090444931,5,"High"
5,"Circle",9,3.91563275,1.097738877,5,"High"
5,"Circle",9,3.602033406,1.238803558,6,"High"
5,"Circle",10,3.584541667,1.139492754,6,"High"
5,"Circle",10,3.537563822,1.150012764,6,"High"
5,"Circle",10,3.736931072,1.171894602,6,"High"
5,"Circle",10,3.707730072,1.190217391,6,"High"
5,"Circle",11,3.693956506,1.204921418,6,"High"
5,"Circle",11,3.818687364,1.250907771,7,"High"
5,"Circle",11,3.501461988,1.275584795,7,"High"
5,"Circle",11,3.557249455,1.318687364,7,"High"
5,"Circle",12,3.627275503,1.163793103,6,"High"
5,"Circle",12,3.483597342,1.170977011,6,"High"
5,"Circle",12,3.678119518,1.228678728,6,"High"
5,"Circle",12,3.609892178,1.457724781,8,"High"
5,"Circle",13,3.76336188,1.030734329,5,"High"
5,"Circle",13,3.761472826,1.154588768,6,"High"
5,"Circle",13,3.695335277,1.229956268,6,"High"
5,"Circle",13,3.565820652,1.347826087,7,"High"
6,"Tube",4,2.843701997,0.921658986,3,"High"
6,"Tube",5,2.761250953,1.46071701,3,"High"
6,"Tube",6,2.748470948,1.21559633,3,"High"
6,"Tube",7,2.730811192,1.126543881,3,"High"
6,"Tube",8,2.846899225,1.003875969,3,"High"
6,"Tube",9,2.869066901,0.827464789,3,"High"
6,"Tube",10,2.828758824,1.035294118,3,"High"
6,"Tube",11,2.544677545,1.469827117,3,"High"
6,"Tube",12,2.769379845,0.980620155,3,"High"
6,"Tube",13,2.90316358,0.918209877,3,"High"
6,"Circle",4,3.91392525,1.447305079,8,"High"
6,"Circle",5,4.056399132,1.146059291,6,"High"
6,"Circle",6,3.977897849,1.413978495,8,"High"
6,"Circle",7,4.161267099,1.195104392,6,"High"
6,"Circle",8,3.793103448,1.567887931,8,"High"
6,"Circle",9,3.922720798,1.330128205,7,"High"
6,"Circle",10,3.87701745,1.594408316,8,"High"
6,"Circle",11,3.804895608,1.532276818,8,"High"
6,"Circle",12,3.727598566,1.20609319,6,"High"
6,"Circle",13,3.813186813,1.161347518,6,"High"
7,"Tube",4,2.068396262,1.890413806,3,"High"
7,"Tube",5,2.443035714,2.964021739,4,"High"
7,"Tube",6,2.220319635,2.679476788,4,"High"
7,"Tube",7,2.595960227,2.847854167,4,"High"
7,"Tube",8,5.423763179,2.907542579,6,"High"
7,"Tube",9,2.143410853,1.911498062,3,"High"
7,"Tube",10,3.077317588,2.866104071,4,"High"
7,"Tube",11,2.406120756,2.85429591,4,"High"
7,"Tube",12,2.539222608,2.747555941,4,"High"
7,"Tube",13,2.321016166,1.501154734,2,"High"
7,"Circle",4,3.262527233,1.542605301,6,"High"
7,"Circle",5,3.774259461,1.575085517,6,"High"
7,"Circle",6,3.554582422,1.746292852,7,"High"
7,"Circle",7,3.406880015,1.624726477,6,"High"
7,"Circle",8,3.540603574,1.483101751,6,"High"
7,"Circle",9,3.434562545,1.711858279,7,"High"
7,"Circle",10,3.463693348,1.653265716,6,"High"
7,"Circle",11,3.922852984,1.483502547,6,"High"
7,"Circle",12,3.498168498,1.638584249,6,"High"
7,"Circle",13,3.679477088,1.186868071,4,"High"
8,"Tube",3,2.984313725,0.719607843,3,"High"
8,"Tube",3,4.60915098,1.360131373,6,"High"
8,"Tube",4,4.584790769,0.804845787,7,"High"
8,"Tube",5,4.482084902,0.745154747,8,"High"
8,"Tube",5,4.242994563,1.396208699,6,"High"
8,"Tube",6,3.084696663,0.692287036,3,"High"
8,"Tube",6,4.724322226,0.936684054,7,"High"
8,"Tube",7,4.507954346,0.717835944,8,"High"
8,"Tube",8,4.486634458,0.704880397,8,"High"
8,"Tube",9,4.669368303,1.144551771,7,"High"
8,"Tube",11,3.034498037,1.002753279,3,"High"
8,"Tube",11,4.12316489,1.403462277,6,"High"
8,"Tube",12,4.450608162,0.715794374,8,"High"
8,"Tube",12,4.564183835,0.965398177,7,"High"
8,"Tube",13,4.502172163,0.692101227,8,"High"
8,"Tube",13,3.008690567,0.777095475,3,"High"
8,"Circle",5,3.39836492,0.943887031,6,"High"
8,"Circle",5,3.754490896,1.308682646,8,"High"
8,"Circle",6,3.734853885,0.760276194,5,"High"
8,"Circle",6,3.387977548,1.076265146,7,"High"
8,"Circle",7,3.711238987,0.716943155,4,"High"
8,"Circle",8,3.648748159,1.010677467,7,"High"
8,"Circle",9,3.516335667,0.596291452,3,"High"
8,"Circle",9,3.361582535,0.945099484,6,"High"
8,"Circle",11,3.591322268,0.70309586,4,"High"
8,"Circle",11,3.643541589,0.911973144,6,"High"
8,"Circle",12,3.300633714,0.448280821,2,"High"
8,"Circle",12,3.702968298,0.902769887,6,"High"
8,"Circle",14,3.724676294,0.802417427,5,"High"
8,"Circle",14,3.529410903,1.083109938,7,"High"
8,"Circle",15,3.724676294,0.802417427,5,"High"
8,"Circle",15,3.529410903,1.083109938,7,"High"
8,"Circle",16,3.424458899,0.881725113,6,"High"
8,"Circle",16,3.165535445,0.947083333,6,"High"
9,"Tube",2,1.856187291,1.185432925,3,"High"
9,"Tube",2,5.532640282,1.483959495,7,"High"
9,"Tube",2,1.906973244,2.18753809,3,"High"
9,"Tube",2,5.493000743,2.250711631,7,"High"
9,"Tube",2,1.96023783,2.412982163,3,"High"
9,"Tube",2,2.465626161,2.699121145,4,"High"
9,"Tube",2,5.707296544,2.702837235,6,"High"
9,"Tube",3,3.707729469,1.129227053,1,"High"
9,"Tube",3,3.283011272,1.326489533,2,"High"
9,"Tube",3,2.748927134,1.343935185,2,"High"
9,"Tube",3,5.630032206,1.540525362,7,"High"
9,"Tube",3,5.686392915,1.763285024,7,"High"
9,"Tube",3,2.043075684,2.423510467,3,"High"
9,"Tube",3,2.062198068,2.587560386,4,"High"
9,"Tube",3,5.524019726,2.650295894,6,"High"
9,"Tube",4,5.782781353,1.298012411,7,"High"
9,"Tube",4,3.044371782,1.386754783,2,"High"
9,"Tube",4,5.692715802,1.529801122,7,"High"
9,"Tube",4,5.789403207,1.851655384,7,"High"
9,"Tube",4,2.053642774,2.101986477,3,"High"
9,"Tube",4,5.345695318,2.549006285,6,"High"
9,"Tube",4,2.17946991,2.832450618,4,"High"
9,"Tube",5,3.499469817,1.193407466,1,"High"
9,"Tube",5,3.112589357,1.231135822,2,"High"
9,"Tube",5,5.592400715,1.376092137,7,"High"
9,"Tube",5,2.388800635,1.393963463,2,"High"
9,"Tube",5,5.302488086,2.570160842,6,"High"
9,"Tube",5,5.520915409,2.576781176,6,"High"
9,"Tube",5,3.393566322,2.670770453,5,"High"
9,"Tube",6,4.596264707,1.345097685,8,"High"
9,"Tube",6,2.216424364,1.526366592,2,"High"
9,"Tube",6,5.666025222,1.668497895,7,"High"
9,"Tube",6,5.685252085,2.099697487,7,"High"
9,"Tube",6,1.895084028,2.197885498,3,"High"
9,"Tube",6,2.351002108,2.609860287,4,"High"
9,"Tube",6,5.051496849,2.626339279,6,"High"
9,"Tube",6,2.117550414,2.686761561,4,"High"
9,"Tube",7,2.69741307,1.221431337,2,"High"
9,"Tube",7,2.391542029,1.33638958,2,"High"
9,"Tube",7,2.134938807,1.348706535,2,"High"
9,"Tube",7,5.641165233,1.673053008,7,"High"
9,"Tube",7,5.602161543,2.568085046,6,"High"
9,"Tube",7,4.314356191,2.599561024,5,"High"
9,"Tube",7,3.822361595,2.664567858,5,"High"
9,"Tube",7,2.018611329,2.737785995,4,"High"
9,"Tube",8,5.067345391,1.325591166,8,"High"
9,"Tube",8,3.108851444,1.443100803,2,"High"
9,"Tube",8,1.979796176,1.799752859,3,"High"
9,"Tube",8,1.805251073,1.805251073,3,"High"
9,"Tube",8,1.901456419,2.122733249,3,"High"
9,"Tube",8,2.700660074,2.612012454,4,"High"
9,"Tube",8,5.345657689,2.630566607,6,"High"
9,"Tube",12,2.674062739,1.245218057,2,"High"
9,"Tube",12,5.193190513,1.254781943,8,"High"
9,"Tube",12,3.167559296,1.273909717,2,"High"
9,"Tube",12,1.915965953,2.060061209,3,"High"
9,"Tube",12,5.543228768,2.420939174,7,"High"
9,"Tube",12,4.013006886,2.581612471,5,"High"
9,"Tube",12,2.232848125,2.635807192,4,"High"
9,"Tube",12,3.110175976,2.683626626,5,"High"
9,"Tube",13,2.811532508,1.251934985,2,"High"
9,"Tube",13,3.471362229,1.290634675,1,"High"
9,"Tube",13,5.390866873,1.414473684,8,"High"
9,"Tube",13,2.033668731,1.875,3,"High"
9,"Tube",13,5.728844814,1.879514319,7,"High"
9,"Tube",13,5.160603715,2.621904025,6,"High"
9,"Tube",13,4.180210913,2.751547988,5,"High"
9,"Tube",14,2.941834452,1.446681581,2,"High"
9,"Tube",14,5.117449664,1.49142431,8,"High"
9,"Tube",14,5.508948546,2.007829978,7,"High"
9,"Tube",14,1.936987323,2.138329605,3,"High"
9,"Tube",14,5.605891126,2.470171514,7,"High"
9,"Tube",14,2.102908277,2.604399702,4,"High"
9,"Tube",14,4.925428784,2.695749441,6,"High"
9,"Tube",14,3.434004474,2.703827368,5,"High"
9,"Circle",6,3.300323363,1.151980598,4,"High"
9,"Circle",6,4.556048909,1.168821746,4,"High"
9,"Circle",6,2.983696443,1.181622878,4,"High"
9,"Circle",6,3.245082862,1.328482215,5,"High"
9,"Circle",6,3.75033751,1.381028698,5,"High"
9,"Circle",6,4.492724333,1.59458367,6,"High"
9,"Circle",6,3.548235651,1.618162894,6,"High"
9,"Circle",6,3.97938561,1.808811641,7,"High"
9,"Circle",7,2.905034001,0.884037223,3,"High"
9,"Circle",7,3.455619184,1.030184324,4,"High"
9,"Circle",7,3.126342162,1.225841088,4,"High"
9,"Circle",7,3.700191482,1.307564424,5,"High"
9,"Circle",7,4.086734073,1.321880816,5,"High"
9,"Circle",7,3.673944166,1.596277738,6,"High"
9,"Circle",7,3.057145669,1.798496779,7,"High"
9,"Circle",7,4.237056192,1.875447387,7,"High"
9,"Circle",8,4.186608049,0.879260334,3,"High"
9,"Circle",8,3.384095359,0.92518673,3,"High"
9,"Circle",8,3.775683466,1.024292966,4,"High"
9,"Circle",8,3.529127991,1.104060914,4,"High"
9,"Circle",8,4.065748731,1.22008702,4,"High"
9,"Circle",8,2.963500725,1.490813996,6,"High"
9,"Circle",8,2.661348803,1.594755257,6,"High"
9,"Circle",8,3.671742204,1.86789884,7,"High"
9,"Circle",9,2.863827612,0.911105136,3,"High"
9,"Circle",9,3.247969496,1.093326901,4,"High"
9,"Circle",9,3.754002555,1.23984194,4,"High"
9,"Circle",9,3.305836408,1.280472332,5,"High"
9,"Circle",9,3.002340311,1.359886279,5,"High"
9,"Circle",9,4.014406429,1.385741983,5,"High"
9,"Circle",9,3.831569667,1.533488862,6,"High"
9,"Circle",9,3.133465665,1.987810513,8,"High"
9,"Circle",10,3.239385066,0.878477306,3,"High"
9,"Circle",10,3.887871523,1.047461567,4,"High"
9,"Circle",10,4.278307101,1.068204612,4,"High"
9,"Circle",10,4.133113104,1.167033309,4,"High"
9,"Circle",10,3.782942899,1.25,5,"High"
9,"Circle",10,3.234504026,1.404954246,5,"High"
9,"Circle",10,4.06295754,1.89238653,7,"High"
9,"Circle",12,3.837719298,0.964303728,3,"High"
9,"Circle",12,2.841739766,1.069078947,4,"High"
9,"Circle",12,3.464912281,1.175073099,4,"High"
9,"Circle",12,3.851120249,1.290813231,5,"High"
9,"Circle",12,3.636695906,1.292032164,5,"High"
9,"Circle",12,2.918494152,1.365131579,5,"High"
9,"Circle",12,3.732944079,1.769614401,7,"High"
9,"Circle",12,3.475877193,2.1875,8,"High"
9,"Circle",13,4.397837435,0.945190157,3,"High"
9,"Circle",13,3.215883669,0.958240119,3,"High"
9,"Circle",13,3.338926174,0.995525727,3,"High"
9,"Circle",13,3.84601044,1.211782252,4,"High"
9,"Circle",13,4.492915735,1.39448173,5,"High"
9,"Circle",13,4.125652498,1.498881432,6,"High"
9,"Circle",13,2.758514169,1.544867636,6,"High"
9,"Circle",13,4.332587621,1.759880686,7,"High"
9,"Circle",14,3.270381451,0.938668661,3,"High"
9,"Circle",14,3.593866866,1.02842184,4,"High"
9,"Circle",14,4.003365744,1.151832461,4,"High"
9,"Circle",14,3.165669409,1.275243082,5,"High"
9,"Circle",14,2.900149589,1.30329095,5,"High"
9,"Circle",14,3.995886313,1.44540015,5,"High"
9,"Circle",14,3.403141361,1.593118923,6,"High"
9,"Circle",14,3.964098728,1.957741212,8,"High"
9,"Circle",15,2.946,0.86,3,"High"
9,"Circle",15,3.339,1.224,4,"High"
9,"Circle",15,3.027,1.365,5,"High"
9,"Circle",15,2.916,1.595,6,"High"
9,"Circle",15,3.339,2.099,8,"High"
9,"Circle",15,3.754,1.52,6,"High"
9,"Circle",15,4.385,1.602,6,"High"
9,"Circle",15,4.57,1.58,6,"High"
9,"Circle",16,2.966820988,1.043595679,4,"High"
9,"Circle",16,3.933898534,1.164481096,4,"High"
9,"Circle",16,3.128858025,1.174768519,4,"High"
9,"Circle",16,4.095935571,1.311086034,5,"High"
9,"Circle",16,3.445216049,1.329089506,5,"High"
9,"Circle",16,3.167438272,1.359953704,5,"High"
9,"Circle",16,2.94367284,1.385673225,5,"High"
10,"Tube",1,1.763125258,1.370400992,3,"High"
10,"Tube",1,6.097560976,1.880942538,7,"High"
10,"Tube",1,3.104588673,2.930274907,5,"High"
10,"Tube",1,1.656676313,3.042579578,4,"High"
10,"Tube",1,4.966928483,3.217583712,6,"High"
10,"Tube",2,6.20278536,1.675626551,7,"High"
10,"Tube",2,6.059414806,2.057485525,7,"High"
10,"Tube",2,6.128343672,3.045905707,6,"High"
10,"Tube",2,3.748966088,3.134822167,5,"High"
10,"Tube",2,1.786600496,3.163771712,4,"High"
10,"Tube",2,2.951474359,3.166528122,4,"High"
10,"Tube",3,5.839389734,2.207157226,7,"High"
10,"Tube",3,2.924936689,3.059827641,4,"High"
10,"Tube",3,3.755939509,3.068912766,5,"High"
10,"Tube",3,5.522783684,3.152781919,6,"High"
10,"Tube",3,4.182973975,3.154878648,5,"High"
10,"Tube",3,2.419625046,3.165362292,4,"High"
10,"Tube",4,4.8830132,1.559590672,8,"High"
10,"Tube",4,5.71031467,1.721819839,7,"High"
10,"Tube",4,5.904213301,2.049508525,7,"High"
10,"Tube",4,4.08350516,3.106256062,5,"High"
10,"Tube",4,2.652533266,3.122413635,4,"High"
10,"Tube",4,2.975698297,3.125000242,4,"High"
10,"Tube",5,4.92910889,1.57096342,8,"High"
10,"Tube",5,5.852828584,2.226003828,7,"High"
10,"Tube",5,5.979017439,2.53509145,7,"High"
10,"Tube",5,2.471288813,3.139089749,4,"High"
10,"Tube",5,3.180916631,3.204310932,5,"High"
10,"Tube",5,5.286403658,3.210691195,6,"High"
10,"Tube",6,2.37459785,1.654929577,2,"High"
10,"Tube",6,6.001358414,2.720533729,7,"High"
10,"Tube",6,5.904990734,2.987398073,6,"High"
10,"Tube",6,3.868296887,3.228317272,5,"High"
10,"Tube",7,3.513598943,1.169929312,1,"High"
10,"Tube",7,5.603075038,1.400610524,8,"High"
10,"Tube",7,5.950050083,1.789527607,7,"High"
10,"Tube",7,5.978646927,2.361464494,7,"High"
10,"Tube",7,3.409378697,3.047153909,5,"High"
10,"Tube",7,4.928189511,3.061133953,6,"High"
10,"Tube",9,3.697597776,1.057643788,1,"High"
10,"Tube",9,5.431365031,1.437883436,8,"High"
10,"Tube",9,5.939417178,1.648773006,7,"High"
10,"Tube",9,5.954754601,2.022622699,7,"High"
10,"Tube",9,6.098542945,2.285276074,7,"High"
10,"Tube",9,6.067229678,3.083460506,6,"High"
10,"Tube",12,3.328846154,1.428846154,1,"High"
10,"Tube",12,5.792948077,1.512821154,7,"High"
10,"Tube",12,6.201923077,1.790384615,7,"High"
10,"Tube",12,3.015384615,3.009615385,5,"High"
10,"Tube",12,5.544230769,3.170513462,6,"High"
10,"Tube",12,3.930128846,3.196153846,5,"High"
10,"Tube",13,3.646616541,0.810150376,1,"High"
10,"Tube",13,5.815789474,1.528821429,7,"High"
10,"Tube",13,1.702381579,1.582706767,3,"High"
10,"Tube",13,4.94987406,3.010652256,6,"High"
10,"Tube",13,2.92543797,3.109022556,4,"High"
10,"Tube",13,5.785714286,3.127819549,6,"High"
10,"Circle",2,4.205583766,1.132320237,3,"High"
10,"Circle",2,4.56510934,1.271312083,4,"High"
10,"Circle",2,2.999134544,1.325672721,4,"High"
10,"Circle",2,3.888682357,1.545589325,5,"High"
10,"Circle",2,3.5680745,1.769829503,5,"High"
10,"Circle",2,4.179638621,2.014455152,6,"High"
10,"Circle",4,4.125826498,1.225802349,3,"High"
10,"Circle",4,3.162827351,1.336069427,4,"High"
10,"Circle",4,3.826879585,1.554153816,5,"High"
10,"Circle",4,3.594094757,1.576207232,5,"High"
10,"Circle",4,3.398063784,1.602548199,5,"High"
10,"Circle",4,2.848566179,1.872702539,6,"High"
10,"Circle",5,2.961228713,1.264524693,4,"High"
10,"Circle",5,3.487669373,1.442376268,4,"High"
10,"Circle",5,3.718876419,1.463718457,4,"High"
10,"Circle",5,2.402774769,1.515295413,4,"High"
10,"Circle",5,2.788712685,1.595328622,5,"High"
10,"Circle",5,3.565924065,1.700261051,5,"High"
10,"Circle",6,4.143396226,1.352830189,4,"High"
10,"Circle",6,3.552830189,1.494339623,4,"High"
10,"Circle",6,4.188679245,1.769811321,5,"High"
10,"Circle",6,3.735849057,1.771698113,5,"High"
10,"Circle",6,4.726415094,1.830188679,6,"High"
10,"Circle",6,2.932075472,1.886792453,6,"High"
10,"Circle",8,2.567084564,1.120753323,3,"High"
10,"Circle",8,3.888478582,1.125060931,3,"High"
10,"Circle",8,3.738306869,1.319547637,4,"High"
10,"Circle",8,3.36903065,1.324470089,4,"High"
10,"Circle",8,3.669374077,1.691285081,5,"High"
10,"Circle",8,2.884047267,1.787296898,6,"High"
10,"Circle",9,4.327688627,1.240953257,3,"High"
10,"Circle",9,3.23395841,1.455036805,4,"High"
10,"Circle",9,3.633295915,1.50104343,4,"High"
10,"Circle",9,4.018524107,1.63354251,5,"High"
10,"Circle",9,3.760274199,1.81020795,6,"High"
10,"Circle",9,3.143785425,2.09728929,7,"High"
10,"Circle",10,3.668998527,1.152430044,3,"High"
10,"Circle",10,2.871870398,1.244477172,3,"High"
10,"Circle",10,3.950662739,1.338365243,4,"High"
10,"Circle",10,3.212444772,1.533505155,5,"High"
10,"Circle",10,3.543814433,1.728645066,5,"High"
10,"Circle",10,2.710480486,1.809033505,6,"High"
10,"Circle",12,4.445430273,0.926396456,2,"High"
10,"Circle",12,2.495558059,1.171954801,3,"High"
10,"Circle",12,2.67068494,1.470812631,4,"High"
10,"Circle",12,4.288071156,1.4720823,4,"High"
10,"Circle",12,2.659263622,1.899112069,6,"High"
10,"Circle",12,3.597715279,1.909263717,6,"High"
10,"Circle",13,4.550283543,1.395478132,4,"High"
10,"Circle",13,4.353841735,1.465900667,4,"High"
10,"Circle",13,4.624412528,1.569681245,5,"High"
10,"Circle",13,4.153693477,1.877316531,6,"High"
10,"Circle",13,3.345687546,2.032987398,6,"High"
10,"Circle",15,5.11551705,1.212008895,3,"High"
10,"Circle",15,4.322336916,1.719792439,5,"High"
10,"Circle",15,5.122929948,1.76056338,5,"High"
10,"Circle",15,3.584753521,2.020014826,6,"High"
10,"Circle",15,3.458734248,2.361008154,8,"High"
11,"Tube",2,1.779430258,1.735097294,2,"Low"
11,"Tube",2,2.106125753,3.85690849,4,"Low"
11,"Tube",2,2.546038392,3.869866475,4,"Low"
11,"Tube",2,6.579593292,2.571954362,7,"Low"
11,"Tube",2,5.520392099,1.713271489,8,"Low"
11,"Tube",3,2.135278915,3.7372611,4,"Low"
11,"Tube",3,2.529665988,4.080692576,4,"Low"
11,"Tube",3,6.102190967,3.961329197,6,"Low"
11,"Tube",3,6.654334545,2.870306035,7,"Low"
11,"Tube",3,6.352784957,2.722322669,7,"Low"
11,"Tube",4,2.314642175,4.041557514,4,"Low"
11,"Tube",4,2.280342047,3.6167548,4,"Low"
11,"Tube",4,3.436014718,4.060026509,5,"Low"
11,"Tube",4,6.199206306,4.063984292,6,"Low"
11,"Tube",4,6.618072346,2.356200876,7,"Low"
11,"Tube",5,1.060561491,2.591203664,3,"Low"
11,"Tube",5,4.116077272,4.098053483,5,"Low"
11,"Tube",5,4.375630227,4.07642407,5,"Low"
11,"Tube",5,6.779378258,3.408795471,7,"Low"
11,"Tube",5,6.538571516,1.686373946,7,"Low"
11,"Tube",7,1.520217729,1.718506998,2,"Low"
11,"Tube",7,2.134525661,3.824519829,4,"Low"
11,"Tube",7,2.354846423,4.070762053,4,"Low"
11,"Tube",7,5.772420295,4.039657854,6,"Low"
11,"Tube",7,6.443753888,2.22524689,7,"Low"
11,"Tube",8,1.607279693,1.810344828,2,"Low"
11,"Tube",8,2.007024904,4.021710728,4,"Low"
11,"Tube",8,2.346743295,4.026819923,4,"Low"
11,"Tube",8,5.88697318,4.007662835,6,"Low"
11,"Tube",8,6.371009579,2.617496169,7,"Low"
11,"Tube",9,1.665396341,1.783536585,2,"Low"
11,"Tube",9,1.359247332,4.098704268,4,"Low"
11,"Tube",9,2.18622904,4.020579268,4,"Low"
11,"Tube",9,5.866996951,4.04535061,6,"Low"
11,"Tube",9,6.444359756,2.425685976,7,"Low"
11,"Tube",11,1.643513465,1.971704942,2,"Low"
11,"Tube",11,2.102346049,4.095717448,4,"Low"
11,"Tube",11,2.427352463,4.141600706,4,"Low"
11,"Tube",11,6.47463822,2.485979797,7,"Low"
11,"Tube",12,1.462800941,2.129886776,2,"Low"
11,"Tube",12,1.321564479,3.065572896,3,"Low"
11,"Tube",12,4.597731349,4.069356755,5,"Low"
11,"Tube",12,5.774276264,4.058007447,6,"Low"
11,"Tube",12,6.534679891,2.138082867,7,"Low"
11,"Tube",13,1.883664371,1.949837163,2,"Low"
11,"Tube",13,1.175951452,3.228510433,3,"Low"
11,"Tube",13,1.709729429,4.088102585,4,"Low"
11,"Tube",13,6.302621464,3.040080282,7,"Low"
11,"Circle",3,4.072394851,2.186970631,6,"Low"
11,"Circle",3,4.61143401,3.06200145,8,"Low"
11,"Circle",3,3.207034083,3.063814358,8,"Low"
11,"Circle",3,2.922407542,3.125453227,8,"Low"
11,"Circle",4,4.957433688,2.626156369,7,"Low"
11,"Circle",4,4.088834782,3.196174806,8,"Low"
11,"Circle",4,3.444787977,2.68784791,7,"Low"
11,"Circle",4,4.819246784,1.145589001,3,"Low"
11,"Circle",4,3.115978024,3.07896384,8,"Low"
11,"Circle",5,3.129893238,1.976868327,5,"Low"
11,"Circle",5,3.451957295,2.919928826,8,"Low"
11,"Circle",5,2.941281139,3.048042705,8,"Low"
11,"Circle",5,4.795966192,2.379003559,6,"Low"
11,"Circle",5,4.824435943,1.852313167,5,"Low"
11,"Circle",6,3.458332721,1.805759191,5,"Low"
11,"Circle",6,3.071079044,2.141544118,6,"Low"
11,"Circle",6,4.375,2.232229779,6,"Low"
11,"Circle",6,4.541667279,2.416053309,6,"Low"
11,"Circle",6,3.100490809,3.004288603,8,"Low"
11,"Circle",8,3.146520702,1.865865354,5,"Low"
11,"Circle",8,2.802824846,2.891379476,8,"Low"
11,"Circle",8,2.530965139,2.594747659,7,"Low"
11,"Circle",8,4.364008467,2.831929382,8,"Low"
11,"Circle",8,4.886054606,1.514738236,4,"Low"
11,"Circle",9,5.026961397,1.543505515,4,"Low"
11,"Circle",9,3.174632353,3.148897059,8,"Low"
11,"Circle",9,3.169117647,2.257965074,6,"Low"
11,"Circle",9,4.243259191,2.379288603,6,"Low"
11,"Circle",9,4.041053309,2.212623162,6,"Low"
11,"Circle",10,4.915779653,1.384072502,3,"Low"
11,"Circle",10,4.906490575,2.405870994,6,"Low"
11,"Circle",10,4.520064964,2.404013179,6,"Low"
11,"Circle",10,3.04310169,2.545207152,7,"Low"
11,"Circle",10,2.940921841,3.082115814,8,"Low"
11,"Circle",11,2.234291237,2.368065169,6,"Low"
11,"Circle",11,3.055964654,3.088488586,8,"Low"
11,"Circle",11,5.031296024,1.577687776,4,"Low"
11,"Circle",11,3.835296392,2.513499632,7,"Low"
11,"Circle",11,4.247667526,2.596956922,7,"Low"
11,"Circle",12,2.601105878,2.846646571,8,"Low"
11,"Circle",12,2.849787114,3.075231726,8,"Low"
11,"Circle",12,3.678724567,3.027505652,8,"Low"
11,"Circle",12,4.847400151,1.769655237,4,"Low"
11,"Circle",13,4.067613113,2.36196319,6,"Low"
11,"Circle",13,4.215874233,2.147239264,6,"Low"
11,"Circle",13,4.992969709,1.991309433,5,"Low"
11,"Circle",13,2.84828796,2.287831672,6,"Low"
11,"Circle",13,3.372315951,3.142254601,8,"Low"
12,"Tube",3,1.539735099,2.324012141,3,"Low"
12,"Tube",5,2.866617539,1.562883198,2,"Low"
12,"Tube",7,1.600223547,1.868479881,3,"Low"
12,"Tube",7,3.502235469,3.125931446,5,"Low"
12,"Tube",8,1.797520661,1.788129226,3,"Low"
12,"Tube",8,3.011519534,3.379663787,5,"Low"
12,"Tube",8,4.513523666,1.77310293,8,"Low"
12,"Tube",9,1.441277412,2.626705044,3,"Low"
12,"Tube",9,4.130116959,3.389376827,5,"Low"
12,"Tube",9,4.803850512,3.198099415,6,"Low"
12,"Tube",10,2.973843436,3.162885831,5,"Low"
12,"Tube",10,5.277054667,3.144291558,6,"Low"
12,"Tube",10,6.289202306,2.453824842,7,"Low"
12,"Tube",11,1.416791918,2.603223187,3,"Low"
12,"Tube",11,4.454933912,3.054507175,5,"Low"
12,"Tube",11,4.853978474,3.153952039,6,"Low"
12,"Tube",12,1.709977238,2.938163885,3,"Low"
12,"Tube",12,2.688732929,3.272951442,4,"Low"
12,"Tube",12,6.070751138,1.776365706,7,"Low"
12,"Tube",13,3.67703533,1.25,1,"Low"
12,"Tube",13,3.252688172,1.607142857,2,"Low"
12,"Tube",13,5.184971198,3.382617127,6,"Low"
12,"Tube",14,2.311743681,1.422458531,2,"Low"
12,"Tube",14,4.041271722,3.199052133,5,"Low"
12,"Tube",14,6.154225908,1.760466035,7,"Low"
12,"Circle",1,3.951567444,1.538301415,5,"Low"
12,"Circle",2,3.419629895,2.152204935,7,"Low"
12,"Circle",3,3.097499411,1.610270377,5,"Low"
12,"Circle",4,3.095828923,1.987309946,6,"Low"
12,"Circle",6,4.107496918,1.52614893,4,"Low"
12,"Circle",7,3.978927203,2.777777778,8,"Low"
12,"Circle",8,2.605105416,1.531468077,5,"Low"
12,"Circle",10,2.938836072,1.302816901,4,"Low"
12,"Circle",11,3.062611624,1.539005004,5,"Low"
12,"Circle",12,2.848344881,1.22786759,3,"Low"
13,"Tube",3,2.677411919,1.046351199,2,"Low"
13,"Tube",3,3.703148426,1.932158921,5,"Low"
13,"Tube",3,4.389055472,1.964017991,6,"Low"
13,"Tube",5,2.743914127,0.982365344,2,"Low"
13,"Tube",5,2.651907226,1.871765382,4,"Low"
13,"Tube",5,4.884991374,1.856430899,6,"Low"
13,"Tube",7,3.146563663,0.974808265,2,"Low"
13,"Tube",7,2.709730082,0.982254281,2,"Low"
13,"Tube",7,3.314718913,1.919210722,5,"Low"
13,"Tube",7,4.42231385,1.937825763,6,"Low"
13,"Tube",8,4.359534207,1.883793668,6,"Low"
13,"Tube",8,4.79500182,1.92988901,6,"Low"
13,"Tube",8,4.944201237,2.012372635,6,"Low"
13,"Tube",9,2.597078402,1.936945266,4,"Low"
13,"Tube",9,3.88683432,1.956360947,5,"Low"
13,"Tube",9,4.744822485,1.963757396,6,"Low"
13,"Tube",10,2.54726306,1.552860075,3,"Low"
13,"Tube",10,4.692164179,1.955223881,6,"Low"
13,"Tube",10,5.080223881,1.910447761,6,"Low"
13,"Tube",11,2.833078101,1.960183767,4,"Low"
13,"Tube",11,3.323124043,1.935936064,5,"Low"
13,"Tube",11,4.927258806,1.939127106,6,"Low"
13,"Tube",12,2.347748412,1.514941178,3,"Low"
13,"Tube",12,4.026603956,1.936703828,5,"Low"
13,"Tube",12,4.851216133,1.747572595,6,"Low"
13,"Tube",13,2.744230769,1.925,4,"Low"
13,"Tube",13,3.426923077,1.976923077,5,"Low"
13,"Tube",13,4.841025,2.002563462,6,"Low"
13,"Tube",14,2.413723917,1.563001605,3,"Low"
13,"Tube",14,2.530096308,1.956260032,4,"Low"
13,"Tube",14,3.543338684,1.95024077,5,"Low"
13,"Circle",1,3.103331286,1.336337019,7,"Low"
13,"Circle",1,3.389981572,1.117936118,5,"Low"
13,"Circle",1,4.110018428,1.076986077,5,"Low"
13,"Circle",2,3.67760974,0.739749086,3,"Low"
13,"Circle",2,3.958714392,0.847541095,4,"Low"
13,"Circle",2,3.470479996,0.955333105,4,"Low"
13,"Circle",3,3.434489832,0.707216745,3,"Low"
13,"Circle",3,3.596780393,0.703258438,3,"Low"
13,"Circle",3,3.541364104,1.202005041,6,"Low"
13,"Circle",4,3.877374784,0.859958981,4,"Low"
13,"Circle",4,3.472942573,0.993810449,5,"Low"
13,"Circle",4,3.082901554,1.016839378,5,"Low"
13,"Circle",6,3.378220141,1.088992974,5,"Low"
13,"Circle",6,3.62412178,1.295862607,6,"Low"
13,"Circle",6,3.222092116,1.2490242,6,"Low"
13,"Circle",7,3.28689759,1.147087726,6,"Low"
13,"Circle",7,3.008283133,1.086846762,5,"Low"
13,"Circle",7,4.122740964,1.142068901,5,"Low"
13,"Circle",8,3.520574537,0.966928053,4,"Low"
13,"Circle",8,3.308506904,1.220651828,6,"Low"
13,"Circle",8,3.297146138,1.466801759,7,"Low"
13,"Circle",10,3.358237731,1.608839003,8,"Low"
13,"Circle",10,3.641889153,1.651893966,8,"Low"
13,"Circle",10,3.872357715,1.444218874,7,"Low"
13,"Circle",11,4.119556914,1.14973262,6,"Low"
13,"Circle",11,3.947669977,1.249045073,6,"Low"
13,"Circle",11,3.665011459,1.050420168,5,"Low"
13,"Circle",12,4.277777778,0.862068966,4,"Low"
13,"Circle",12,3.710727969,0.996168582,5,"Low"
13,"Circle",12,4.017241379,1.302681992,7,"Low"
14,"Tube",1,4.417275703,4.649595687,5,"Low"
14,"Tube",2,3.071301965,4.170445956,5,"Low"
14,"Tube",3,6.161211948,4.342973744,6,"Low"
14,"Tube",4,2.922597378,4.141698502,5,"Low"
14,"Tube",5,7.093548911,2.57503659,7,"Low"
14,"Tube",6,3.894194041,4.505347594,5,"Low"
14,"Tube",7,1.110482655,1.948214555,2,"Low"
14,"Tube",12,7.058359621,2.222003155,7,"Low"
14,"Tube",13,7.11651339,2.815949612,7,"Low"
14,"Tube",14,7.115808824,1.924632353,7,"Low"
14,"Circle",3,2.951517395,2.938564027,7,"Low"
14,"Circle",5,2.502443778,2.247005684,5,"Low"
14,"Circle",7,5.081300813,0.975609756,2,"Low"
14,"Circle",8,3.870988465,0.290373906,1,"Low"
14,"Circle",10,3.707750277,2.770463178,6,"Low"
14,"Circle",11,4.032278912,3.139921969,7,"Low"
14,"Circle",12,3.470119522,2.813412351,7,"Low"
14,"Circle",13,4.495804485,1.340151456,3,"Low"
14,"Circle",14,4.401293876,2.842294623,7,"Low"
14,"Circle",15,2.688925999,2.671721974,6,"Low"
15,"Tube",4,6.919247788,3.622173673,7,"Low"
15,"Tube",7,6.810410334,3.958966565,6,"Low"
15,"Tube",8,6.799003538,3.735587657,7,"Low"
15,"Tube",9,4.585974643,4.179873217,5,"Low"
15,"Tube",10,6.183426073,4.340222576,6,"Low"
15,"Tube",11,6.397533047,4.249597539,6,"Low"
15,"Tube",12,6.143561137,4.162772586,6,"Low"
15,"Tube",13,6.23049922,4.117264041,6,"Low"
15,"Tube",14,6.414722119,1.879090404,7,"Low"
15,"Tube",15,2.793754284,4.282275453,5,"Low"
15,"Circle",1,4.00621118,1.36257764,3,"Low"
15,"Circle",2,4.215456674,1.276346604,3,"Low"
15,"Circle",3,3.176402767,3.380092237,8,"Low"
15,"Circle",4,2.346353516,1.766927734,4,"Low"
15,"Circle",5,4.375805019,1.245173745,2,"Low"
15,"Circle",6,3.469850543,1.215062112,2,"Low"
15,"Circle",7,4.422032583,3.149728472,7,"Low"
15,"Circle",12,4.310556465,1.037915303,2,"Low"
15,"Circle",14,5.024026935,1.100151745,2,"Low"
15,"Circle",15,4.866666667,1.180864815,2,"Low"
16,"Tube",1,2.933713889,1.327156996,4,"Low"
16,"Tube",1,4.599430449,0.887384303,7,"Low"
16,"Tube",4,4.22310757,1.25498008,6,"Low"
16,"Tube",4,4.631474104,0.644920319,7,"Low"
16,"Tube",5,2.871024735,1.300795053,4,"Low"
16,"Tube",5,3.490503534,1.335026502,5,"Low"
16,"Tube",6,4.063962559,1.271450858,6,"Low"
16,"Tube",6,4.329173167,1.35725429,6,"Low"
16,"Tube",8,4.363778298,1.319281811,6,"Low"
16,"Tube",8,4.668227947,1.2509758,6,"Low"
16,"Tube",9,2.820496815,1.067701598,3,"Low"
16,"Tube",10,4.053113553,1.307082418,6,"Low"
16,"Tube",12,2.843567251,1.25,4,"Low"
16,"Tube",13,3.238236384,0.580461282,2,"Low"
16,"Tube",13,3.087563913,1.266519081,4,"Low"
16,"Tube",14,2.842105263,1.221804511,4,"Low"
16,"Tube",14,3.22556391,1.229323308,4,"Low"
16,"Circle",2,3.398904806,1.120518068,7,"Low"
16,"Circle",2,4.267306308,0.98418837,6,"Low"
16,"Circle",5,3.777510064,0.995706522,6,"Low"
16,"Circle",5,3.800322061,1.111111111,7,"Low"
16,"Circle",6,3.774284893,0.853782592,5,"Low"
16,"Circle",6,3.540389187,1.064672163,6,"Low"
16,"Circle",7,3.600898693,0.759803922,4,"Low"
16,"Circle",7,3.676470588,0.949754902,6,"Low"
16,"Circle",8,3.533380682,0.692471591,3,"Low"
16,"Circle",8,3.568892045,0.810842803,4,"Low"
16,"Circle",9,3.670353982,1.115044248,7,"Low"
16,"Circle",9,3.460176991,1.07079646,7,"Low"
16,"Circle",10,3.606770833,0.878183594,5,"Low"
16,"Circle",10,3.334780816,0.896990017,5,"Low"
16,"Circle",11,4.012567325,1.014362657,6,"Low"
16,"Circle",11,3.78665395,0.933572711,5,"Low"
16,"Circle",12,3.513133208,1.053782833,6,"Low"
16,"Circle",12,3.864915572,0.783302064,4,"Low"
16,"Circle",13,3.616492176,0.951317064,6,"Low"
16,"Circle",13,3.671138227,0.668157601,3,"Low"
17,"Tube",3,3.278228925,2.114269142,2,"Low"
17,"Tube",3,3.019464424,2.311162026,2,"Low"
17,"Tube",3,6.174271075,4.42575406,6,"Low"
17,"Tube",5,3.350988701,1.52306968,1,"Low"
17,"Tube",5,2.959039548,2.172787194,2,"Low"
17,"Tube",5,3.661330038,4.698681733,5,"Low"
17,"Tube",6,2.802526596,2.35483156,2,"Low"
17,"Tube",6,2.941046099,2.156471631,2,"Low"
17,"Tube",6,6.040188387,4.502067819,6,"Low"
17,"Tube",7,3.386627907,1.883944544,1,"Low"
17,"Tube",7,2.521243292,2.147808587,2,"Low"
17,"Tube",7,3.605395796,4.262819767,5,"Low"
17,"Tube",8,3.880866426,1.647111913,1,"Low"
17,"Tube",8,2.058513087,2.272863267,2,"Low"
17,"Tube",8,5.068440884,4.400570848,6,"Low"
17,"Tube",9,2.873590226,2.193766447,2,"Low"
17,"Tube",9,2.699718045,2.170270207,2,"Low"
17,"Tube",9,5.655545113,4.755639098,6,"Low"
17,"Tube",10,3.173194752,2.158167036,2,"Low"
17,"Tube",10,2.983494087,2.281350702,2,"Low"
17,"Tube",10,6.231831116,4.342817812,6,"Low"
17,"Tube",11,3.278727445,2.115384615,2,"Low"
17,"Tube",11,2.780151947,2.340930674,2,"Low"
17,"Tube",11,5.69325736,4.618549383,6,"Low"
17,"Tube",12,3.19843342,2.421671018,2,"Low"
17,"Tube",12,3.105598346,2.175080505,2,"Low"
17,"Tube",12,3.286190165,4.276181462,5,"Low"
17,"Tube",14,3.651226158,2.24568574,1,"Low"
17,"Tube",14,2.770208901,2.195731153,2,"Low"
17,"Tube",14,4.554950045,4.291553134,5,"Low"
17,"Circle",2,3.372851498,3.284802413,8,"Low"
17,"Circle",2,4.084858569,3.008180116,7,"Low"
17,"Circle",2,3.37562396,2.487520799,6,"Low"
17,"Circle",3,2.769410141,2.376172189,6,"Low"
17,"Circle",3,2.898260542,2.03313253,5,"Low"
17,"Circle",3,3.771754518,2.92001255,7,"Low"
17,"Circle",4,2.732778021,2.580269264,6,"Low"
17,"Circle",4,3.027583187,2.875072242,7,"Low"
17,"Circle",4,2.979422067,2.447460595,6,"Low"
17,"Circle",5,3.997615741,3.146744529,8,"Low"
17,"Circle",5,3.169191919,2.064393939,5,"Low"
17,"Circle",5,4.022165404,2.93700968,7,"Low"
17,"Circle",7,3.944761905,2.636190476,7,"Low"
17,"Circle",7,3.632380952,2.59047619,6,"Low"
17,"Circle",8,2.624479397,2.530660412,6,"Low"
17,"Circle",8,2.991169978,2.192788815,5,"Low"
17,"Circle",8,3.658940397,2.934142752,7,"Low"
17,"Circle",9,3.342665174,2.523951101,6,"Low"
17,"Circle",9,3.472066069,2.571233669,6,"Low"
17,"Circle",11,2.102479942,1.857525529,4,"Low"
17,"Circle",11,2.537685996,2.200340992,5,"Low"
17,"Circle",11,3.006929249,3.274981765,8,"Low"
17,"Circle",12,3.250929368,2.657992565,7,"Low"
17,"Circle",12,4.336431227,1.464684015,3,"Low"
17,"Circle",12,4.485130112,1.639405204,4,"Low"
17,"Circle",13,3.157602664,2.241953385,5,"Low"
17,"Circle",13,3.790233074,3.039215686,8,"Low"
17,"Circle",13,4.126896041,2.595264521,6,"Low"
18,"Tube",3,2.476340694,1.625262224,4,"Low"
18,"Tube",5,2.473080524,1.499297753,3,"Low"
18,"Tube",6,3.322072072,1.808558559,5,"Low"
18,"Tube",7,2.579545455,1.55,3,"Low"
18,"Tube",8,2.720588235,0.950311943,2,"Low"
18,"Tube",9,2.536880885,1.195856874,3,"Low"
18,"Tube",10,3.17077728,0.971599402,2,"Low"
18,"Tube",10,2.856875934,0.871948804,2,"Low"
18,"Tube",11,3.926744242,1.739443378,5,"Low"
18,"Tube",12,3.925088652,1.817375887,5,"Low"
18,"Tube",12,4.271929825,1.682017544,6,"Low"
18,"Tube",14,3.963733796,1.768518519,5,"Low"
18,"Tube",14,3.963733796,1.768518519,5,"Low"
18,"Circle",2,3.56400665,1.44638404,6,"Low"
18,"Circle",3,3.614931238,1.579076621,7,"Low"
18,"Circle",4,3.711385702,0.968667255,4,"Low"
18,"Circle",5,4.261682855,1.137388091,5,"Low"
18,"Circle",7,3.911474164,1.550784574,7,"Low"
18,"Circle",9,4.196794231,1.487178846,6,"Low"
18,"Circle",11,3.310942266,1.846405229,8,"Low"
18,"Circle",12,3.824515648,1.494038748,7,"Low"
18,"Circle",13,3.316076807,1.379894578,6,"Low"
18,"Circle",14,4.452264172,1.459084302,6,"Low"
19,"Tube",3,3.465099037,1.48099634,1,"Low"
19,"Tube",3,1.83897694,1.738079926,3,"Low"
19,"Tube",3,1.623358449,1.880442034,3,"Low"
19,"Tube",3,4.201796931,3.069799852,5,"Low"
19,"Tube",3,4.158948976,3.277125325,5,"Low"
19,"Tube",4,3.342294721,1.479308407,2,"Low"
19,"Tube",4,2.895894428,1.505376344,2,"Low"
19,"Tube",4,2.267025904,1.481752199,2,"Low"
19,"Tube",4,1.452426686,3.00342131,4,"Low"
19,"Tube",4,5.251710655,3.172043011,6,"Low"
19,"Tube",5,2.771929825,3.287280702,4,"Low"
19,"Tube",5,2.682017544,3.174342105,4,"Low"
19,"Tube",5,3.150219298,3.191885965,5,"Low"
19,"Tube",5,4.813596491,3.248537281,6,"Low"
19,"Tube",6,1.794217687,1.538407738,3,"Low"
19,"Tube",6,1.689343112,1.776502976,3,"Low"
19,"Tube",6,1.56462585,2.00042517,3,"Low"
19,"Tube",6,2.580782313,3.301445578,4,"Low"
19,"Tube",6,3.635204082,3.232355442,5,"Low"
19,"Tube",8,2.247,1.706,2,"Low"
19,"Tube",8,1.631,1.783,3,"Low"
19,"Tube",8,1.859,3.095,4,"Low"
19,"Tube",8,3.748,3.08,5,"Low"
19,"Tube",8,4.567,3.224,5,"Low"
19,"Tube",9,3.603050595,1.54327939,1,"Low"
19,"Tube",9,2.685392485,1.548238467,2,"Low"
19,"Tube",9,2.407613467,1.580481771,2,"Low"
19,"Tube",9,2.305928199,3.064856771,4,"Low"
19,"Tube",9,4.515128348,3.060515253,5,"Low"
19,"Tube",10,1.704182657,1.632226937,3,"Low"
19,"Tube",10,1.554119926,1.922509225,3,"Low"
19,"Tube",10,1.588560886,2.485239852,3,"Low"
19,"Tube",10,1.613160517,2.197416974,3,"Low"
19,"Tube",10,1.637761993,3.138376384,4,"Low"
19,"Tube",12,2.980913174,1.635479042,2,"Low"
19,"Tube",12,2.711452096,1.556886228,2,"Low"
19,"Tube",12,1.693488024,2.362150075,3,"Low"
19,"Tube",12,2.309754865,3.327718937,4,"Low"
19,"Tube",12,2.377120135,3.158059506,4,"Low"
19,"Tube",12,5.160928144,3.364520958,6,"Low"
19,"Tube",13,1.562027231,1.781391831,3,"Low"
19,"Tube",13,1.486384266,2.723146747,3,"Low"
19,"Tube",13,2.237140696,3.34720121,4,"Low"
19,"Tube",13,3.003655446,3.3213559,4,"Low"
19,"Tube",13,3.245712935,3.202849849,5,"Low"
19,"Tube",14,2.445558649,1.629547142,2,"Low"
19,"Tube",14,2.206755754,1.423533779,2,"Low"
19,"Tube",14,1.533036377,1.970428731,3,"Low"
19,"Tube",14,1.79844098,3.170007424,4,"Low"
19,"Tube",14,3.228160728,3.163201559,5,"Low"
19,"Circle",2,3.046052172,1.284635916,4,"Low"
19,"Circle",2,2.98816157,1.712632589,6,"Low"
19,"Circle",2,3.461037266,1.914271096,7,"Low"
19,"Circle",2,3.836997377,1.985821125,7,"Low"
19,"Circle",2,3.533888843,1.499284051,5,"Low"
19,"Circle",4,3.029618474,1.603915663,6,"Low"
19,"Circle",4,3.812751004,0.986445783,3,"Low"
19,"Circle",4,3.674698795,1.596385542,5,"Low"
19,"Circle",4,3.358433735,1.616465863,6,"Low"
19,"Circle",4,4.146586345,0.928714859,3,"Low"
19,"Circle",5,3.056049822,1.977313167,7,"Low"
19,"Circle",5,3.245106762,2.068505338,7,"Low"
19,"Circle",5,3.84934831,1.811238879,6,"Low"
19,"Circle",5,3.75,1.545818505,5,"Low"
19,"Circle",5,3.634341637,1.120996441,3,"Low"
19,"Circle",6,3.190103401,1.061580882,3,"Low"
19,"Circle",6,3.880974265,1.432290901,5,"Low"
19,"Circle",6,3.588389246,2.202819393,8,"Low"
19,"Circle",6,3.326440717,2.069547335,7,"Low"
19,"Circle",7,3.831818182,2.15,8,"Low"
19,"Circle",7,3.595454545,1.040909091,3,"Low"
19,"Circle",7,4.297727273,1.727272727,6,"Low"
19,"Circle",7,4.265909091,1.415909091,5,"Low"
19,"Circle",7,3.904545455,0.870454545,2,"Low"
19,"Circle",8,4.275993119,1.909786697,7,"Low"
19,"Circle",8,3.287461009,1.303516055,4,"Low"
19,"Circle",8,3.78440367,1.956422018,7,"Low"
19,"Circle",8,3.91131422,1.260704128,4,"Low"
19,"Circle",8,3.510704128,1.301988532,4,"Low"
19,"Circle",10,3.120318352,1.917134831,7,"Low"
19,"Circle",10,4.36329588,1.811797753,6,"Low"
19,"Circle",10,3.387172285,1.342071629,4,"Low"
19,"Circle",10,3.636860955,1.952247191,7,"Low"
19,"Circle",10,3.94428839,2.077090356,7,"Low"
19,"Circle",11,3.780344139,2.109975577,7,"Low"
19,"Circle",11,4.476021314,1.904234014,7,"Low"
19,"Circle",11,3.320752664,1.341769538,4,"Low"
19,"Circle",11,3.986827265,1.297364565,4,"Low"
19,"Circle",11,4.227353464,1.114564831,3,"Low"
19,"Circle",13,3.250478011,1.943116635,7,"Low"
19,"Circle",13,3.594646272,1.976577438,7,"Low"
19,"Circle",13,3.291108987,1.479445507,5,"Low"
19,"Circle",13,4.059911568,1.346398184,4,"Low"
19,"Circle",13,4.07584369,1.174314054,4,"Low"
19,"Circle",14,3.120155039,1.151484981,4,"Low"
19,"Circle",14,3.333333333,1.451872578,5,"Low"
19,"Circle",14,4.845767926,1.602066376,6,"Low"
19,"Circle",14,4.635821221,1.542313469,5,"Low"
19,"Circle",14,3.849321705,1.279069767,4,"Low"
20,"Tube",1,2.995555556,1.931111111,2,"Low"
20,"Tube",3,1.641203704,1.753472222,3,"Low"
20,"Tube",4,3.585343228,3.759276438,5,"Low"
20,"Tube",5,1.794842007,1.748373606,2,"Low"
20,"Tube",7,2.242637342,1.744617669,2,"Low"
20,"Tube",8,1.089552239,2.501865672,3,"Low"
20,"Tube",12,1.174765845,2.730997392,3,"Low"
20,"Tube",13,3.935509907,3.763598485,5,"Low"
20,"Tube",14,2.701325883,1.718705363,2,"Low"
20,"Circle",5,4.156322731,1.602017067,5,"Low"
20,"Circle",6,4.154990782,1.599681047,5,"Low"
20,"Circle",7,4.382309942,2.023026316,6,"Low"
20,"Circle",9,3.96606,2.192727273,7,"Low"
20,"Circle",10,4.148455162,1.966842502,6,"Low"
20,"Circle",11,4.06470355,2.072003399,6,"Low"
20,"Circle",12,4.073588831,2.097700525,7,"Low"
20,"Circle",13,3.955580029,2.200807636,7,"Low"
20,"Circle",14,3.110250737,1.366150442,4,"Low"
20,"Circle",15,3.330278592,2.237903226,7,"Low"
