"Colony","Nest","AntID","SFZ","Occur","MeanScaledDist","Density","SFZ_Area","Occur_Area","Freq","Number.ants"
1,"Tube","G,G,G,P",1,6,0.519277176807978,"High",0.216817,1.300902,7,157
1,"Tube","G,Lb,W,Y",0,7,0.70081089841524,"High",0,1.517719,7,157
1,"Tube","G,P,G,G",1,6,0.52872371241694,"High",0.216817,1.300902,8,157
1,"Tube","G,W,Lb,Lb",2,4,0.53525670291772,"High",0.433634,0.867268,8,157
1,"Tube","G,W,W,P",3,4,0.415409371304725,"High",0.650451,0.867268,10,157
1,"Tube","W,Lb,Db,B",1,5,0.688008871736331,"High",0.216817,1.084085,8,157
1,"Tube","W,O,O,W",1,6,0.257640497587354,"High",0.216817,1.300902,7,157
1,"Tube","W,P,O,Y",2,6,0.554881172398078,"High",0.433634,1.300902,8,157
1,"Tube","W,Y,O,Db",1,6,0.355394461489598,"High",0.216817,1.300902,8,157
1,"Tube","W,Y,Y,W",2,7,0.571065382354975,"High",0.433634,1.517719,9,157
1,"Tube","Y,B,O,Y",2,5,0.621311880914323,"High",0.433634,1.084085,7,157
1,"Tube","Y,Db,P,O",0,7,0.541642707208915,"High",0,1.517719,7,157
1,"Tube","Y,Lb,G,W",1,6,0.535019088260204,"High",0.216817,1.300902,7,157
1,"Tube","Y,O,G,G",3,5,0.404337994215861,"High",0.650451,1.084085,9,157
1,"Tube","Y,O,P,P",0,7,0.6213461945522,"High",0,1.517719,7,157
1,"Tube","Y,P,P,B",1,3,0.638393298451125,"High",0.216817,0.650451,8,157
1,"Tube","Y,P,W,O",2,5,0.680386021342479,"High",0.433634,1.084085,8,157
1,"Tube","Y,Y,Lb,O",0,8,0.450572066423777,"High",0,1.734536,8,157
1,"Tube","Y,W,Db,Lb",2,7,0.577823590055057,"High",0.433634,1.517719,9,157
2,"Tube","W,Db,Lb,Y",2,5,0.160301245920971,"High",0.129814,0.324535,8,47
2,"Tube","W,P,W,P",1,6,0.78387404933739,"High",0.064907,0.389442,7,47
2,"Tube","W,Y,G,B",1,6,0.335019610521806,"High",0.064907,0.389442,7,47
2,"Tube","W,Y,Y,W",2,6,0.793890231422205,"High",0.129814,0.389442,9,47
2,"Tube","W,B,O,G",2,5,0.563500306751904,"High",0.129814,0.324535,8,47
2,"Tube","W,P,Lb,Lb",1,6,0.614532882274559,"High",0.064907,0.389442,7,47
3,"Tube","G,W,Db,G",1,4,0.244127925910054,"High",0.2762,1.1048,7,200
3,"Tube","Lb,Y,W,P",2,4,0.831579011504134,"High",0.5524,1.1048,7,200
4,"Tube","Db,Db,O,Lb",2,7,0.52920896402698,"High",0.273438,0.957033,9,99
4,"Tube","Db,G,O,Y",2,5,0.429239165484432,"High",0.273438,0.683595,7,99
4,"Tube","Db,Lb,G,O",3,4,0.329725985269053,"High",0.410157,0.546876,8,99
4,"Tube","Db,O,Db,O",1,4,0.513703262562483,"High",0.136719,0.546876,7,99
4,"Tube","Db,O,O,Db",3,6,0.315646048814804,"High",0.410157,0.820314,9,99
4,"Tube","Db,W,Y,Lb",1,7,0.481941703849397,"High",0.136719,0.957033,9,99
4,"Tube","O,O,Y,B",2,6,0.265860674325433,"High",0.273438,0.820314,10,99
4,"Tube","O,W,W,Lb",2,6,0.534153811682273,"High",0.273438,0.820314,8,99
4,"Tube","O,Y,G,G",2,4,0.41174064666054,"High",0.273438,0.546876,8,99
4,"Tube","Db,Lb,W,B",3,6,0.702420358237244,"High",0.410157,0.820314,9,99
4,"Tube","Db,O,Y,W",0,8,0.445753888002999,"High",0,1.093752,8,99
4,"Tube","O,Y,Y,Lb",0,8,0.514926071906832,"High",0,1.093752,8,99
4,"Tube","Db,P,W,G",1,6,0.438261547938014,"High",0.136719,0.820314,7,99
4,"Tube","O,G,W,O",2,6,0.333539739744368,"High",0.273438,0.820314,8,99
4,"Tube","O,Lb,W,P",3,5,0.405932272117543,"High",0.410157,0.683595,8,99
4,"Tube","O,P,Y,W",2,5,0.403468370349023,"High",0.273438,0.683595,7,99
5,"Tube","Db,Y,G,Lb",2,5,0.298547958933476,"High",0.129814,0.324535,7,47
5,"Tube","O,O,W,W",3,6,0.293234005642333,"High",0.194721,0.389442,9,47
7,"Tube","W,Lb,G,Y",2,5,0.427355173151262,"High",0.281724,0.70431,7,102
7,"Tube","W,Lb,Y,G",3,5,0.647928917808641,"High",0.422586,0.70431,8,102
7,"Tube","W,P,Y,O",1,6,0.501964661767324,"High",0.140862,0.845172,7,102
7,"Tube","W,W,Lb,O",1,7,0.497515561407905,"High",0.140862,0.986034,8,102
7,"Tube","W,Y,W,Y",1,7,0.437847661360664,"High",0.140862,0.986034,8,102
7,"Tube","Y,B,G,Db",1,8,0.46732560986316,"High",0.140862,1.126896,9,102
7,"Tube","Y,B,O,Y",2,7,0.401904954187534,"High",0.281724,0.986034,9,102
7,"Tube","Y,G,Db,O",2,7,0.405179548094775,"High",0.281724,0.986034,10,102
7,"Tube","Y,Lb,W,G",2,5,0.538149118063857,"High",0.281724,0.70431,7,102
7,"Tube","Y,O,W,Db",3,6,0.352082543207699,"High",0.422586,0.845172,9,102
7,"Tube","Y,Y,O,Lb",0,7,0.626591890362835,"High",0,0.986034,7,102
7,"Tube","Y,Db,Db,B",2,6,0.370103135489172,"High",0.281724,0.845172,9,102
7,"Tube","Y,Lb,Db,P",0,7,0.506257004000272,"High",0,0.986034,7,102
9,"Tube","O,G,W,O",1,6,0.604507808209833,"High",0.156053,0.936318,7,113
9,"Tube","O,W,Y,G",2,5,0.46739659208535,"High",0.312106,0.780265,7,113
10,"Tube","Db,G,Y,O",1,6,0.457159238867907,"High",0.150529,0.903174,7,109
10,"Tube","O,O,G,P",0,7,0.596745712489814,"High",0,1.053703,7,109
10,"Tube","O,X,Y,Lb",0,8,0.646705785364912,"High",0,1.204232,8,109
11,"Tube","Db,G,O,Y",1,6,0.628392152960973,"Low",0.24858,1.49148,7,90
11,"Tube","Db,Lb,S,W",2,6,0.30061467278375,"Low",0.49716,1.49148,9,90
11,"Tube","Db,W,Db,W",0,7,0.419471615689793,"Low",0,1.74006,7,90
11,"Tube","O,G,W,O",1,7,0.484058475977221,"Low",0.24858,1.74006,8,90
11,"Tube","O,Lb,W,P",3,4,0.759084232540874,"Low",0.74574,0.99432,7,90
11,"Tube","O,W,W,Lb",2,6,0.352813894585111,"Low",0.49716,1.49148,9,90
11,"Tube","Db,Y,G,Lb",1,7,0.555824566407684,"Low",0.24858,1.74006,8,90
11,"Tube","O,Db,W,S",1,7,0.464310602359256,"Low",0.24858,1.74006,8,90
11,"Tube","O,Y,W,Db",2,5,0.613950202414114,"Low",0.49716,1.2429,7,90
11,"Tube","O,P,W,Y",1,7,0.718739557565606,"Low",0.24858,1.74006,9,90
11,"Tube","Db,G,Lb,Lb",0,7,0.522157083644815,"Low",0,1.74006,7,90
11,"Tube","Db,P,O,O",0,8,0.618238955711378,"Low",0,1.98864,8,90
11,"Tube","Db,G,Y,O",1,5,0.609314403512601,"Low",0.24858,1.2429,7,90
11,"Tube","Db,Lb,O,G",0,8,0.504894069971665,"Low",0,1.98864,8,90
11,"Tube","Db,W,P,P",2,6,0.45577816514661,"Low",0.49716,1.49148,9,90
11,"Tube","Db,Y,S,P",1,7,0.513343648794196,"Low",0.24858,1.74006,8,90
11,"Tube","Db,P,P,Db",1,6,0.351652765713836,"Low",0.24858,1.49148,8,90
11,"Tube","O,O,W,W",1,5,0.817760970665799,"Low",0.24858,1.2429,7,90
11,"Tube","Db,Y,O,W",1,7,0.638595096691094,"Low",0.24858,1.74006,8,90
12,"Tube","Db,P,O,O",1,7,0.607795524319756,"Low",0.229246,1.604722,8,83
12,"Tube","Db,G,Lb,Lb",0,7,0.552434526805337,"Low",0,1.604722,7,83
12,"Tube","Db,W,P,P",1,7,0.555461683637046,"Low",0.229246,1.604722,8,83
12,"Tube","Db,O,Db,O",1,6,0.383924332346016,"Low",0.229246,1.375476,7,83
12,"Tube","Db,O,P,Lb",1,7,0.663773010080117,"Low",0.229246,1.604722,9,83
12,"Tube","Db,G,O,Y",2,5,0.656664762599511,"Low",0.458492,1.14623,7,83
12,"Tube","Db,W,Db,W",0,8,0.476419939661431,"Low",0,1.833968,8,83
12,"Tube","O,P,W,Y",2,5,0.324147144510726,"Low",0.458492,1.14623,9,83
12,"Tube","Db,P,G,W",2,5,0.549515897765527,"Low",0.458492,1.14623,7,83
12,"Tube","Db,Y,P,S",2,4,0.690566063615048,"Low",0.458492,0.916984,8,83
12,"Tube","Db,O,G,S",1,6,0.791645378518551,"Low",0.229246,1.375476,8,83
12,"Tube","Db,Db,Db,Db",0,9,0.46647886421046,"Low",0,2.063214,9,83
12,"Tube","Db,Db,Lb,O",0,8,0.459383572263741,"Low",0,1.833968,8,83
12,"Tube","Lb,Lb,P,G",2,5,0.44262922822966,"Low",0.458492,1.14623,7,83
13,"Tube","Y,S,G,Db",1,6,0.593590884142837,"Low",0.077336,0.464016,7,28
13,"Tube","X,S,Lb,Db",1,6,0.693769972115922,"Low",0.077336,0.464016,7,28
14,"Tube","Db,O,Y,W",1,5,0.682678882783363,"Low",0.444682,2.22341,9,161
14,"Tube","O,G,P,S",1,7,0.539048887593317,"Low",0.444682,3.112774,8,161
14,"Tube","O,Y,O,S",1,5,0.531571656530451,"Low",0.444682,2.22341,8,161
14,"Tube","O,G,G,Lb",1,7,0.54197632445367,"Low",0.444682,3.112774,8,161
14,"Tube","O,Lb,O,Y",0,8,0.51522389137186,"Low",0,3.557456,8,161
14,"Tube","P,P,W,W",2,7,0.333997681838704,"Low",0.889364,3.112774,9,161
14,"Tube","P,W,W,G",2,6,0.34035141352675,"Low",0.889364,2.668092,9,161
14,"Tube","Db,O,S,G",1,7,0.229472649506568,"Low",0.444682,3.112774,8,161
14,"Tube","Lb,Db,S,G",2,5,0.689075427842703,"Low",0.889364,2.22341,7,161
14,"Tube","O,O,W,W",0,7,0.546449301594963,"Low",0,3.112774,7,161
14,"Tube","O,P,O,Db",1,6,0.681387724829792,"Low",0.444682,2.668092,7,161
14,"Tube","Lb,G,P,Y",2,6,0.595623798319363,"Low",0.889364,2.668092,8,161
14,"Tube","Lb,P,P,O",2,4,0.661895324315202,"Low",0.889364,1.778728,7,161
14,"Tube","O,G,S,P",2,5,0.400583035523497,"Low",0.889364,2.22341,7,161
14,"Tube","O,Y,Y,Lb",1,7,0.501142486820228,"Low",0.444682,3.112774,8,161
14,"Tube","O,Db,P,Y",0,7,0.528658225794245,"Low",0,3.112774,7,161
14,"Tube","O,O,Y,S",1,7,0.492960398462199,"Low",0.444682,3.112774,8,161
14,"Tube","O,W,Y,G",1,4,0.824735795366849,"Low",0.444682,1.778728,8,161
14,"Tube","Db,P,O,O",1,6,0.556613976431482,"Low",0.444682,2.668092,7,161
14,"Tube","Db,S,Y,G",2,5,0.481195861058727,"Low",0.889364,2.22341,8,161
14,"Tube","Lb,Db,P,Lb",2,3,0.797128616479478,"Low",0.889364,1.334046,7,161
14,"Tube","O,Db,G,O",1,5,0.675801969983011,"Low",0.444682,2.22341,8,161
14,"Tube","O,S,S,Lb",2,5,0.694181931894266,"Low",0.889364,2.22341,8,161
14,"Tube","O,Y,S,O",2,3,0.790347897337121,"Low",0.889364,1.334046,9,161
14,"Tube","P,S,Y,W",3,6,0.634008479815989,"Low",1.334046,2.668092,9,161
14,"Tube","Db,G,P,W",1,6,0.695276543725841,"Low",0.444682,2.668092,7,161
14,"Tube","Db,W,S,O",2,4,0.529726680735721,"Low",0.889364,1.778728,7,161
14,"Tube","O,Db,S,W",3,5,0.847930702057135,"Low",1.334046,2.22341,8,161
14,"Tube","O,O,S,Y",2,6,0.727892241629875,"Low",0.889364,2.668092,8,161
14,"Tube","P,W,Y,Y",2,7,0.475370686286038,"Low",0.889364,3.112774,9,161
14,"Tube","Db,Db,O,Lb",1,6,0.490245244141766,"Low",0.444682,2.668092,7,161
14,"Tube","O,Lb,S,S",0,7,0.462853886534292,"Low",0,3.112774,7,161
14,"Tube","O,W,S,Db",2,5,0.594356672147999,"Low",0.889364,2.22341,7,161
14,"Tube","P,P,Y,S",2,6,0.7080413562288,"Low",0.889364,2.668092,8,161
15,"Tube","W,Db,S,O",1,7,0.500355557214677,"Low",0.38668,2.70676,8,140
17,"Tube","W,P,Db,G",2,4,0.261913637348068,"Low",0.91146,1.82292,7,165
17,"Tube","W,P,O,G",2,6,0.562722318670638,"Low",0.91146,2.73438,9,165
17,"Tube","Y,P,W,O",1,6,0.587364495039116,"Low",0.45573,2.73438,8,165
17,"Tube","Y,G,O,Db",1,7,0.628231958923582,"Low",0.45573,3.19011,8,165
17,"Tube","Y,O,Y,Lb",2,3,0.284450800106108,"Low",0.91146,1.36719,7,165
17,"Tube","G,Db,Y,Y",2,5,0.701737174990424,"Low",0.91146,2.27865,10,165
17,"Tube","G,Lb,W,S",2,4,0.847239657629577,"Low",0.91146,1.82292,8,165
17,"Tube","Y,Db,G,Y",2,5,0.438450901986632,"Low",0.91146,2.27865,7,165
17,"Tube","Y,Lb,Db,P",1,7,0.631700360520959,"Low",0.45573,3.19011,9,165
17,"Tube","Y,Lb,Lb,S",2,6,0.778409410111553,"Low",0.91146,2.73438,8,165
17,"Tube","Y,Lb,W,G",2,6,0.751519592461428,"Low",0.91146,2.73438,9,165
17,"Tube","Y,Y,Db,Db",1,6,0.403769593592626,"Low",0.45573,2.73438,7,165
17,"Tube","G,P,Y,Lb",2,7,0.747674417402275,"Low",0.91146,3.19011,9,165
17,"Tube","W,O,O,Y",1,5,0.546358540113172,"Low",0.45573,2.27865,7,165
17,"Tube","Y,Db,P,O",2,6,0.774016839234173,"Low",0.91146,2.73438,9,165
17,"Tube","G,G,W,W",1,8,0.584292381897319,"Low",0.45573,3.64584,9,165
17,"Tube","R,O,G,W",2,4,0.657441460659539,"Low",0.91146,1.82292,8,165
17,"Tube","Y,Db,S,Db",1,7,0.592622465292543,"Low",0.45573,3.19011,9,165
17,"Tube","Y,G,S,G",3,5,0.896695174792435,"Low",1.36719,2.27865,9,165
17,"Tube","Y,G,Db,O",1,6,0.58627105682522,"Low",0.45573,2.73438,7,165
17,"Tube","Y,P,S,P",1,6,0.542843457011528,"Low",0.45573,2.73438,10,165
17,"Tube","G,G,Y,S",1,6,0.712518332827209,"Low",0.45573,2.73438,7,165
17,"Tube","W,G,G,W",1,6,0.42169496453445,"Low",0.45573,2.73438,7,165
17,"Tube","Y,Db,Lb,W",1,5,0.239556548797188,"Low",0.45573,2.27865,7,165
17,"Tube","R,S,G,G",2,5,0.483106057286414,"Low",0.91146,2.27865,7,165
17,"Tube","R,W,Y,Db",2,3,0.149277705745306,"Low",0.91146,1.36719,7,165
18,"Tube","W,G,O,O",3,6,0.568365258126607,"Low",0.339726,0.679452,7,41
20,"Tube","Lb,O,W,G",2,4,0.490195637738966,"Low",0.35906,0.71812,7,65
17,"Tube","G,Lb,W,Y",1,1,0.138868176245731,"Low",0.45573,0.45573,7,165
1,"Circle","G,G,G,P",2,5,0.195995441466024,"High",0.433634,1.084085,7,157
1,"Circle","G,Lb,W,Y",1,7,0.207076330086251,"High",0.216817,1.517719,8,157
1,"Circle","G,P,Lb,Y",3,5,0.180992669815048,"High",0.650451,1.084085,8,157
1,"Circle","G,W,Lb,Lb",2,3,0.221570626117939,"High",0.433634,0.650451,8,157
1,"Circle","G,W,W,P",1,4,0.201480237277269,"High",0.216817,0.867268,9,157
1,"Circle","W,G,G,W",0,8,0.175682572985884,"High",0,1.734536,8,157
1,"Circle","W,G,Y,Y",2,6,0.0919147429863374,"High",0.433634,1.300902,8,157
1,"Circle","W,W,Db,Db",2,6,0.137197294832796,"High",0.433634,1.300902,9,157
1,"Circle","W,Y,G,B",1,6,0.148118757223632,"High",0.216817,1.300902,7,157
1,"Circle","Y,B,O,Y",2,6,0.207830489617772,"High",0.433634,1.300902,8,157
1,"Circle","Y,Lb,G,W",1,8,0.209866847711671,"High",0.216817,1.734536,9,157
1,"Circle","Y,O,P,P",2,5,0.247693675423245,"High",0.433634,1.084085,7,157
1,"Circle","Y,O,W,Db",2,4,0.22012432029735,"High",0.433634,0.867268,10,157
1,"Circle","Y,P,W,O",2,5,0.221401653732521,"High",0.433634,1.084085,7,157
1,"Circle","Y,W,Db,Lb",1,9,0.198344159983106,"High",0.216817,1.951353,10,157
1,"Circle","G,P,G,G",3,5,0.226120193642538,"High",0.650451,1.084085,9,157
1,"Circle","W,B,O,G",3,6,0.130716256412607,"High",0.650451,1.300902,9,157
1,"Circle","W,O,O,W",2,6,0.192829807510742,"High",0.433634,1.300902,8,157
1,"Circle","W,P,O,Y",2,6,0.165715322643449,"High",0.433634,1.300902,9,157
1,"Circle","W,W,O,Lb",3,5,0.182821875483869,"High",0.650451,1.084085,8,157
1,"Circle","Y,Db,G,Y",2,5,0.145979991457674,"High",0.433634,1.084085,7,157
1,"Circle","Y,Y,O,Lb",2,5,0.215982872011773,"High",0.433634,1.084085,7,157
2,"Circle","W,Db,Db,W",2,5,0.11315008618718,"High",0.129814,0.324535,7,47
2,"Circle","W,Db,Lb,Y",1,8,0.137563989611016,"High",0.064907,0.519256,9,47
2,"Circle","W,Lb,Lb,W",2,7,0.122799937279206,"High",0.129814,0.454349,9,47
2,"Circle","W,Y,G,B",1,8,0.161862036130995,"High",0.064907,0.519256,10,47
3,"Circle","G,O,O,P",1,5,0.196108503676014,"High",0.2762,1.381,7,200
3,"Circle","G,P,Db,W",1,6,0.186577255273257,"High",0.2762,1.6572,7,200
3,"Circle","Lb,B,W,Db",3,6,0.238380447541374,"High",0.8286,1.6572,9,200
3,"Circle","W,Db,P,P",0,7,0.124529543968245,"High",0,1.9334,7,200
3,"Circle","W,W,O,Lb",2,8,0.108398324081998,"High",0.5524,2.2096,10,200
3,"Circle","Y,O,G,G",2,6,0.113285479007819,"High",0.5524,1.6572,8,200
4,"Circle","Db,B,P,O",0,7,0.160785721511069,"High",0,0.957033,7,99
4,"Circle","Db,Db,G,P",0,7,0.129093953427557,"High",0,0.957033,7,99
4,"Circle","Db,Db,Lb,O",2,7,0.167876886450089,"High",0.273438,0.957033,9,99
4,"Circle","Db,Lb,G,O",0,7,0.149522391404026,"High",0,0.957033,7,99
4,"Circle","Db,O,Lb,P",1,8,0.186465841042128,"High",0.136719,1.093752,10,99
4,"Circle","Db,O,O,Db",1,6,0.18575116101023,"High",0.136719,0.820314,7,99
4,"Circle","Db,W,Y,Lb",0,7,0.136764580597576,"High",0,0.957033,7,99
4,"Circle","Db,Y,Db,Y",0,8,0.152150373760988,"High",0,1.093752,8,99
4,"Circle","O,G,W,O",2,5,0.209125396444044,"High",0.273438,0.683595,7,99
4,"Circle","O,O,Y,B",3,6,0.193387015831322,"High",0.410157,0.820314,9,99
4,"Circle","O,P,Y,W",1,6,0.194221586188667,"High",0.136719,0.820314,8,99
4,"Circle","O,W,W,Lb",2,5,0.137432395211525,"High",0.273438,0.683595,7,99
4,"Circle","O,W,Y,G",1,6,0.164734691843764,"High",0.136719,0.820314,8,99
4,"Circle","O,Y,G,G",3,5,0.200255122688089,"High",0.410157,0.683595,9,99
4,"Circle","O,Y,Y,Lb",3,5,0.094018059662089,"High",0.410157,0.683595,9,99
4,"Circle","Db,B,O,P",2,4,0.134794640538384,"High",0.273438,0.546876,7,99
4,"Circle","Lb,P,P,O",2,5,0.18095335186966,"High",0.273438,0.683595,7,99
5,"Circle","Db,W,G,G",2,7,0.123827708484801,"High",0.129814,0.454349,9,47
5,"Circle","Db,G,G,Db",3,5,0.213312802711904,"High",0.194721,0.324535,9,47
5,"Circle","Db,G,W,P",2,5,0.280841091731864,"High",0.129814,0.324535,10,47
5,"Circle","Lb,Lb,P,G",2,7,0.131349911417948,"High",0.129814,0.454349,9,47
5,"Circle","Lb,Db,P,Lb",3,5,0.151062868158351,"High",0.194721,0.324535,9,47
5,"Circle","O,O,W,W",2,7,0.229821177444002,"High",0.129814,0.454349,9,47
5,"Circle","Db,Y,G,Lb",1,8,0.220752050397216,"High",0.064907,0.519256,9,47
6,"Circle","Db,B,Lb,W",3,5,0.240419859600056,"High",0.194721,0.324535,9,47
6,"Circle","Db,P,G,W",2,5,0.275137015480997,"High",0.129814,0.324535,8,47
6,"Circle","Db,P,O,O",4,5,0.262250354274496,"High",0.259628,0.324535,9,47
6,"Circle","Db,P,W,G",2,6,0.136747906860239,"High",0.129814,0.389442,8,47
6,"Circle","Db,W,W,Db",0,7,0.214135348856505,"High",0,0.454349,7,47
7,"Circle","W,G,Y,Y",2,4,0.0720614371281295,"High",0.281724,0.563448,7,102
7,"Circle","W,W,Lb,O",1,6,0.185411992875032,"High",0.140862,0.845172,7,102
7,"Circle","Y,B,O,Y",1,8,0.179501485080576,"High",0.140862,1.126896,9,102
7,"Circle","Y,Lb,G,W",1,6,0.139472181875035,"High",0.140862,0.845172,7,102
7,"Circle","Y,Y,Lb,O",1,6,0.17457311342528,"High",0.140862,0.845172,8,102
7,"Circle","Y,Y,O,Lb",1,7,0.189458586545658,"High",0.140862,0.986034,8,102
7,"Circle","Y,B,G,Db",2,5,0.201514763097573,"High",0.281724,0.70431,7,102
7,"Circle","Y,G,Db,O",1,6,0.173969055292397,"High",0.140862,0.845172,7,102
7,"Circle","Y,P,Y,Db",2,6,0.156876954481778,"High",0.281724,0.845172,8,102
7,"Circle","Y,G,G,B",1,6,0.196261314234844,"High",0.140862,0.845172,7,102
8,"Circle","W,Y,W,Y",2,4,0.185433623788873,"High",0.05524,0.11048,8,20
9,"Circle","O,W,Y,G",2,5,0.196188621325573,"High",0.312106,0.780265,7,113
9,"Circle","O,X,Lb,Lb",2,3,0.128162346849615,"High",0.312106,0.468159,7,113
11,"Circle","O,P,W,Y",3,6,0.131963636965917,"Low",0.74574,1.49148,9,90
11,"Circle","Db,W,S,O",1,6,0.110389524409132,"Low",0.24858,1.49148,7,90
11,"Circle","O,Lb,W,P",1,6,0.181114007740326,"Low",0.24858,1.49148,7,90
11,"Circle","O,O,W,W",1,8,0.121749764387149,"Low",0.24858,1.98864,9,90
11,"Circle","Db,O,S,G",1,6,0.188128429511975,"Low",0.24858,1.49148,7,90
12,"Circle","Db,Y,Lb,G",2,5,0.102575760792494,"Low",0.458492,1.14623,8,83
12,"Circle","Db,G,Y,O",2,6,0.0920976815229841,"Low",0.458492,1.375476,8,83
12,"Circle","Db,Lb,S,W",1,6,0.134763077038374,"Low",0.229246,1.375476,7,83
12,"Circle","Db,P,G,W",1,7,0.161326746747916,"Low",0.229246,1.604722,8,83
12,"Circle","Db,Db,W,W",1,6,0.157196350282116,"Low",0.229246,1.375476,7,83
12,"Circle","Db,Lb,Db,Lb",0,9,0.175745013210774,"Low",0,2.063214,9,83
12,"Circle","Db,P,Y,Y",1,9,0.144341014194031,"Low",0.229246,2.063214,10,83
12,"Circle","Db,S,O,P",1,9,0.134543778095743,"Low",0.229246,2.063214,10,83
12,"Circle","Db,S,P,O",1,8,0.161888090423162,"Low",0.229246,1.833968,10,83
12,"Circle","Db,S,W,G",0,7,0.168155667076373,"Low",0,1.604722,7,83
12,"Circle","Db,W,P,P",2,7,0.132454378513575,"Low",0.458492,1.604722,9,83
12,"Circle","Db,Db,Db,Db",0,8,0.170444730498395,"Low",0,1.833968,8,83
12,"Circle","Db,Db,Y,S",1,6,0.175448750308186,"Low",0.229246,1.375476,7,83
12,"Circle","Db,Lb,Lb,Db",2,6,0.188529132595894,"Low",0.458492,1.375476,9,83
12,"Circle","Db,O,Db,O",2,7,0.133232605183438,"Low",0.458492,1.604722,9,83
12,"Circle","Db,P,O,O",2,8,0.153205047635028,"Low",0.458492,1.833968,10,83
12,"Circle","Db,W,G,G",1,7,0.198712381696574,"Low",0.229246,1.604722,8,83
12,"Circle","Lb,P,P,O",3,6,0.170191639042749,"Low",0.687738,1.375476,9,83
12,"Circle","Db,W,O,S",2,7,0.179253878950148,"Low",0.458492,1.604722,10,83
12,"Circle","Db,G,Lb,Lb",3,4,0.164812261261818,"Low",0.687738,0.916984,7,83
12,"Circle","Db,G,O,Y",1,5,0.1602755159197,"Low",0.229246,1.14623,9,83
12,"Circle","Db,O,G,S",1,6,0.195800381604859,"Low",0.229246,1.375476,7,83
12,"Circle","Db,W,S,O",1,7,0.176559116919509,"Low",0.229246,1.604722,8,83
12,"Circle","O,P,W,Y",2,6,0.14301943394791,"Low",0.458492,1.375476,8,83
12,"Circle","Db,O,Lb,P",1,6,0.134334883380274,"Low",0.229246,1.375476,7,83
12,"Circle","Db,O,W,Y",2,5,0.0710882297643071,"Low",0.458492,1.14623,7,83
12,"Circle","Lb,Lb,P,G",0,7,0.139248046104922,"Low",0,1.604722,7,83
12,"Circle","Db,Db,Lb,O",1,6,0.184673264293151,"Low",0.229246,1.375476,9,83
12,"Circle","Db,G,P,W",2,7,0.187541603980166,"Low",0.458492,1.604722,9,83
12,"Circle","Db,O,P,Lb",2,4,0.164486275880302,"Low",0.458492,0.916984,8,83
12,"Circle","Db,S,G,Y",1,6,0.159063945884944,"Low",0.229246,1.375476,7,83
12,"Circle","Db,Y,P,S",1,5,0.165987493888077,"Low",0.229246,1.14623,7,83
12,"Circle","Db,S,Lb,W",1,5,0.112883737605178,"Low",0.229246,1.14623,7,83
13,"Circle","X,S,Lb,Db",1,7,0.175386494132236,"Low",0.077336,0.541352,8,28
13,"Circle","Y,P,W,O",1,5,0.0796096595895406,"Low",0.077336,0.38668,7,28
13,"Circle","Y,Db,Lb,W",1,6,0.128860746601113,"Low",0.077336,0.464016,9,28
13,"Circle","Y,Lb,W,G",1,6,0.163741234398163,"Low",0.077336,0.464016,7,28
14,"Circle","O,S,Lb,S",2,5,0.0551751972145734,"Low",0.889364,2.22341,8,161
14,"Circle","O,G,P,S",3,5,0.117861455463128,"Low",1.334046,2.22341,8,161
14,"Circle","O,Y,Db,W",2,3,0.064715255061367,"Low",0.889364,1.334046,7,161
14,"Circle","Db,Db,O,Lb",0,7,0.155830189661745,"Low",0,3.112774,7,161
14,"Circle","Db,O,G,S",1,4,0.0659219754876413,"Low",0.444682,1.778728,7,161
14,"Circle","O,O,S,Y",1,5,0.121902114554444,"Low",0.444682,2.22341,7,161
14,"Circle","O,P,Db,O",0,8,0.122623137528202,"Low",0,3.557456,8,161
14,"Circle","P,P,Y,S",2,5,0.171383277570964,"Low",0.889364,2.22341,7,161
14,"Circle","Db,S,P,O",1,7,0.18492804237423,"Low",0.444682,3.112774,8,161
14,"Circle","O,Db,O,G",2,5,0.138931253642526,"Low",0.889364,2.22341,7,161
14,"Circle","O,G,G,Lb",2,5,0.142462322557703,"Low",0.889364,2.22341,7,161
14,"Circle","O,Lb,G,Db",0,8,0.167527537389411,"Low",0,3.557456,8,161
14,"Circle","O,Y,S,O",2,6,0.116334355820307,"Low",0.889364,2.668092,8,161
14,"Circle","Db,O,Y,W",2,5,0.197330152382246,"Low",0.889364,2.22341,8,161
14,"Circle","Db,P,Y,Y",2,5,0.148360814937534,"Low",0.889364,2.22341,7,161
14,"Circle","O,Db,Db,Lb",1,6,0.144250729258868,"Low",0.444682,2.668092,7,161
14,"Circle","O,P,Lb,P",0,8,0.137333146216263,"Low",0,3.557456,8,161
14,"Circle","Db,Db,G,P",1,8,0.183217565958789,"Low",0.444682,3.557456,9,161
14,"Circle","Db,G,P,W",2,5,0.137251985143841,"Low",0.889364,2.22341,7,161
14,"Circle","O,Lb,S,S",0,7,0.176969388245915,"Low",0,3.112774,7,161
14,"Circle","O,W,S,Db",0,8,0.16434339774641,"Low",0,3.557456,8,161
14,"Circle","O,W,Y,G",1,4,0.183125416095765,"Low",0.444682,1.778728,9,161
14,"Circle","Db,P,O,O",1,4,0.205684812526387,"Low",0.444682,1.778728,9,161
14,"Circle","Db,Y,Lb,G",2,6,0.172202734989573,"Low",0.889364,2.668092,9,161
14,"Circle","Lb,P,P,O",2,6,0.165539147176493,"Low",0.889364,2.668092,9,161
14,"Circle","O,Db,Lb,Db",1,7,0.105293994408202,"Low",0.444682,3.112774,8,161
14,"Circle","O,G,S,P",1,7,0.157370758644601,"Low",0.444682,3.112774,8,161
14,"Circle","O,P,O,Db",1,6,0.168828504183758,"Low",0.444682,2.668092,7,161
14,"Circle","O,S,S,Lb",3,5,0.200467154727445,"Low",1.334046,2.22341,8,161
14,"Circle","P,Db,Y,O",2,8,0.190652715253397,"Low",0.889364,3.557456,10,161
14,"Circle","P,O,Y,P",2,6,0.191845965888545,"Low",0.889364,2.668092,8,161
14,"Circle","O,Db,Y,P",1,7,0.158485318286763,"Low",0.444682,3.112774,8,161
14,"Circle","O,Y,O,S",2,5,0.152124883217993,"Low",0.889364,2.22341,7,161
14,"Circle","Lb,Db,P,Lb",2,4,0.174664814515604,"Low",0.889364,1.778728,7,161
14,"Circle","O,Lb,Lb,Lb",1,6,0.17922323445551,"Low",0.444682,2.668092,9,161
14,"Circle","Db,S,Y,G",2,5,0.144952030081385,"Low",0.889364,2.22341,7,161
15,"Circle","W,O,S,P",2,5,0.119255051578062,"Low",0.77336,1.9334,7,140
15,"Circle","W,P,P,Y",0,7,0.154130753502505,"Low",0,2.70676,7,140
15,"Circle","Y,W,P,Y",0,9,0.177754037348613,"Low",0,3.48012,9,140
15,"Circle","W,Lb,S,Db",0,8,0.142928954390425,"Low",0,3.09344,8,140
15,"Circle","W,Db,S,O",2,7,0.118899810077509,"Low",0.77336,2.70676,10,140
15,"Circle","W,O,P,S",1,7,0.161449828791668,"Low",0.38668,2.70676,8,140
15,"Circle","W,P,S,S",3,6,0.132626277043173,"Low",1.16004,2.32008,9,140
15,"Circle","Y,O,S,O",1,7,0.169486473915791,"Low",0.38668,2.70676,9,140
15,"Circle","Y,S,O,Y",0,8,0.184587958447636,"Low",0,3.09344,8,140
15,"Circle","Y,S,S,S",2,5,0.129793826618632,"Low",0.77336,1.9334,8,140
15,"Circle","W,Lb,P,O",2,7,0.167901577639305,"Low",0.77336,2.70676,9,140
15,"Circle","Y,O,P,P",0,7,0.164987314485228,"Low",0,2.70676,7,140
15,"Circle","Y,O,Y,Lb",0,8,0.191584054385059,"Low",0,3.09344,8,140
15,"Circle","W,S,Y,P",1,8,0.170981669115882,"Low",0.38668,3.09344,9,140
15,"Circle","Y,G,Lb,P",1,7,0.172593212527385,"Low",0.38668,2.70676,8,140
15,"Circle","W,Lb,Db,S",1,6,0.171524091611014,"Low",0.38668,2.32008,7,140
15,"Circle","Y,O,O,S",0,7,0.165670667085612,"Low",0,2.70676,7,140
16,"Circle","W,Db,Y,Lb",1,5,0.166968000026223,"Low",0.04143,0.20715,7,15
17,"Circle","Y,G,Lb,P",2,4,0.0714968532738865,"Low",0.91146,1.82292,9,165
17,"Circle","W,P,O,G",2,6,0.133040583191769,"Low",0.91146,2.73438,8,165
17,"Circle","Y,Db,S,Db",2,5,0.129205658798323,"Low",0.91146,2.27865,8,165
17,"Circle","Y,Db,W,Lb",0,7,0.144720706777908,"Low",0,3.19011,7,165
17,"Circle","Y,P,W,O",1,5,0.100074847378429,"Low",0.45573,2.27865,7,165
17,"Circle","G,Lb,W,S",1,7,0.168494085062803,"Low",0.45573,3.19011,8,165
17,"Circle","G,Y,S,W",2,6,0.180629386054676,"Low",0.91146,2.73438,8,165
17,"Circle","G,Lb,W,Y",2,7,0.16903349338119,"Low",0.91146,3.19011,9,165
17,"Circle","R,Db,W,Y",1,5,0.175472952525062,"Low",0.45573,2.27865,7,165
17,"Circle","R,G,W,S",1,7,0.17681240423233,"Low",0.45573,3.19011,8,165
17,"Circle","R,O,G,W",2,6,0.166833001332502,"Low",0.91146,2.73438,8,165
17,"Circle","R,S,G,G",1,8,0.122638527156245,"Low",0.45573,3.64584,9,165
17,"Circle","Y,Db,Lb,W",3,6,0.173479606866805,"Low",1.36719,2.73438,9,165
17,"Circle","G,Db,Y,Y",2,6,0.173600830823032,"Low",0.91146,2.73438,8,165
17,"Circle","R,W,Y,Db",1,7,0.169313827523378,"Low",0.45573,3.19011,8,165
17,"Circle","G,P,Y,Lb",0,7,0.152508551756438,"Low",0,3.19011,7,165
17,"Circle","Y,Db,P,O",1,6,0.150312829145087,"Low",0.45573,2.73438,7,165
17,"Circle","G,G,Db,Db",3,5,0.183796976243112,"Low",1.36719,2.27865,8,165
17,"Circle","W,O,S,P",0,8,0.162004365694851,"Low",0,3.64584,8,165
17,"Circle","R,Y,Y,O",1,6,0.146833486994656,"Low",0.45573,2.73438,7,165
17,"Circle","R,P,G,Y",1,6,0.138906940792528,"Low",0.45573,2.73438,7,165
20,"Circle","G,Db,S,Lb",2,5,0.115561418730827,"Low",0.35906,0.89765,8,65
20,"Circle","G,O,S,Db",3,6,0.145504063558688,"Low",0.53859,1.07718,9,65
20,"Circle","G,W,Y,O",1,6,0.10868839093527,"Low",0.17953,1.07718,8,65
20,"Circle","G,Db,P,O",1,6,0.147713277937278,"Low",0.17953,1.07718,7,65
20,"Circle","G,S,P,S",1,7,0.119884619219936,"Low",0.17953,1.25671,9,65
20,"Circle","G,W,O,Y",2,6,0.145746383578755,"Low",0.35906,1.07718,9,65
20,"Circle","G,Y,O,G",1,7,0.16329499895968,"Low",0.17953,1.25671,8,65
20,"Circle","G,Lb,O,Db",2,6,0.16960731102751,"Low",0.35906,1.07718,10,65
20,"Circle","Lb,Db,Y,W",3,6,0.179384789586821,"Low",0.53859,1.07718,10,65
20,"Circle","X,P,O,S",2,6,0.193949713963523,"Low",0.35906,1.07718,9,65
20,"Circle","G,G,Db,Db",2,6,0.156311352326324,"Low",0.35906,1.07718,8,65
20,"Circle","Lb,P,W,Lb",1,6,0.158971592038736,"Low",0.17953,1.07718,7,65
20,"Circle","Lb,Y,W,P",1,7,0.167393434339345,"Low",0.17953,1.25671,9,65
20,"Circle","Lb,Lb,W,W",3,5,0.155899573301888,"Low",0.53859,0.89765,10,65
20,"Circle","Lb,O,W,G",2,5,0.189078094363665,"Low",0.35906,0.89765,7,65
20,"Circle","X,W,W,Db",3,5,0.168258730642354,"Low",0.53859,0.89765,10,65
20,"Circle","Y,O,S,O",2,6,0.181400018612857,"Low",0.35906,1.07718,8,65
20,"Circle","Lb,G,W,S",3,6,0.188398608419649,"Low",0.53859,1.07718,10,65
20,"Circle","Y,G,S,G",2,3,0.0816510798090576,"Low",0.35906,0.53859,7,65
20,"Circle","G,O,P,P",1,6,0.090404256070809,"Low",0.17953,1.07718,7,65
20,"Circle","Lb,O,Y,Y",1,5,0.128169548003085,"Low",0.17953,0.89765,7,65
20,"Circle","G,Y,S,W",1,6,0.16771653198646,"Low",0.17953,1.07718,7,65
20,"Circle","Lb,P,Y,G",1,7,0.167970287591467,"Low",0.17953,1.25671,8,65
20,"Circle","G,G,O,Lb",3,6,0.177588193256396,"Low",0.53859,1.07718,9,65
20,"Circle","G,G,S,Y",1,7,0.180107297956236,"Low",0.17953,1.25671,9,65
20,"Circle","Lb,Db,W,Y",2,6,0.169805213401984,"Low",0.35906,1.07718,8,65
20,"Circle","G,Lb,S,G",2,4,0.199591545990132,"Low",0.35906,0.71812,7,65
20,"Circle","Y,Lb,S,Lb",1,7,0.171554047755215,"Low",0.17953,1.25671,8,65
20,"Circle","G,W,P,Y",1,6,0.165100812581361,"Low",0.17953,1.07718,8,65
20,"Circle","X,Y,W,O",3,4,0.183991754787385,"Low",0.53859,0.71812,8,65
20,"Circle","Lb,S,Y,Lb",1,5,0.168527813932221,"Low",0.17953,0.89765,7,65
